-- MySQL dump 10.13  Distrib 5.7.40, for Linux (x86_64)
--
-- Host: localhost    Database: cepre
-- ------------------------------------------------------
-- Server version	5.7.40

/*!40101 SET @OLD_CHARACTER_SET_CLIENT=@@CHARACTER_SET_CLIENT */;
/*!40101 SET @OLD_CHARACTER_SET_RESULTS=@@CHARACTER_SET_RESULTS */;
/*!40101 SET @OLD_COLLATION_CONNECTION=@@COLLATION_CONNECTION */;
/*!40101 SET NAMES utf8 */;
/*!40103 SET @OLD_TIME_ZONE=@@TIME_ZONE */;
/*!40103 SET TIME_ZONE='+00:00' */;
/*!40014 SET @OLD_UNIQUE_CHECKS=@@UNIQUE_CHECKS, UNIQUE_CHECKS=0 */;
/*!40014 SET @OLD_FOREIGN_KEY_CHECKS=@@FOREIGN_KEY_CHECKS, FOREIGN_KEY_CHECKS=0 */;
/*!40101 SET @OLD_SQL_MODE=@@SQL_MODE, SQL_MODE='NO_AUTO_VALUE_ON_ZERO' */;
/*!40111 SET @OLD_SQL_NOTES=@@SQL_NOTES, SQL_NOTES=0 */;

--
-- Table structure for table `app_administrador`
--

DROP TABLE IF EXISTS `app_administrador`;
/*!40101 SET @saved_cs_client     = @@character_set_client */;
/*!40101 SET character_set_client = utf8 */;
CREATE TABLE `app_administrador` (
  `id` bigint(20) NOT NULL AUTO_INCREMENT,
  `fecha_registro` datetime(6) NOT NULL,
  `fecha_actualizacion` datetime(6) NOT NULL,
  `codigo_administrador` varchar(15) DEFAULT NULL,
  `estado` tinyint(1) NOT NULL,
  `user_type_id` bigint(20) NOT NULL,
  PRIMARY KEY (`id`),
  UNIQUE KEY `user_type_id` (`user_type_id`),
  CONSTRAINT `app_administrador_user_type_id_11cd669f_fk_app_customuser_id` FOREIGN KEY (`user_type_id`) REFERENCES `app_customuser` (`id`)
) ENGINE=InnoDB AUTO_INCREMENT=8 DEFAULT CHARSET=latin1;
/*!40101 SET character_set_client = @saved_cs_client */;

--
-- Dumping data for table `app_administrador`
--

LOCK TABLES `app_administrador` WRITE;
/*!40000 ALTER TABLE `app_administrador` DISABLE KEYS */;
INSERT INTO `app_administrador` VALUES (2,'2022-06-15 11:45:27.758846','2022-06-15 11:45:27.758892','98765',1,30),(3,'2022-06-15 11:45:27.758846','2022-06-15 11:45:27.758892','98765',1,34),(4,'2022-06-15 11:45:27.758846','2022-06-15 11:45:27.758892','98765',1,32),(5,'2022-06-15 11:45:27.758846','2022-12-29 11:45:24.724171','98765',1,33),(6,'2022-12-29 16:55:55.209375','2022-12-29 16:55:55.209394','030387',1,41),(7,'2022-06-15 11:45:27.758846','2022-12-29 11:45:24.724171','98765',1,43);
/*!40000 ALTER TABLE `app_administrador` ENABLE KEYS */;
UNLOCK TABLES;

--
-- Table structure for table `app_alternativas_balotario`
--

DROP TABLE IF EXISTS `app_alternativas_balotario`;
/*!40101 SET @saved_cs_client     = @@character_set_client */;
/*!40101 SET character_set_client = utf8 */;
CREATE TABLE `app_alternativas_balotario` (
  `id` bigint(20) NOT NULL AUTO_INCREMENT,
  `fecha_registro` datetime(6) NOT NULL,
  `fecha_actualizacion` datetime(6) NOT NULL,
  `texto_alternativa` longtext NOT NULL,
  `es_respuesta` tinyint(1) NOT NULL,
  `id_balota_id` bigint(20) NOT NULL,
  PRIMARY KEY (`id`),
  KEY `app_alternativas_bal_id_balota_id_29f5b3ce_fk_app_balot` (`id_balota_id`),
  CONSTRAINT `app_alternativas_bal_id_balota_id_29f5b3ce_fk_app_balot` FOREIGN KEY (`id_balota_id`) REFERENCES `app_balota_preguntas_curso` (`id`)
) ENGINE=InnoDB DEFAULT CHARSET=latin1;
/*!40101 SET character_set_client = @saved_cs_client */;

--
-- Dumping data for table `app_alternativas_balotario`
--

LOCK TABLES `app_alternativas_balotario` WRITE;
/*!40000 ALTER TABLE `app_alternativas_balotario` DISABLE KEYS */;
/*!40000 ALTER TABLE `app_alternativas_balotario` ENABLE KEYS */;
UNLOCK TABLES;

--
-- Table structure for table `app_asistencia_docente`
--

DROP TABLE IF EXISTS `app_asistencia_docente`;
/*!40101 SET @saved_cs_client     = @@character_set_client */;
/*!40101 SET character_set_client = utf8 */;
CREATE TABLE `app_asistencia_docente` (
  `id` bigint(20) NOT NULL AUTO_INCREMENT,
  `fecha_registro` datetime(6) NOT NULL,
  `fecha_actualizacion` datetime(6) NOT NULL,
  `fecha_sesion` datetime(6) NOT NULL,
  `estado_asistencia` tinyint(1) NOT NULL,
  `id_horario_id` bigint(20) NOT NULL,
  `observaciones` varchar(300) DEFAULT NULL,
  PRIMARY KEY (`id`),
  KEY `app_asistencia_docente_id_horario_id_abbfa780_fk_app_horario_id` (`id_horario_id`),
  CONSTRAINT `app_asistencia_docente_id_horario_id_abbfa780_fk_app_horario_id` FOREIGN KEY (`id_horario_id`) REFERENCES `app_horario` (`id`)
) ENGINE=InnoDB DEFAULT CHARSET=latin1;
/*!40101 SET character_set_client = @saved_cs_client */;

--
-- Dumping data for table `app_asistencia_docente`
--

LOCK TABLES `app_asistencia_docente` WRITE;
/*!40000 ALTER TABLE `app_asistencia_docente` DISABLE KEYS */;
/*!40000 ALTER TABLE `app_asistencia_docente` ENABLE KEYS */;
UNLOCK TABLES;

--
-- Table structure for table `app_asistencia_estudiante`
--

DROP TABLE IF EXISTS `app_asistencia_estudiante`;
/*!40101 SET @saved_cs_client     = @@character_set_client */;
/*!40101 SET character_set_client = utf8 */;
CREATE TABLE `app_asistencia_estudiante` (
  `id` bigint(20) NOT NULL AUTO_INCREMENT,
  `fecha_registro` datetime(6) NOT NULL,
  `fecha_actualizacion` datetime(6) NOT NULL,
  `fecha_sesion` datetime(6) NOT NULL,
  `estado_asistencia` tinyint(1) NOT NULL,
  `observacion` varchar(500) DEFAULT NULL,
  `id_estudiante_horario_id` bigint(20) NOT NULL,
  PRIMARY KEY (`id`),
  KEY `app_asistencia_estud_id_estudiante_horari_4ea24758_fk_app_estud` (`id_estudiante_horario_id`),
  CONSTRAINT `app_asistencia_estud_id_estudiante_horari_4ea24758_fk_app_estud` FOREIGN KEY (`id_estudiante_horario_id`) REFERENCES `app_estudiante_horario` (`id`)
) ENGINE=InnoDB DEFAULT CHARSET=latin1;
/*!40101 SET character_set_client = @saved_cs_client */;

--
-- Dumping data for table `app_asistencia_estudiante`
--

LOCK TABLES `app_asistencia_estudiante` WRITE;
/*!40000 ALTER TABLE `app_asistencia_estudiante` DISABLE KEYS */;
/*!40000 ALTER TABLE `app_asistencia_estudiante` ENABLE KEYS */;
UNLOCK TABLES;

--
-- Table structure for table `app_aula`
--

DROP TABLE IF EXISTS `app_aula`;
/*!40101 SET @saved_cs_client     = @@character_set_client */;
/*!40101 SET character_set_client = utf8 */;
CREATE TABLE `app_aula` (
  `id` bigint(20) NOT NULL AUTO_INCREMENT,
  `fecha_registro` datetime(6) NOT NULL,
  `fecha_actualizacion` datetime(6) NOT NULL,
  `codigo_aula` varchar(10) DEFAULT NULL,
  `sillas_fijas` int(10) unsigned NOT NULL,
  `sillas_moviles` int(10) unsigned NOT NULL,
  `nro_salon` varchar(10) DEFAULT NULL,
  `tipo_aula` varchar(20) DEFAULT NULL,
  `capacidad` int(10) unsigned DEFAULT NULL,
  `piso` int(10) unsigned DEFAULT NULL,
  `id_pabellon_id` bigint(20) NOT NULL,
  PRIMARY KEY (`id`),
  KEY `app_aula_id_pabellon_id_b2a555f9_fk_app_pabellon_id` (`id_pabellon_id`),
  CONSTRAINT `app_aula_id_pabellon_id_b2a555f9_fk_app_pabellon_id` FOREIGN KEY (`id_pabellon_id`) REFERENCES `app_pabellon` (`id`)
) ENGINE=InnoDB AUTO_INCREMENT=26 DEFAULT CHARSET=latin1;
/*!40101 SET character_set_client = @saved_cs_client */;

--
-- Dumping data for table `app_aula`
--

LOCK TABLES `app_aula` WRITE;
/*!40000 ALTER TABLE `app_aula` DISABLE KEYS */;
INSERT INTO `app_aula` VALUES (1,'2022-06-15 00:16:57.439460','2022-10-25 10:00:55.014372','A-01',0,31,NULL,NULL,31,NULL,1),(2,'2022-06-15 00:16:57.671287','2022-10-25 10:00:55.087592','A-02',0,40,NULL,NULL,40,NULL,1),(3,'2022-06-15 00:16:57.824250','2022-10-25 10:00:55.145881','A-03',0,40,NULL,NULL,40,NULL,1),(4,'2022-06-15 00:16:58.145075','2022-10-25 10:00:55.198695','A-04',0,40,NULL,NULL,40,NULL,1),(5,'2022-06-15 00:16:58.270253','2022-10-25 10:00:55.246099','A-05',0,31,NULL,NULL,31,NULL,1),(6,'2022-06-15 00:16:58.441097','2022-10-25 10:00:55.290415','A-06',0,40,NULL,NULL,40,NULL,1),(7,'2022-06-15 00:16:58.538167','2022-10-25 10:00:55.347411','A-07',0,40,NULL,NULL,40,NULL,1),(8,'2022-06-15 00:16:58.637958','2022-10-25 10:00:55.397296','A-08',0,40,NULL,NULL,40,NULL,1),(9,'2022-06-15 00:16:58.737740','2022-10-25 10:00:55.448484','A-09',0,40,NULL,NULL,40,NULL,2),(10,'2022-06-15 00:16:58.838564','2022-10-25 10:00:55.506806','A-10',0,40,NULL,NULL,40,NULL,2),(11,'2022-06-15 00:16:58.938054','2022-10-25 10:00:55.557691','A-11',0,40,NULL,NULL,40,NULL,2),(12,'2022-06-15 00:16:59.038085','2022-10-25 10:00:55.606770','A-12',0,40,NULL,NULL,40,NULL,3),(13,'2022-06-15 00:16:59.138501','2022-10-25 10:00:55.656784','A-13',0,40,NULL,NULL,40,NULL,3),(14,'2022-06-15 00:16:59.238287','2022-10-25 10:00:55.707122','AUDI',0,0,NULL,NULL,0,NULL,3),(15,'2022-06-15 00:16:59.338236','2022-10-25 10:00:55.756920','L-AAB',0,26,NULL,NULL,26,NULL,1),(16,'2022-06-15 00:16:59.438399','2022-10-25 10:00:55.807097','LAB-BIO',0,20,NULL,NULL,20,NULL,1),(17,'2022-06-15 00:16:59.538934','2022-10-25 10:00:55.857031','LAB-BT',0,56,NULL,NULL,56,NULL,1),(18,'2022-06-15 00:16:59.638669','2022-10-25 10:00:55.906996','L-BFV',0,26,NULL,NULL,26,NULL,1),(19,'2022-06-15 00:16:59.747529','2022-10-25 10:00:55.956969','L-COM',0,39,NULL,NULL,39,NULL,1),(20,'2022-06-15 00:16:59.847944','2022-10-25 10:00:56.007351','L-FI',0,17,NULL,NULL,17,NULL,4),(21,'2022-06-15 00:16:59.982261','2022-10-25 10:00:56.057056','L-FM',0,26,NULL,NULL,26,NULL,1),(22,'2022-06-15 00:17:00.146255','2022-10-25 10:00:56.105674','L-IC',0,17,NULL,NULL,17,NULL,4),(23,'2022-06-15 00:17:00.248543','2022-10-25 10:00:56.157386','L-QM',0,26,NULL,NULL,26,NULL,1),(24,'2022-06-15 00:17:00.349050','2022-10-25 10:00:56.239558','L-SS',0,17,NULL,NULL,17,NULL,4),(25,'2022-06-15 00:17:00.449155','2022-10-25 10:00:56.290182','T-PA',0,56,NULL,NULL,56,NULL,5);
/*!40000 ALTER TABLE `app_aula` ENABLE KEYS */;
UNLOCK TABLES;

--
-- Table structure for table `app_balota_preguntas_curso`
--

DROP TABLE IF EXISTS `app_balota_preguntas_curso`;
/*!40101 SET @saved_cs_client     = @@character_set_client */;
/*!40101 SET character_set_client = utf8 */;
CREATE TABLE `app_balota_preguntas_curso` (
  `id` bigint(20) NOT NULL AUTO_INCREMENT,
  `fecha_registro` datetime(6) NOT NULL,
  `fecha_actualizacion` datetime(6) NOT NULL,
  `texto_pregunta` longtext NOT NULL,
  `img_pregunta` varchar(100) DEFAULT NULL,
  `id_docente_id` bigint(20) NOT NULL,
  `id_padron_curso_grupo_id` bigint(20) NOT NULL,
  PRIMARY KEY (`id`),
  KEY `app_balota_preguntas_id_docente_id_3787a1c3_fk_app_docen` (`id_docente_id`),
  KEY `app_balota_preguntas_id_padron_curso_grup_3f6e64e9_fk_app_padro` (`id_padron_curso_grupo_id`),
  CONSTRAINT `app_balota_preguntas_id_docente_id_3787a1c3_fk_app_docen` FOREIGN KEY (`id_docente_id`) REFERENCES `app_docente` (`id`),
  CONSTRAINT `app_balota_preguntas_id_padron_curso_grup_3f6e64e9_fk_app_padro` FOREIGN KEY (`id_padron_curso_grupo_id`) REFERENCES `app_padron_cursos_grupo` (`id`)
) ENGINE=InnoDB DEFAULT CHARSET=latin1;
/*!40101 SET character_set_client = @saved_cs_client */;

--
-- Dumping data for table `app_balota_preguntas_curso`
--

LOCK TABLES `app_balota_preguntas_curso` WRITE;
/*!40000 ALTER TABLE `app_balota_preguntas_curso` DISABLE KEYS */;
/*!40000 ALTER TABLE `app_balota_preguntas_curso` ENABLE KEYS */;
UNLOCK TABLES;

--
-- Table structure for table `app_ciclo`
--

DROP TABLE IF EXISTS `app_ciclo`;
/*!40101 SET @saved_cs_client     = @@character_set_client */;
/*!40101 SET character_set_client = utf8 */;
CREATE TABLE `app_ciclo` (
  `id` bigint(20) NOT NULL AUTO_INCREMENT,
  `fecha_registro` datetime(6) NOT NULL,
  `fecha_actualizacion` datetime(6) NOT NULL,
  `activo` tinyint(1) NOT NULL,
  `denominacion` varchar(100) NOT NULL,
  `anio` int(10) unsigned NOT NULL,
  `nro_ciclo_de_anio` smallint(5) unsigned NOT NULL,
  `requisitos` longtext,
  `caja_mensaje` longtext,
  `fecha_inicio_ciclo` date DEFAULT NULL,
  `fecha_fin_ciclo` date DEFAULT NULL,
  `fecha_inicio_preinscripcion` date DEFAULT NULL,
  `fecha_fin_preinscripcion` date DEFAULT NULL,
  `fecha_inicio_inscripcion` date DEFAULT NULL,
  `fecha_fin_inscripcion` date DEFAULT NULL,
  `org_unit_path` varchar(100) DEFAULT NULL,
  `estado_publicar` tinyint(1) NOT NULL,
  `portada_ciclo` varchar(100) DEFAULT NULL,
  `id_administrador_id` bigint(20) DEFAULT NULL,
  PRIMARY KEY (`id`),
  KEY `app_ciclo_id_administrador_id_a599ae4b_fk_app_administrador_id` (`id_administrador_id`),
  CONSTRAINT `app_ciclo_id_administrador_id_a599ae4b_fk_app_administrador_id` FOREIGN KEY (`id_administrador_id`) REFERENCES `app_administrador` (`id`)
) ENGINE=InnoDB AUTO_INCREMENT=19 DEFAULT CHARSET=latin1;
/*!40101 SET character_set_client = @saved_cs_client */;

--
-- Dumping data for table `app_ciclo`
--

LOCK TABLES `app_ciclo` WRITE;
/*!40000 ALTER TABLE `app_ciclo` DISABLE KEYS */;
INSERT INTO `app_ciclo` VALUES (16,'2022-12-29 16:32:58.156120','2022-12-29 17:51:30.883762',1,'CICLO 2023-I - Turno Mañana',2022,1,'<p>CICLO 2023-I</p>',NULL,'2023-01-09','2023-03-19','2022-12-26','2023-01-08','2022-12-26','2023-01-08','undefined',1,'',2),(17,'2022-12-29 16:32:58.162700','2022-12-29 17:51:39.504258',1,'CICLO 2023-I - Turno Tarde (Virtual)',2022,1,'<p>CICLO 2023-I</p>',NULL,'2023-01-09','2023-03-19','2022-12-26','2023-01-08','2022-12-26','2023-01-08','undefined',1,'',2),(18,'2022-12-29 16:32:58.162700','2022-12-29 17:51:45.716908',1,'CICLO 2023-I - Turno Tarde (Presencial)',2022,1,'<p>CICLO 2023-I</p>',NULL,'2023-01-09','2023-03-19','2022-12-26','2023-01-08','2022-12-26','2023-01-08','undefined',1,'',2);
/*!40000 ALTER TABLE `app_ciclo` ENABLE KEYS */;
UNLOCK TABLES;

--
-- Table structure for table `app_colegio`
--

DROP TABLE IF EXISTS `app_colegio`;
/*!40101 SET @saved_cs_client     = @@character_set_client */;
/*!40101 SET character_set_client = utf8 */;
CREATE TABLE `app_colegio` (
  `id` bigint(20) NOT NULL AUTO_INCREMENT,
  `fecha_registro` datetime(6) NOT NULL,
  `fecha_actualizacion` datetime(6) NOT NULL,
  `nombre_colegio` varchar(180) NOT NULL,
  `codigo_modular` varchar(10) DEFAULT NULL,
  `direccion_colegio` varchar(200) DEFAULT NULL,
  `ubigeo_nombre` varchar(200) DEFAULT NULL,
  `tipo_colegio` varchar(2) NOT NULL,
  `id_ubigeo_id` varchar(6) DEFAULT NULL,
  PRIMARY KEY (`id`),
  UNIQUE KEY `codigo_modular` (`codigo_modular`),
  KEY `app_colegio_id_ubigeo_id_02e6649e_fk_app_ubigeo_codigo_ubigeo` (`id_ubigeo_id`),
  CONSTRAINT `app_colegio_id_ubigeo_id_02e6649e_fk_app_ubigeo_codigo_ubigeo` FOREIGN KEY (`id_ubigeo_id`) REFERENCES `app_ubigeo` (`codigo_ubigeo`)
) ENGINE=InnoDB AUTO_INCREMENT=1053 DEFAULT CHARSET=latin1;
/*!40101 SET character_set_client = @saved_cs_client */;

--
-- Dumping data for table `app_colegio`
--

LOCK TABLES `app_colegio` WRITE;
/*!40000 ALTER TABLE `app_colegio` DISABLE KEYS */;
INSERT INTO `app_colegio` VALUES (1,'2022-06-15 16:51:00.144090','2022-06-15 16:51:00.144139','CEBA - HORACIO ZEVALLOS GAMEZ','1200807','ANTA','Anta','PU','080301'),(2,'2022-06-15 16:51:00.242654','2022-06-15 16:51:00.242702','CEBA - AMAUTA','1062041','JIRON AGUSTIN GAMARRA 302','Anta','PR','080301'),(3,'2022-06-15 16:51:00.344992','2022-06-15 16:51:00.345012','AGUSTIN GAMARRA','0236422','ANTA S/N','Anta','PU','080301'),(4,'2022-06-15 16:51:00.641656','2022-06-15 16:51:00.641698','CHACAN','0591222','CHACAN S/N','Anta','PU','080301'),(5,'2022-06-15 16:51:00.741598','2022-06-15 16:51:00.741642','JORGE BASADRE','0616110','COMPONE S/N','Anta','PU','080301'),(6,'2022-06-15 16:51:00.842441','2022-06-15 16:51:00.842492','JUAN VELASCO ALVARADO','0931055','CONCHACALLA S/N','Anta','PU','080301'),(7,'2022-06-15 16:51:00.942961','2022-06-15 16:51:00.943010','SAGRADO CORAZON DE JESUS','0931329','PLAZA DE ARMAS S/N','Anta','PU','080301'),(8,'2022-06-15 16:51:01.043231','2022-06-15 16:51:01.043279','ILLARY LA CATOLICA','0930966','JIRON BREÑA S/N','Anta','PR','080301'),(9,'2022-06-15 16:51:01.151310','2022-06-15 16:51:01.151359','FEDERICO VILLARREAL','1388479','JIRON JAQUIJAHUANA 334','Anta','PR','080301'),(10,'2022-06-15 16:51:01.296677','2022-06-15 16:51:01.296725','INMACULADA CONCEPCION','1388511','URB. MARIA CANDELARIA S/N','Anta','PR','080301'),(11,'2022-06-15 16:51:01.397137','2022-06-15 16:51:01.397186','VIRGEN DEL CARMEN','1388545','AVENIDA LOS ANDES S/N','Anta','PR','080301'),(12,'2022-06-15 16:51:01.530408','2022-06-15 16:51:01.530458','CRFA VIRGEN DE NATIVIDAD','1388610','PACCA','Anta','PU','080301'),(13,'2022-06-15 16:51:01.689362','2022-06-15 16:51:01.689412','50100 LA NAVAL','1321322','AVENIDA LOS ANDES S/N','Anta','PU','080301'),(14,'2022-06-15 16:51:01.789239','2022-06-15 16:51:01.789287','SANTA ROSA','1355361','JIRON AGUSTIN GAMARRA 407','Anta','PR','080301'),(15,'2022-06-15 16:51:01.894288','2022-06-15 16:51:01.894331','DIVINO AMOR','1414200','URBANIZACION NUEVA ANTA G 1 DEL DISTRITO DE ANTA','Anta','PR','080301'),(16,'2022-06-15 16:51:02.011440','2022-06-15 16:51:02.011487','MAXWELL','1435395','CALLE PROLONGACION FERROCARRIL S/N PICHOC','Anta','PR','080301'),(17,'2022-06-15 16:51:02.112681','2022-06-15 16:51:02.112725','50098','1739838','CALLE CONFRATERNIDAD S/N','Anta','PU','080301'),(18,'2022-06-15 16:51:02.294647','2022-06-15 16:51:02.294687','EDUCARE','1757426','CALLE INMACULADA CONCEPCION 12 MZ T','Anta','PR','080301'),(19,'2022-06-15 16:51:02.647146','2022-06-15 16:51:02.647193','CCORAHUA','1773027','MZ 5 LOTE C','Anta','PR','080301'),(20,'2022-06-15 16:51:02.827323','2022-06-15 16:51:02.827349','ILLARY','0932483','JIRON BREÑA S/N','Anta','PR','080301'),(21,'2022-08-30 11:22:57.175017','2023-01-03 12:30:38.660510','CEBA - COMERCIO 41','0207530','CALLE MARISCAL GAMARRA 03','Cusco','PU','080101'),(22,'2022-08-30 11:22:57.248553','2023-01-03 12:30:38.666512','CEBA - CLORINDA MATTO DE TURNER','0236810','AVENIDA DE LA CULTURA S/N','Cusco','PU','080101'),(23,'2022-08-30 11:22:57.326080','2023-01-03 12:30:38.671902','CEBA - CIENCIAS','0236828','PARQUE SAN FRANCISCO S/N','Cusco','PU','080101'),(24,'2022-08-30 11:22:57.408543','2023-01-03 12:30:38.676606','CEBA - HUMBERTO LUNA','0497628','AVENIDA CENTENARIO 700','Cusco','PU','080101'),(25,'2022-08-30 11:22:57.477269','2023-01-03 12:30:38.681109','CEBA - SAN FRANCISCO DE BORJA','0782649','PARQUE TRICENTENARIO S/N','Cusco','PU','080101'),(26,'2022-08-30 11:22:57.672287','2023-01-03 12:30:38.685727','CEBA - SAN AGUSTIN','1062488','CALLE SACSAYHUAMAN MZ L LOTE 6','Cusco','PR','080101'),(27,'2022-08-30 11:22:57.750015','2023-01-03 12:30:38.690336','CEBA - PERUANO AMERICANO','1385996','AVENIDA HUAYRUROPATA 803','Cusco','PR','080101'),(28,'2022-08-30 11:22:57.817250','2023-01-03 12:30:38.694734','CEBA - SAN ISIDRO LABRADOR','1062363','CALLE TRES CRUCES DE ORO 505','Cusco','PR','080101'),(29,'2022-08-30 11:22:57.883519','2023-01-03 12:30:38.699383','CEBA - SAN ISIDRO LABRADOR','1062330','CALLE TRES CRUCES DE ORO 505','Cusco','PR','080101'),(30,'2022-08-30 11:22:57.950281','2023-01-03 12:30:38.703719','CEBA - SANTO TOMAS DE AQUINO','1386267','CALLE UMANCHATA 140','Cusco','PR','080101'),(31,'2022-08-30 11:22:58.022752','2023-01-03 12:30:38.707989','CEBA - SANTO TOMAS DE AQUINO','1386275','CALLE UMANCHATA 140','Cusco','PR','080101'),(32,'2022-08-30 11:22:58.109142','2023-01-03 12:30:38.712168','CEBA - ABRAHAM VALDELOMAR','1200351','AVENIDA MANZANARES MZ C LOTE 1','Cusco','PR','080101'),(33,'2022-08-30 11:22:58.183556','2023-01-03 12:30:38.716277','CEBA - INCA GARCILASO DE LA VEGA','0236794','AVENIDA DE LA CULTURA S/N','Cusco','PU','080101'),(34,'2022-08-30 11:22:58.276000','2023-01-03 12:30:38.720501','CEBA - SAN JERONIMO','1767417','PROLONGACION AV. DE LA CULTURA S/N','Cusco','PU','080101'),(35,'2022-08-30 11:22:58.351235','2023-01-03 12:30:38.724593','CLORINDA MATTO DE TURNER','0236109','AVENIDA DE LA CULTURA S/N','Cusco','PU','080101'),(36,'2022-08-30 11:22:58.426481','2023-01-03 12:30:38.728631','CIENCIAS','0236117','PARQUE SAN FRANCISCO S/N','Cusco','PU','080101'),(37,'2022-08-30 11:22:58.500800','2023-01-03 12:30:38.732768','EDUCANDAS','0236224','CALLE TEATRO S/N','Cusco','PU','080101'),(38,'2022-08-30 11:22:58.575362','2023-01-03 12:30:38.736899','FORTUNATO L HERRERA','0236364','AVENIDA DE LA CULTURA 721','Cusco','PU','080101'),(39,'2022-08-30 11:22:58.767368','2023-01-03 12:30:38.740902','SALESIANO','0236687','AVENIDA DON BOSCO S/N','Cusco','PR','080101'),(40,'2022-08-30 11:22:58.874168','2023-01-03 12:30:38.745189','51015 SAN FRANCISCO DE BORJA','0579151','PARQUE TRICENTENARIO S/N','Cusco','PU','080101'),(41,'2022-08-30 11:22:59.018860','2023-01-03 12:30:38.749217','SAN MARTIN DE PORRES','0579227','JIRON AWAQPINTA 600','Cusco','PR','080101'),(42,'2022-08-30 11:22:59.097342','2023-01-03 12:30:38.753253','JOSE PARDO','0579235','AVENIDA PASEO DE LOS HEROES 928','Cusco','PR','080101'),(43,'2022-08-30 11:22:59.166600','2023-01-03 12:30:38.757380','SANTA ROSA DE LIMA','0579243','CALLE AWAQPINTA 676','Cusco','PR','080101'),(44,'2022-08-30 11:22:59.241771','2023-01-03 12:30:38.761671','COMERCIO 41','0207449','CALLE MARISCAL GAMARRA 03','Cusco','PU','080101'),(45,'2022-08-30 11:22:59.317162','2023-01-03 12:30:38.766248','INCA GARCILASO DE LA VEGA','0233056','AVENIDA DE LA CULTURA S/N','Cusco','PU','080101'),(46,'2022-08-30 11:22:59.400606','2023-01-03 12:30:38.770332','SANTA ROSA','0236232','CALLE SAN ANDRES 414','Cusco','PU','080101'),(47,'2022-08-30 11:22:59.475566','2023-01-03 12:30:38.774582','HUMBERTO LUNA','0236349','AVENIDA CENTENARIO 700','Cusco','PU','080101'),(48,'2022-08-30 11:22:59.576483','2023-01-03 12:30:38.778630','SAN ANTONIO ABAD','0236695','AVENIDA DE LA CULTURA 1900','Cusco','PR','080101'),(49,'2022-08-30 11:22:59.870663','2023-01-03 12:30:38.782587','SAN FRANCISCO DE ASIS','0236711','CALLE NUEVA BAJA 483','Cusco','PR','080101'),(50,'2022-08-30 11:22:59.942043','2023-01-03 12:30:38.786590','LA MERCED','0236729','CALLE ALMAGRO 122','Cusco','PR','080101'),(51,'2022-08-30 11:23:00.017471','2023-01-03 12:30:38.792049','MARIA AUXILIADORA','0236737','JIRON PUMACURCO 375','Cusco','PR','080101'),(52,'2022-08-30 11:23:00.089963','2023-01-03 12:30:38.796282','EL CARMELO','0236745','PARQUE SAN BLAS S/N','Cusco','PR','080101'),(53,'2022-08-30 11:23:00.167165','2023-01-03 12:30:38.800191','LAS MERCEDES','0236760','CALLE ARRAYAN 143','Cusco','PR','080101'),(54,'2022-08-30 11:23:00.243878','2023-01-03 12:30:38.804185','SIMON BOLIVAR','0489096','AVENIDA TUPAC AMARU S/N','Cusco','PU','080101'),(55,'2022-08-30 11:23:00.318268','2023-01-03 12:30:38.808392','ISAIAH BOWMAN','0699637','CALLE PERU MZ F LOTE 8-9','Cusco','PR','080101'),(56,'2022-08-30 11:23:00.394008','2023-01-03 12:30:38.812683','50048 LOS INCAS','0785097','CALLE SARA SARA S/N','Cusco','PU','080101'),(57,'2022-08-30 11:23:00.509783','2023-01-03 12:30:38.816672','50002 LUIS VALLEJOS SANTONI','0782664','CALLE AYACUCHO MZ J LOTE 5','Cusco','PU','080101'),(58,'2022-08-30 11:23:00.586025','2023-01-03 12:30:38.820626','ALEJANDRO VON HUMBOLDT','0785089','AVENIDA COLLASUYO 510','Cusco','PR','080101'),(59,'2022-08-30 11:23:00.760881','2023-01-03 12:30:38.824767','SANTA MARIA REYNA','0927939','CALLE YURACPUNCO 63','Cusco','PR','080101'),(60,'2022-08-30 11:23:00.897918','2023-01-03 12:30:38.828753','JUAN LANDAZURI RICKETTS','0928119','CALLE DAVID CHAPARRO 102 ETAPA I','Cusco','PR','080101'),(61,'2022-08-30 11:23:00.976408','2023-01-03 12:30:38.832837','SOR ANA DE LOS ANGELES','0928143','CALLE NUEVA 462','Cusco','PR','080101'),(62,'2022-08-30 11:23:01.051082','2023-01-03 12:30:38.837112','IMPERIO JOHN LOCKE','0928234','AVENIDA CENTENARIO 836','Cusco','PR','080101'),(63,'2022-08-30 11:23:01.143222','2023-01-03 12:30:38.841083','DIVINO MAESTRO','0928267','CALLE PUMAPACCHA 286','Cusco','PR','080101'),(64,'2022-08-30 11:23:01.220139','2023-01-03 12:30:38.845063','ROSA DE AMERICA','0927905','AVENIDA MANZANARES MZ C LOTE 1','Cusco','PR','080101'),(65,'2022-08-30 11:23:01.303953','2023-01-03 12:30:38.849067','INMACULADA CONCEPCION','1061837','CALLE CHAPARRO 231','Cusco','PR','080101'),(66,'2022-08-30 11:23:01.411794','2023-01-03 12:30:38.853018','SEÑOR DE LOS MILAGROS','1060920','CALLE SAN AGUSTIN 287','Cusco','PR','080101'),(67,'2022-08-30 11:23:01.486484','2023-01-03 12:30:38.857329','SANTA URSULA','1061332','CALLE PAVITOS 430','Cusco','PR','080101'),(68,'2022-08-30 11:23:01.560914','2023-01-03 12:30:38.861286','JORGE CHAVEZ CHAPARRO','1061449','AVENIDA MANUEL PRADO S/N','Cusco','PU','080101'),(69,'2022-08-30 11:23:01.652269','2023-01-03 12:30:38.865321','SAN AGUSTIN','0928028','CALLE SACSAYHUAMAN MZ L LOTE 6','Cusco','PR','080101'),(70,'2022-08-30 11:23:01.770287','2023-01-03 12:30:38.869305','PROYECTO INGENIERIA','1200443','AVENIDA REGIONAL 902-A','Cusco','PR','080101'),(71,'2022-08-30 11:23:01.913215','2023-01-03 12:30:38.873244','SUIZO PERUANO','0928416','PQUE. SANTIAGO 533','Cusco','PR','080101'),(72,'2022-08-30 11:23:02.020567','2023-01-03 12:30:38.877194','BLAISE PASCAL DE FRANCIA','0928473','CALLE HOSPITAL 482','Cusco','PR','080101'),(73,'2022-08-30 11:23:02.192238','2023-01-03 12:30:38.881249','DANIEL ALCIDES CARRION','0928564','FIDERANDA S/N','Cusco','PR','080101'),(74,'2022-08-30 11:23:02.315102','2023-01-03 12:30:38.885353','SAN PABLO','0928176','AVENIDA DE LA CULTURA 600','Cusco','PR','080101'),(75,'2022-08-30 11:23:02.475621','2023-01-03 12:30:38.889377','CESAR VALLEJO','0928531','AVENIDA VELASCO ASTETE S/N','Cusco','PR','080101'),(76,'2022-08-30 11:23:02.629513','2023-01-03 12:30:38.893536','FLORENCE NIGHTINGALE','1061126','AVENIDA MANCO CCAPAC 518','Cusco','PR','080101'),(77,'2022-08-30 11:23:02.772702','2023-01-03 12:30:38.897523','AMERICANA DEL CUSCO','1200260','CALLE TOCUYEROS 560','Cusco','PR','080101'),(78,'2022-08-30 11:23:02.870641','2023-01-03 12:30:38.901578','KONRAD ADENAHUER','1200542','CALLE CENTENARIO 810','Cusco','PR','080101'),(79,'2022-08-30 11:23:03.022053','2023-01-03 12:30:38.905572','SAN JUAN DE DIOS','1201623','CALLE SAN JUAN DE DIOS 285','Cusco','PR','080101'),(80,'2022-08-30 11:23:03.166551','2023-01-03 12:30:38.909644','CARRION-SAN JERONIMO','1386069','AVENIDA INFANCIA 508','Cusco','PR','080101'),(81,'2022-08-30 11:23:03.320903','2023-01-03 12:30:38.913808','JUAN BOSCO','1269182','CALLE UMANCHATA 140','Cusco','PR','080101'),(82,'2022-08-30 11:23:03.428821','2023-01-03 12:30:38.917816','BERNABE COBO','1269109','CALLE DESAMPARADOS 141','Cusco','PR','080101'),(83,'2022-08-30 11:23:03.583522','2023-01-03 12:30:38.921802','FRANCISCO Y JACINTA MARTO','1386101','CALLE SIETE CUARTONES 225','Cusco','PR','080101'),(84,'2022-08-30 11:23:03.720897','2023-01-03 12:30:38.926064','JAVIER PEREZ DE CUELLAR','0928382','LARAPA G-2','Cusco','PR','080101'),(85,'2022-08-30 11:23:03.854380','2023-01-03 12:30:38.929982','ARCO IRIS CUSCO','1061258','AVENIDA PROL DE LA CULTURA 95','Cusco','PR','080101'),(86,'2022-08-30 11:23:04.004493','2023-01-03 12:30:38.933949','JOSE ANDRES RAZURI ESTEVEZ','1386671','AVENIDA COLLASUYO 933','Cusco','PR','080101'),(87,'2022-08-30 11:23:04.138388','2023-01-03 12:30:38.937877','TRILCE CUSCO','1304310','AVENIDA DE LA CULTURA 1014','Cusco','PR','080101'),(88,'2022-08-30 11:23:04.289136','2023-01-03 12:30:38.941848','51004 SAN VICENTE DE PAUL','1322593','JIRON SAN VICENTE 331','Cusco','PU','080101'),(89,'2022-08-30 11:23:04.422010','2023-01-03 12:30:38.945972','51003 ROSARIO','1370345','AVENIDA GRAU 725','Cusco','PU','080101'),(90,'2022-08-30 11:23:04.556816','2023-01-03 12:30:38.949935','FORTUNATO L.HERRERA','0236836','AVENIDA DE LA CULTURA 227','Cusco','PU','080101'),(91,'2022-08-30 11:23:04.879264','2023-01-03 12:30:38.953931','INCA GARCILASO DE LA VEGA','1061696','AVENIDA DE LA CULTURA S/N','Cusco','PU','080101'),(92,'2022-08-30 11:23:04.987324','2023-01-03 12:30:38.957916','SAN AGUSTIN','1062249','AVENIDA COLLASUYO MZ C LOTE 7','Cusco','PR','080101'),(93,'2022-08-30 11:23:05.112969','2023-01-03 12:30:38.961973','DIVINO CORAZON','1269349','CALLE PUMAPACCHA 286','Cusco','PR','080101'),(94,'2022-08-30 11:23:05.246666','2023-01-03 12:30:38.965906','BLAISE PASCAL','1387414','CALLE MACHUPICCHU MZ D LOTE 6','Cusco','PR','080101'),(95,'2022-08-30 11:23:05.380388','2023-01-03 12:30:38.969964','DANIEL ALCIDES CARRION','1387463','CALLE SAN JUAN DE DIOS 250','Cusco','PU','080101'),(96,'2022-08-30 11:23:05.564711','2023-01-03 12:30:38.973955','VIRGEN DEL TRANSITO','1387489','CALLE PUMAPACCHA 0236','Cusco','PR','080101'),(97,'2022-08-30 11:23:05.714636','2023-01-03 12:30:38.977854','ABRAHAN VALDELOMAR','1200369','AVENIDA MANZANARES MZ C LOTE 1','Cusco','PR','080101'),(98,'2022-09-08 15:12:44.647559','2023-01-03 23:06:31.873640','CEBA - MARISCAL CASTILLA','1200195','PASAJE LIMA 137','Santa Ana','PR','080901'),(99,'2022-09-08 15:12:44.718769','2023-01-03 23:06:31.881380','CEBA - LA SALLE','1394105','AVENIDA FRANCISCO BOLOGNESI 322','Santa Ana','PR','080901'),(100,'2022-09-08 15:12:44.772332','2023-01-03 23:06:31.887051','CEBA - KONRAD ADENAHUER','1394204','AVENIDA FRANCISCO BOLOGNESI 249','Santa Ana','PR','080901'),(101,'2022-09-08 15:12:44.905778','2023-01-03 23:06:31.892822','CEBA - SANTA ANA','1323112','JIRON JORGE BASADRE 123','Santa Ana','PR','080901'),(102,'2022-09-08 15:12:44.959794','2023-01-03 23:06:31.898249','CEBA - MANCO II','1361021','AVENIDA MIGUEL GRAU 257','Santa Ana','PU','080901'),(103,'2022-09-08 15:12:45.013462','2023-01-03 23:06:31.903361','CEBA - ISAAC NEWTON','1773472','JIRON MARISCAL CACERES S/N MZ A LOTE 4','Santa Ana','PR','080901'),(104,'2022-09-08 15:12:45.074661','2023-01-03 23:06:31.907349','MANCO II','0233098','AVENIDA MIGUEL GRAU 257','Santa Ana','PU','080901'),(105,'2022-09-08 15:12:45.131425','2023-01-03 23:06:31.911253','LA CONVENCION','0233221','AVENIDA MARTIN PIO CONCHA S/N','Santa Ana','PU','080901'),(106,'2022-09-08 15:12:45.186186','2023-01-03 23:06:31.915229','MARISCAL CASTILLA','0235986','PASAJE LIMA 137','Santa Ana','PR','080901'),(107,'2022-09-08 15:12:45.299889','2023-01-03 23:06:31.919424','INA 67','0236919','AVENIDA BOLOGNESI S/N','Santa Ana','PU','080901'),(108,'2022-09-08 15:12:45.353960','2023-01-03 23:06:31.923540','TUPAC AMARU','0579193','HUAYANAY BAJA','Santa Ana','PU','080901'),(109,'2022-09-08 15:12:45.410672','2023-01-03 23:06:31.927473','CHRISTIAN BUES','0621243','ESMERALDA','Santa Ana','PU','080901'),(110,'2022-09-08 15:12:45.468293','2023-01-03 23:06:31.931162','SANTA ANA','0932673','JIRON VILCABAMBA S/N','Santa Ana','PU','080901'),(111,'2022-09-08 15:12:45.629737','2023-01-03 23:06:31.935066','LA INMACULADA','0932707','AVENIDA INDEPENDENCIA 550','Santa Ana','PU','080901'),(112,'2022-09-08 15:12:45.684907','2023-01-03 23:06:31.938948','BUEN MAESTRO','0932731','JIRON LA CONVENCION 155','Santa Ana','PR','080901'),(113,'2022-09-08 15:12:45.741742','2023-01-03 23:06:31.942911','LICEO MEGANTONI','0932764','JIRON ALFONSO UGARTE 212','Santa Ana','PR','080901'),(114,'2022-09-08 15:12:45.797957','2023-01-03 23:06:31.949751','MANCO II AREA TECNICA COMERCIAL','0932798','AVENIDA MIGUEL GRAU 257','Santa Ana','PU','080901'),(115,'2022-09-08 15:12:45.856241','2023-01-03 23:06:31.955263','NUESTRA SEÑORA DE FATIMA','1062520','AVENIDA BOLOGNESI 02','Santa Ana','PR','080901'),(116,'2022-09-08 15:12:45.914687','2023-01-03 23:06:31.959130','ABRAHAM LINCOLN','1062561','AVENIDA QUILLABAMBA','Santa Ana','PR','080901'),(117,'2022-09-08 15:12:45.973134','2023-01-03 23:06:31.962997','SAN AGUSTIN','1200732','PASAJE JORGE BASADRE 123','Santa Ana','PR','080901'),(118,'2022-09-08 15:12:46.057226','2023-01-03 23:06:31.967025','LA SALLE','1201938','AVENIDA FRANCISCO BOLOGNESI 322','Santa Ana','PR','080901'),(119,'2022-09-08 15:12:46.115640','2023-01-03 23:06:31.970911','MARIA MONTESSORI','1393925','JIRON QUILLABAMBA 150','Santa Ana','PR','080901'),(120,'2022-09-08 15:12:46.173493','2023-01-03 23:06:31.974815','CHRISTIAN BUEZ','1393941','JIRON CAHUIDE MZ C LOTE 8','Santa Ana','PR','080901'),(121,'2022-09-08 15:12:46.231812','2023-01-03 23:06:31.978692','QUILLABAMBA','1394022','PASAJE JORGE BASADRE 123','Santa Ana','PR','080901'),(122,'2022-09-08 15:12:46.289855','2023-01-03 23:06:31.982681','51027 JUAN DE LA CRUZ MONTES SALAS','1394121','JIRON INDEPENDENCIA S/N','Santa Ana','PU','080901'),(123,'2022-09-08 15:12:46.364635','2023-01-03 23:06:31.987396','SAN IGNACIO DE LOYOLA','1394303','JIRON CAHUIDE S/N','Santa Ana','PR','080901'),(124,'2022-09-08 15:12:46.425318','2023-01-03 23:06:31.993622','SAN DE LA SAL','1394337','JIRON JORGE BASADRE 123','Santa Ana','PR','080901'),(125,'2022-09-08 15:12:46.515171','2023-01-03 23:06:31.997861','VIRGEN DEL CARMEN','1323138','JIRON MARTIN PIO CONCHA S/N','Santa Ana','PR','080901'),(126,'2022-09-08 15:12:46.573251','2023-01-03 23:06:32.002152','FRAY MARTIN DE PORRES','1324581','BOLOGNESI 425','Santa Ana','PR','080901'),(127,'2022-09-08 15:12:46.682053','2023-01-03 23:06:32.006268','501156 SAGRADO CORAZON DE JESUS','1405232','JARAMILLUYOC','Santa Ana','PU','080901'),(128,'2022-09-08 15:12:46.743908','2023-01-03 23:06:32.010294','TALENTOS DE PITAGORAS','1639186','JIRON MARISCAL CACERES S/N MZ A LOTE 4','Santa Ana','PR','080901'),(129,'2022-09-08 15:12:46.838330','2023-01-03 23:06:32.014486','AURELIO BALDOR','1701044','PASAJE QUILLABAMBA 134','Santa Ana','PR','080901'),(130,'2022-09-08 15:12:46.898499','2023-01-03 23:06:32.018522','MANCO II','0236844','AVENIDA MIGUEL GRAU 257','Santa Ana','PU','080901'),(131,'2022-09-08 15:12:47.023749','2023-01-03 23:06:32.022763','LA SALLE','1201961','QUILLABAMBA','Santa Ana','PR','080901'),(132,'2022-09-08 15:12:47.082287','2023-01-03 23:06:32.026750','PRONESA CHRISTIAN BUEZ','1200757','JIRON CAHUIDE MZ C LOTE 8','Santa Ana','PR','080901'),(133,'2022-09-08 15:12:47.140811','2023-01-03 23:06:32.035166','SAN AGUSTIN','1394188','PASAJE JORGE BASADRE 123','Santa Ana','PR','080901'),(134,'2022-09-08 15:12:47.198939','2023-01-03 23:06:32.042512','KONRAD ADENAHUER','1394212','JIRON QUILLABAMBA S/N','Santa Ana','PR','080901'),(135,'2022-09-08 15:12:47.257431','2023-01-03 23:06:32.051342','SAN IGNACIO DE LOYOLA','1394311','JIRON CAHUIDE S/N','Santa Ana','PR','080901'),(136,'2022-09-08 15:12:47.370948','2023-01-03 23:06:32.058022','SAN DE LA SAL','1394345','JIRON JORGE BASADRE 123','Santa Ana','PR','080901'),(137,'2022-09-08 15:36:54.706087','2022-12-26 08:23:26.643358','CEBA - NUESTRA SEÑORA DE GUADALUPE','1443753','CALLE DEUSTUA 270','Tacna','PR','230101'),(138,'2022-09-08 15:36:54.762358','2022-12-26 08:23:26.649484','CEBA - CORONEL BOLOGNESI','0568675','CALLE MODESTO MOLINA S/N','Tacna','PU','230101'),(139,'2022-09-08 15:36:54.812137','2022-12-26 08:23:26.654978','CEBA - CARLOS ARMANDO LAURA','0615088','AVENIDA CORONEL MENDOZA 1120','Tacna','PU','230101'),(140,'2022-09-08 15:36:54.863871','2022-12-26 08:23:26.659545','CEBA - 42195 WILMA SOTILLO D. BACIGALUPO','0308510','AVENIDA EJERCITO 2105','Tacna','PU','230101'),(141,'2022-09-08 15:36:54.912227','2022-12-26 08:23:26.664149','CEBA - ARTURO JIMENEZ BORJA','1215342','CALLE ALTO DE LIMA 2131','Tacna','PU','230101'),(142,'2022-09-08 15:36:54.959967','2022-12-26 08:23:26.668665','CEBA - ANDRES BELLO','1215417','CALLE HIPOLITO UNANUE 363','Tacna','PR','230101'),(143,'2022-09-08 15:36:55.001700','2022-12-26 08:23:26.672989','CEBA - SAN PEDRO','1215177','CALLE PROGRESO 848','Tacna','PR','230101'),(144,'2022-09-08 15:36:55.047138','2022-12-26 08:23:26.677426','CEBA - JORGE BASADRE GROHMANN','0645838','AVENIDA BASADRE Y FORERO 1960','Tacna','PU','230101'),(145,'2022-09-08 15:36:55.098038','2022-12-26 08:23:26.681884','CEBA - SAN CARLOS','1216092','CALLE SAN CAMILO 955','Tacna','PR','230101'),(146,'2022-09-08 15:36:55.147236','2022-12-26 08:23:26.686117','CEBA - SAN AGUSTIN','1314582','CALLE HIPOLITO UNANUE 278','Tacna','PR','230101'),(147,'2022-09-08 15:36:55.198213','2022-12-26 08:23:26.690366','CEBA - ENRIQUE LOPEZ ALBUJAR','1360916','AVENIDA RESTAURACION 18','Tacna','PU','230101'),(148,'2022-09-08 15:36:55.248010','2022-12-26 08:23:26.694729','CEBA - CRISTO REY DEL NIÑO Y ADOLESCENTE','1415330','CALLE HIPOLITO UNANUE 1365','Tacna','PU','230101'),(149,'2022-09-08 15:36:55.297849','2022-12-26 08:23:26.702167','CEBA - APOSTOL SAN SANTIAGO','1748078','CALLE CORONEL VIDAL 235','Tacna','PR','230101'),(150,'2022-09-08 15:36:55.348059','2022-12-26 08:23:26.715510','SANTA MARIA','1126440','CALLE SIR JONES 47','Tacna','PR','230101'),(151,'2022-09-08 15:36:55.439363','2022-12-26 08:23:26.729303','SAN MARTIN DE PORRES','0216390','CALLE SAN CAMILO 1000','Tacna','PU','230101'),(152,'2022-09-08 15:36:55.491923','2022-12-26 08:23:26.741053','SAN JUAN BOSCO','1126283','CALLE ARICA 117','Tacna','PR','230101'),(153,'2022-09-08 15:36:55.539205','2022-12-26 08:23:26.758147','42019 LASTENIA REJAS DE CASTAÑON','0744888','CALLE MARIA FORERO S/N','Tacna','PU','230101'),(154,'2022-09-08 15:36:55.585129','2022-12-26 08:23:26.769022','SAN JOSE FE Y ALEGRIA 40','0876441','CALLE ARIAS ARAGUEZ 1310','Tacna','PU','230101'),(155,'2022-09-08 15:36:55.735135','2022-12-26 08:23:26.774682','SAN IGNACIO DE LOYOLA','0876490','CALLE SIR JONES 586','Tacna','PR','230101'),(156,'2022-09-08 15:36:55.813050','2022-12-26 08:23:26.779001','SAN AGUSTIN','0876474','CALLE SCORPIO 40','Tacna','PR','230101'),(157,'2022-09-08 15:36:55.865005','2022-12-26 08:23:26.782861','28 DE JULIO','0568311','CALLE MILLER 184','Tacna','PR','230101'),(158,'2022-09-08 15:36:55.915210','2022-12-26 08:23:26.786726','ANTONIO RAIMONDI','1127117','CALLE CORONEL VIDAL 233','Tacna','PR','230101'),(159,'2022-09-08 15:36:55.964853','2022-12-26 08:23:26.790823','NUESTRA SEÑORA DE FATIMA','1127034','CALLE VENEZUELA 320','Tacna','PR','230101'),(160,'2022-09-08 15:36:56.019688','2022-12-26 08:23:26.794837','42217 NUESTROS HEROES DE LA GUERRA DEL PACIFICO','0668764','AVENIDA SACUCINI S/N','Tacna','PU','230101'),(161,'2022-09-08 15:36:56.060901','2022-12-26 08:23:26.799029','43008 JORGE MARTORELL FLORES','1126994','CALLE RAMON COPAJA 118','Tacna','PU','230101'),(162,'2022-09-08 15:36:56.102332','2022-12-26 08:23:26.804191','42006 SAN FRANCISCO DE ASIS','0877308','CALLE MODESTO MOLINA 796','Tacna','PU','230101'),(163,'2022-09-08 15:36:56.186830','2022-12-26 08:23:26.808596','43006 MERCEDES INDACOCHEA','0614966','CALLE 2 DE MAYO 346','Tacna','PU','230101'),(164,'2022-09-08 15:36:56.231212','2022-12-26 08:23:26.812760','CORONEL BOLOGNESI','0309773','CALLE MODESTO MOLINA S/N','Tacna','PU','230101'),(165,'2022-09-08 15:36:56.281160','2022-12-26 08:23:26.816832','FRANCISCO ANTONIO DE ZELA','0309799','CALLE ALTO DE LIMA S/N','Tacna','PU','230101'),(166,'2022-09-08 15:36:56.381327','2022-12-26 08:23:26.820883','43003 CARLOS ARMANDO LAURA','0614933','AVENIDA CORONEL MENDOZA 1120','Tacna','PU','230101'),(167,'2022-09-08 15:36:56.515894','2022-12-26 08:23:26.824917','42010 SANTISIMA NIÑA MARIA','0614990','CALLE PIURA 136','Tacna','PU','230101'),(168,'2022-09-08 15:36:56.565135','2022-12-26 08:23:26.829174','42003 CORONEL GREGORIO ALBARRACIN','0568618','AVENIDA CUZCO 444','Tacna','PU','230101'),(169,'2022-09-08 15:36:56.614728','2022-12-26 08:23:26.833158','SANTA ANA','0472423','CALLE ARICA 338','Tacna','PR','230101'),(170,'2022-09-08 15:36:56.665522','2022-12-26 08:23:26.838188','CRISTO REY','0310227','AVENIDA CRISTO REY 450','Tacna','PR','230101'),(171,'2022-09-08 15:36:56.715166','2022-12-26 08:23:26.842312','43005 MODESTO MOLINA','1126952','AVENIDA PINTO 2162','Tacna','PU','230101'),(172,'2022-09-08 15:36:56.765877','2022-12-26 08:23:26.854419','42195 WILMA SOTILLO D. BACIGALUPO','0616938','AVENIDA EJERCITO 2105','Tacna','PU','230101'),(173,'2022-09-08 15:36:56.815710','2022-12-26 08:23:26.859383','42022 DR. MODESTO MONTESINOS ZAMALLOA','0876383','AVENIDA GREGORIO ALBARRACIN 729','Tacna','PU','230101'),(174,'2022-09-08 15:36:56.862095','2022-12-26 08:23:26.863927','JORGE BASADRE GROHMANN','0568592','AVENIDA BASADRE Y FORERO 1960','Tacna','PU','230101'),(175,'2022-09-08 15:36:56.907393','2022-12-26 08:23:26.870093','MODESTO BASADRE','0310516','AVENIDA HIPOLITO UNANUE 1035','Tacna','PU','230101'),(176,'2022-09-08 15:36:56.957486','2022-12-26 08:23:26.874514','43009 MARIA UGARTECHE DE MACLEAN','0876417','CALLE ZELA 954','Tacna','PU','230101'),(177,'2022-09-08 15:36:57.013645','2022-12-26 08:23:26.879143','IMAGINA SCHOOL','1127075','CALLE SYR JONES 43','Tacna','PR','230101'),(178,'2022-09-08 15:36:57.061931','2022-12-26 08:23:26.883480','EL BUEN PASTOR','0877183','CALLE ALTO DE LIMA 1783','Tacna','PR','230101'),(179,'2022-09-08 15:36:57.104856','2022-12-26 08:23:26.888029','DANIEL COMBONI','1126929','AVENIDA JORGE BASADRE SUR 1458','Tacna','PR','230101'),(180,'2022-09-08 15:36:57.166424','2022-12-26 08:23:26.892393','PARROQUIAL CORAZON DE MARIA','0309831','AVENIDA GREGORIO ALBARRACIN S/N','Tacna','PU','230101'),(181,'2022-09-08 15:36:57.216163','2022-12-26 08:23:26.896776','MIGUEL PRO','1126911','CIUDAD DE DIOS MZ G LOTE 33','Tacna','PU','230101'),(182,'2022-09-08 15:36:57.333816','2022-12-26 08:23:26.901206','CHAMPAGNAT','0309823','AVENIDA RESTAURACION 18','Tacna','PU','230101'),(183,'2022-09-08 15:36:57.383099','2022-12-26 08:23:26.905744','42241 HERMOGENES ARENAS YAÑEZ','1215532','AVENIDA 200 MILLAS S/N','Tacna','PU','230101'),(184,'2022-09-08 15:36:57.433205','2022-12-26 08:23:26.910155','42005 JOSE ROSA ARA','1215425','JOSE ROSA ARA 1840','Tacna','PU','230101'),(185,'2022-09-08 15:36:57.507876','2022-12-26 08:23:26.914284','HERMANAS BARCIA BONIFFATTI','1215813','AVENIDA PINTO 1846','Tacna','PR','230101'),(186,'2022-09-08 15:36:57.558438','2022-12-26 08:23:26.918547','EINSTEIN INNOVADOR S.A.C.','0614875','AVENIDA AUGUSTO B. LEGUIA 1660','Tacna','PR','230101'),(187,'2022-09-08 15:36:57.650427','2022-12-26 08:23:26.922657','ALEXANDER FLEMING','1595552','CALLE URUGUAY MZ B LOTE 10-12','Tacna','PR','230101'),(188,'2022-09-08 15:36:57.708695','2022-12-26 08:23:26.927184','WILLIAM PRESCOTT','1595602','AVENIDA SANTA CRUZ S/N','Tacna','PR','230101'),(189,'2022-09-08 15:36:57.833940','2022-12-26 08:23:26.931500','PEDRO RUIZ GALLO','1595669','CALLE RAMON COPAJA 3','Tacna','PR','230101'),(190,'2022-09-08 15:36:57.892388','2022-12-26 08:23:26.935598','MARISTA DE TACNA','1595883','PASAJE BASADRE Y FORERO 2135','Tacna','PR','230101'),(191,'2022-09-08 15:36:57.949963','2022-12-26 08:23:26.939844','CRISTO SALVADOR','1596022','CALLE SAN MARCOS 1045','Tacna','PR','230101'),(192,'2022-09-08 15:36:58.009289','2022-12-26 08:23:26.944230','FEDERICO VILLARREAL','1595958','CALLE CORONEL VIDAL 745','Tacna','PR','230101'),(193,'2022-09-08 15:36:58.077324','2022-12-26 08:23:26.948374','AMERICANO','1596279','LOS DAMASCOS II ETAPA L-18 M-L','Tacna','PR','230101'),(194,'2022-09-08 15:36:58.145523','2022-12-26 08:23:26.952351','CIMA','1596303','AVENIDA GREGORIO ALBARRACIN 500','Tacna','PR','230101'),(195,'2022-09-08 15:36:58.202062','2022-12-26 08:23:26.956402','SAINT GREGORY AMERICAN COLLEGE','1596378','CALLE VARELA 895','Tacna','PR','230101'),(196,'2022-09-08 15:36:58.276103','2022-12-26 08:23:26.960649','ISAAC NEWTON','0672659','CALLE GIL DE HERRERA 296','Tacna','PR','230101'),(197,'2022-09-08 15:36:58.334859','2022-12-26 08:23:26.964526','EVANGELICO ESPIRITU SANTO','0668798','CALLE VARELA 57 S/N','Tacna','PR','230101'),(198,'2022-09-08 15:36:58.392301','2022-12-26 08:23:26.968764','SAGRADOS CORAZONES','0716829','PESCASEROLI','Tacna','PR','230101'),(199,'2022-09-08 15:36:58.451098','2022-12-26 08:23:26.972740','INDEPENDENCIA AMERICANA','1308865','CALLE CORONEL BUSTIOS 155','Tacna','PR','230101'),(200,'2022-09-08 15:36:58.509427','2022-12-26 08:23:26.976786','ALIPIO PONCE VASQUEZ','1596436','AVENIDA JORGE BASADRE GROHMANN 835','Tacna','PR','230101'),(201,'2022-09-08 15:36:58.567600','2022-12-26 08:23:26.980963','CORONEL GREGORIO ALBARRACIN LANCHIPA','1369578','AVENIDA SAUCINI S/N','Tacna','PU','230101'),(202,'2022-09-08 15:36:58.627017','2022-12-26 08:23:26.984887','CRNL. JUAN VALER SANDOVAL','1377159','AVENIDA MIRAFLORES 355','Tacna','PR','230101'),(203,'2022-09-08 15:36:58.701045','2022-12-26 08:23:26.988865','SAN PABLO','1404987','CALLE GIL DE HERRERA 505','Tacna','PR','230101'),(204,'2022-09-08 15:36:58.845450','2022-12-26 08:23:26.992956','PROCER MARIANO MELGAR VALDIVIESO','1406909','CALLE SAN JOSÉ 315','Tacna','PR','230101'),(205,'2022-09-08 15:36:58.932142','2022-12-26 08:23:26.996940','PEDRO PAULET MOSTAJO','1458710','AVENIDA PINTO 1469','Tacna','PR','230101'),(206,'2022-09-08 15:36:59.153663','2022-12-26 08:23:27.000983','PARAISO DEL NIÑO','1525138','AVENIDA GRAU S/N LOTE F-2 SECTOR SILPAY','Tacna','PR','230101'),(207,'2022-09-08 15:36:59.210313','2022-12-26 08:23:27.004969','TRILCE - TACNA','1540863','AVENIDA VICENTE DAGNINO 271','Tacna','PR','230101'),(208,'2022-09-08 15:36:59.291246','2022-12-26 08:23:27.009039','INTERNACIONAL ELIM','1571959','CALLE ALTO DE LIMA 1307','Tacna','PR','230101'),(209,'2022-09-08 15:36:59.346075','2022-12-26 08:23:27.013055','JUAN PABLO II','1577568','AVENIDA JORGE BASADRE 835','Tacna','PR','230101'),(210,'2022-09-08 15:36:59.466160','2022-12-26 08:23:27.017289','PERUANO NORTEAMERICANO EDWARD KENNEDY','1629146','AVENIDA CUZCO 408','Tacna','PR','230101'),(211,'2022-09-08 15:36:59.524744','2022-12-26 08:23:27.021283','VERDAD Y VIDA - VERITAS ET VITA','1631746','CALLE RAMON COPAJA 397','Tacna','PR','230101'),(212,'2022-09-08 15:36:59.587749','2022-12-26 08:23:27.025244','COAR TACNA','1669548','CARRETERA PANAMERICANA SUR S/N','Tacna','PU','230101'),(213,'2022-09-08 15:36:59.641548','2022-12-26 08:23:27.029328','PERUANO BRITANICO','1694983','MZ L LOTE 16-19','Tacna','PR','230101'),(214,'2022-09-08 15:36:59.700102','2022-12-26 08:23:27.033467','INNOVA SCHOOLS','1698273','CALLE VENEZUELA S/N MZ A LOTE 1','Tacna','PR','230101'),(215,'2022-09-08 15:36:59.758340','2022-12-26 08:23:27.037669','INTERNATIONAL EDWARD SOCIEDAD ANONIMA','1722958','MZ C LOTE 7','Tacna','PR','230101'),(216,'2022-09-08 15:36:59.816583','2022-12-26 08:23:27.041795','SAN ANTONIO MARIA CLARET','1754811','MZ C LOTE 22','Tacna','PR','230101'),(217,'2022-09-08 15:36:59.875129','2022-12-26 08:23:27.045733','PAMER TACNA','1771195','CALLE SAN JOSE 315','Tacna','PR','230101'),(218,'2022-09-08 15:36:59.933407','2022-12-26 08:23:27.049750','42019 LASTENIA REJAS DE CASTAÑON','1127232','CALLE MARIA FORERO S/N','Tacna','PU','230101'),(219,'2022-09-08 15:36:59.991564','2022-12-26 08:23:27.053825','FRANCISCO ANTONIO DE ZELA','0499970','CALLE ALTO DE LIMA S/N','Tacna','PU','230101'),(220,'2022-09-08 15:37:00.048365','2022-12-26 08:23:27.057971','28 DE AGOSTO','1214865','CALLE ITALIA S/N','Tacna','PR','230101'),(221,'2022-09-08 15:37:00.108352','2022-12-26 08:23:27.062058','ENRIQUE LOPEZ ALBUJAR','0568642','AVENIDA RESTAURACION 18','Tacna','PU','230101'),(222,'2022-09-08 15:37:00.196582','2022-12-26 08:23:27.066013','RICARDO PALMA','1596147','CALLE ESCORPIO 70','Tacna','PR','230101'),(223,'2022-09-08 15:37:00.249663','2022-12-26 08:23:27.069980','COLIBRI - PNP','1596345','CALLE ZELA 185','Tacna','PU','230101'),(224,'2022-09-08 15:37:00.308187','2022-12-26 08:23:27.073974','COLIBRI - PNP','1596352','CALLE ZELA 185','Tacna','PU','230101'),(225,'2022-09-08 15:37:00.363245','2022-12-26 08:23:27.078061','28 DE AGOSTO','1127406','CALLE ITALIA S/N','Tacna','PR','230101'),(226,'2022-09-08 15:37:00.413744','2022-12-26 08:23:27.082169','SAN MARTIN DE PORRES','0568568','CALLE SAN CAMILO 1000','Tacna','PR','230101'),(227,'2022-09-08 15:37:00.474994','2022-12-26 08:23:27.086753','TACNA','1215623','CALLE ALTO DE LIMA 2131','Tacna','PU','230101'),(228,'2022-09-09 00:50:30.835724','2022-09-09 00:50:30.835771','JOSE FAUSTINO SANCHEZ CARRION','0641407','YANACANCHA','Chumuch','PU','060302'),(229,'2022-09-09 00:50:30.906895','2022-09-09 00:50:30.906945','MARISCAL RAMON CASTILLA','1109305','CHUMUCH','Chumuch','PU','060302'),(230,'2022-09-09 00:50:30.965594','2022-09-09 00:50:30.965645','MANUEL ASCENCIO SEGURA','1210723','NUEVA LAGUNA','Chumuch','PR','060302'),(231,'2022-09-09 00:50:31.024756','2022-09-09 00:50:31.024807','MANUEL ASCENCIO SEGURA','1360577','JIRON TOMAS CHAVEZ S/N','Chumuch','PU','060302'),(232,'2022-09-09 00:50:31.081803','2022-09-09 00:50:31.081849','ANDRES AVELINO CACERES','1368539','NUEVO BELLA AURORA','Chumuch','PR','060302'),(233,'2022-09-09 00:50:31.140284','2022-09-09 00:50:31.140330','JUAN VELASCO ALVARADO','1452622','AGUA SANTA','Chumuch','PU','060302'),(234,'2022-09-09 00:50:31.198622','2022-09-09 00:50:31.198669','SAGRADO CORAZON DE JESUS','1727718','TRES DE OCTUBRE','Chumuch','PR','060302'),(235,'2022-09-09 00:50:31.265211','2022-09-09 00:50:31.265257','NUEVO BELLA AURORA','1773720','NUEVO BELLA AURORA','Chumuch','PU','060302'),(236,'2022-09-09 01:06:57.795344','2022-09-09 01:15:08.080109','CEBA - JOSE GALVEZ','0390997','AVENIDA LEONCIO MARTINEZ 180','Cajabamba','PU','060201'),(237,'2022-09-09 01:06:57.860905','2022-09-09 01:15:08.239366','CEBA - CMDTE.LEONCIO MARTINEZ VEREAU','1228402','JIRON BALTA 420','Cajabamba','PU','060201'),(238,'2022-09-09 01:06:57.911927','2022-09-09 01:15:08.377304','CEBA - LUIS GERMAN OSORIO SABOGAL','1135532','JIRON JOSE SABOGAL 844','Cajabamba','PR','060201'),(239,'2022-09-09 01:06:57.969498','2022-09-09 01:15:08.568083','CEBA - CMDTE.LEONCIO MARTINEZ VEREAU','1358001','JIRON BALTA 420','Cajabamba','PU','060201'),(240,'2022-09-09 01:06:58.057027','2022-09-09 01:15:08.710746','JOSE A.SABOGAL DIEGUEZ','0544007','PARUBAMBA S/N','Cajabamba','PU','060201'),(241,'2022-09-09 01:06:58.112552','2022-09-09 01:15:08.860805','NUESTRA SEÑORA DEL ROSARIO','0390682','JIRON JOSE SABOGAL 541','Cajabamba','PU','060201'),(242,'2022-09-09 01:06:58.171178','2022-09-09 01:15:09.037094','JOSE GALVEZ','0390674','AVENIDA LEONCIO MARTINEZ 180','Cajabamba','PU','060201'),(243,'2022-09-09 01:06:58.229576','2022-09-09 01:15:09.202912','MICAELA BASTIDAS','0391102','JIRON CELSO BENIGNO CALDERON 203','Cajabamba','PU','060201'),(244,'2022-09-09 01:06:58.288755','2022-09-09 01:15:09.328816','MANUEL GONZALES PRADA','0771709','CHANSHAPAMBA','Cajabamba','PU','060201'),(245,'2022-09-09 01:06:58.362475','2022-09-09 01:15:09.453961','CMDTE.LEONCIO MARTINEZ VEREAU','0391110','JIRON BALTA 420','Cajabamba','PU','060201'),(246,'2022-09-09 01:06:58.421387','2022-09-09 01:15:09.579659','SAN IGNACIO DE LOYOLA','1211838','JIRON BLONDEL 278','Cajabamba','PR','060201'),(247,'2022-09-09 01:06:58.479308','2022-09-09 01:15:09.712023','SAN JOSE MARELLO VIALE','1359132','JIRON LEONCIO PRADO S/N','Cajabamba','PU','060201'),(248,'2022-09-09 01:06:58.539077','2022-09-09 01:15:09.870947','MUNICIPAL NUÑUMABAMBA','1359256','CARRETERA NUÑUMABAMBA','Cajabamba','PU','060201'),(249,'2022-09-09 01:06:58.596179','2022-09-09 01:15:09.996749','INTERNACIONAL ELIM','1359389','JIRON CELSO BENIGNO CALDERON 504','Cajabamba','PR','060201'),(250,'2022-09-09 01:06:58.654911','2022-09-09 01:15:10.132957','PITAGORAS','1344662','JIRON LA TORRE 867','Cajabamba','PR','060201'),(251,'2022-09-09 01:06:58.753813','2022-09-09 01:15:10.255480','COLCAS','1361591','COLCAS','Cajabamba','PU','060201'),(252,'2022-09-09 01:06:58.823190','2022-09-09 01:15:10.414894','COLCABAMBA','1663616','COLCABAMBA','Cajabamba','PU','060201'),(253,'2022-09-09 01:06:58.884854','2022-09-09 01:15:10.531175','82294','1760875','CUNGUNDAY S/N','Cajabamba','PU','060201'),(254,'2022-09-09 01:06:58.946515','2022-09-09 01:15:10.681281','LUIS GERMAN OSORIO SABOGAL','1359173','JIRON JOSE SABOGAL 844','Cajabamba','PR','060201'),(255,'2022-09-09 09:24:58.205429','2022-12-26 08:30:47.218162','CEBA - MARIANO MELGAR','0239657','AVENIDA PEDRO VILCAPAZA S/N','Ayaviri','PU','210801'),(256,'2022-09-09 09:24:58.275917','2022-12-26 08:30:47.229920','CEBA - NUESTRA SEÑORA DE ALTA GRACIA','0751636','JIRON 2 DE MAYO S/N','Ayaviri','PU','210801'),(257,'2022-09-09 09:24:58.321881','2022-12-26 08:30:47.238482','CEBA - ANDRES BELLO','1029701','JIRON LA MAR 183','Ayaviri','PU','210801'),(258,'2022-09-09 09:24:58.375128','2022-12-26 08:30:47.242108','CEBA - MARIANO MELGAR','1360817','AVENIDA PEDRO VILCAPAZA S/N','Ayaviri','PU','210801'),(259,'2022-09-09 09:24:58.426412','2022-12-26 08:30:47.249071','CEBA - MANCO CAPAC','1360825','JIRON AZANGARO S/N','Ayaviri','PU','210801'),(260,'2022-09-09 09:24:58.492509','2022-12-26 08:30:47.252744','72','0239707','JIRON 2 DE MAYO','Ayaviri','PU','210801'),(261,'2022-09-09 09:24:58.542034','2022-12-26 08:30:47.256450','MARIANO MELGAR','0478032','AVENIDA PEDRO VILCAPAZA S/N','Ayaviri','PU','210801'),(262,'2022-09-09 09:24:58.591729','2022-12-26 08:30:47.259958','NUESTRA SEÑORA DE ALTA GRACIA','0478040','JIRON 2 DE MAYO S/N','Ayaviri','PU','210801'),(263,'2022-09-09 09:24:58.643676','2022-12-26 08:30:47.263414','PEDRO KALBERMATER','0809848','JIRON MOQUEGUA 730','Ayaviri','PR','210801'),(264,'2022-09-09 09:24:58.700583','2022-12-26 08:30:47.266957','ROQUE SAENZ PEÑA','1028349','JIRON AREQUIPA 1110','Ayaviri','PU','210801'),(265,'2022-09-09 09:24:58.749596','2022-12-26 08:30:47.270483','CORAZON DE JESUS','1028422','JIRON GRAU 274','Ayaviri','PR','210801'),(266,'2022-09-09 09:24:58.800880','2022-12-26 08:30:47.273967','CESAR VALLEJO','1259522','JIRON 25 DE DICIEMBRE 530','Ayaviri','PR','210801'),(267,'2022-09-09 09:24:58.850749','2022-12-26 08:30:47.277542','ROSENDO HUIRSE','1580075','JIRON GRAU','Ayaviri','PR','210801'),(268,'2022-09-09 09:24:58.909827','2022-12-26 08:30:47.281154','CESGNE CORAZON DE JESUS','1580141','JIRON GRAU 325','Ayaviri','PR','210801'),(269,'2022-09-09 09:24:58.969129','2022-12-26 08:30:47.284919','SAN FRANCISCO DE ASIS','1413962','JIRON SAN MARTIN 154','Ayaviri','PU','210801'),(270,'2022-09-09 09:24:59.019180','2022-12-26 08:30:47.288503','MANCO CAPAC','0809855','AVENIDA MANCO CAPAC 359','Ayaviri','PU','210801'),(271,'2022-09-09 09:27:51.987790','2022-09-09 09:27:51.987825','INKA PACHAKUTEQ','0621698','PIRHUA','Ocobamba','PU','080905'),(272,'2022-09-09 09:27:52.046626','2022-09-09 09:27:52.046674','SAN JUAN BAUTISTA','0718551','VERSALLES','Ocobamba','PU','080905'),(273,'2022-09-09 09:27:52.099539','2022-09-09 09:27:52.099590','SAN LORENZO','0718569','SAN LORENZO S/N','Ocobamba','PU','080905'),(274,'2022-09-09 09:55:25.363715','2023-01-03 14:06:14.891794','CEBA - FRAY MARTIN DE PORRES','1358167','JIRON QUILLABAMBA S/N','Quellouno','PR','080906'),(275,'2022-09-09 09:55:25.434481','2023-01-03 14:06:14.898074','50817','1389378','YAVERO','Quellouno','PU','080906'),(276,'2022-09-09 09:55:25.493324','2023-01-03 14:06:14.902676','JAVIER HERAUD PEREZ','0621722','PUENTE SANTIAGO','Quellouno','PU','080906'),(277,'2022-09-09 09:55:25.561857','2023-01-03 14:06:14.907267','JOSE ANTONIO ENCINAS FRANCO','0718502','CANELON S/N','Quellouno','PU','080906'),(278,'2022-09-09 09:55:25.612042','2023-01-03 14:06:14.911465','JOSE OLAYA','0497552','CALLE TUPAC AMARU S/N','Quellouno','PU','080906'),(279,'2022-09-09 09:55:25.669059','2023-01-03 14:06:14.915617','INCA GARCILASO DE LA VEGA','0783118','PAMPA ESPERANZA S/N','Quellouno','PU','080906'),(280,'2022-09-09 09:55:25.719824','2023-01-03 14:06:14.919913','SAN LUIS GONZAGA','1201201','CHAPO CHICO','Quellouno','PR','080906'),(281,'2022-09-09 09:55:25.770457','2023-01-03 14:06:14.923971','NUEVA CONVENCION','1394030','LACCO YAVERO S/N','Quellouno','PU','080906'),(282,'2022-09-09 09:55:25.825768','2023-01-03 14:06:14.928008','SAGRADO CORAZON DE JESUS - ANCHIHUAY','1407105','ANCHIHUAY','Quellouno','PU','080906'),(283,'2022-09-09 09:55:25.875654','2023-01-03 14:06:14.932151','501419 ESTRELLA','1463827','ESTRELLA BOCA YABERO','Quellouno','PU','080906'),(284,'2022-09-09 09:55:25.928375','2023-01-03 14:06:14.936107','CRFA MOSOQ LLACTA','1530732','CHAPO CHICO SECTOR CHAPO CHICO','Quellouno','PU','080906'),(285,'2022-09-09 09:55:25.973706','2023-01-03 14:06:14.940331','CRFA WIÑAY QORIWAYNA','1766021','HILLCAPAMPA SECTOR HUILLCAPAMPA','Quellouno','PU','080906'),(286,'2022-09-09 09:55:26.234713','2023-01-03 14:06:14.944375','CRFA WIÑAY CONVENCION','1766039','MEDIA LUNA SECTOR MEDIA LUNA','Quellouno','PU','080906'),(287,'2022-09-09 09:55:26.309986','2023-01-03 14:06:14.948320','LA SALLE','1394287','JIRON QUILLABAMBA S/N','Quellouno','PR','080906'),(288,'2022-09-09 10:22:44.080658','2022-09-09 10:22:44.080700','CEBA - NIÑOS DE LA VIRGEN DE COPACABANA','1692086','CALLE 05 Y 07','Mariano Nicolás Valcárcel','PR','040203'),(289,'2022-09-09 10:22:44.172086','2022-09-09 10:22:44.172130','40194','1527001','CALLE PRINCIPAL S/N','Mariano Nicolás Valcárcel','PU','040203'),(290,'2022-09-09 10:22:44.225334','2022-09-09 10:22:44.225441','GRAN SABIO ALBERT EINSTEIN','1654573','CALLE 8 S/N','Mariano Nicolás Valcárcel','PR','040203'),(291,'2022-09-09 10:22:44.275415','2022-09-09 10:22:44.275463','CRISTO REY DE REYES','1686823','MZ C LOTE 3','Mariano Nicolás Valcárcel','PR','040203'),(292,'2022-09-09 10:22:44.325043','2022-09-09 10:22:44.325093','NIÑOS DE LA VIRGEN DE COPACABANA','1692078','CALLE 05 Y 07','Mariano Nicolás Valcárcel','PR','040203'),(293,'2022-09-09 10:22:44.376308','2022-09-09 10:22:44.376362','40667 CRISTO MORADO','1749373','SAN JOSE','Mariano Nicolás Valcárcel','PU','040203'),(294,'2022-09-09 10:22:44.426582','2022-09-09 10:22:44.426636','40234 JUAN PABLO II','1773258','CALLE NICOLAS DE PIEROLA S/N','Mariano Nicolás Valcárcel','PU','040203'),(295,'2022-09-09 10:23:23.537851','2022-12-28 18:50:57.573263','URIEL GARCIA','0489161','CALIXTO SANCHEZ S/N','Santa Teresa','PU','080908'),(296,'2022-09-09 10:23:23.601109','2022-12-28 18:50:57.581695','VIRGEN DEL CARMEN','0750406','SULLUCUYOC','Santa Teresa','PU','080908'),(297,'2022-09-09 10:23:23.651607','2022-12-28 18:50:57.587692','ALTO SALKANTAY','0783050','SAHUAYACO','Santa Teresa','PU','080908'),(298,'2022-09-09 10:23:23.701478','2022-12-28 18:50:57.596174','50258 SAN FRANCISCO DE ASIS','1394048','CCOCHAPAMPA','Santa Teresa','PU','080908'),(299,'2022-09-09 10:23:23.753315','2022-12-28 18:50:57.602029','JOSE CARLOS MARIATEGUI','1394436','CALLE SANTA TERESA S/N','Santa Teresa','PR','080908'),(300,'2022-09-09 11:35:34.710691','2022-09-09 11:35:34.710729','CEBA - VENCEDORES DEL CENEPA','1574730','PASAJE ALIAGA S/N','El Tambo','PR','120114'),(301,'2022-09-09 11:35:34.773797','2022-09-09 11:35:34.773849','CEBA - MARISCAL CASTILLA','0736538','CALLE AREQUIPA CDRA 9','El Tambo','PU','120114'),(302,'2022-09-09 11:35:34.839520','2022-09-09 11:35:34.839566','CEBA - POLITECNICO REGIONAL DEL CENTRO','0921817','CALLE AREQUIPA 501','El Tambo','PU','120114'),(303,'2022-09-09 11:35:34.922369','2022-09-09 11:35:34.922415','CEBA - LUIS AGUILAR ROMANI','1216647','EVITAMIENTO S/N','El Tambo','PU','120114'),(304,'2022-09-09 11:35:34.980940','2022-09-09 11:35:34.980990','CEBA - VIRGEN DEL PILAR','1429851','PASAJE MONTEVIDEO 170','El Tambo','PR','120114'),(305,'2022-09-09 11:35:35.031114','2022-09-09 11:35:35.031162','CEBA - LINUS HIGH SCHOOL','1636802','JIRON LOS MINERALES 325','El Tambo','PR','120114'),(306,'2022-09-09 11:35:35.106020','2022-09-09 11:35:35.106064','CEBA - SAN PEDRO','1636976','PASAJE LOS ALAMOS 102','El Tambo','PR','120114'),(307,'2022-09-09 11:35:35.155516','2022-09-09 11:35:35.155560','CEBA - RICARDO MENENDEZ MENENDEZ','1724319','JIRON ANTONIO LOBATO 1049','El Tambo','PU','120114'),(308,'2022-09-09 11:35:35.215004','2022-09-09 11:35:35.215055','SAN PIO X','0368068','AVENIDA PROGRESO 821','El Tambo','PR','120114'),(309,'2022-09-09 11:35:35.264380','2022-09-09 11:35:35.264896','MARISCAL CASTILLA','0372599','CALLE AREQUIPA CDRA 9','El Tambo','PU','120114'),(310,'2022-09-09 11:35:35.340520','2022-09-09 11:35:35.340571','SALESIANO SANTA ROSA','0373324','CALLE AREQUIPA 299','El Tambo','PR','120114'),(311,'2022-09-09 11:35:35.389768','2022-09-09 11:35:35.389819','LATINO','0373332','JIRON ALEJANDRO O DEUSTUA 383','El Tambo','PR','120114'),(312,'2022-09-09 11:35:35.479343','2022-09-09 11:35:35.479379','SOLARYX','0373340','PASAJE MONTEVIDEO 170','El Tambo','PR','120114'),(313,'2022-09-09 11:35:35.526762','2022-09-09 11:35:35.526785','GELICICH','0373720','CALLE REAL 290','El Tambo','PR','120114'),(314,'2022-09-09 11:35:35.572710','2022-09-09 11:35:35.572757','POLITECNICO REGIONAL DEL CENTRO','0373761','CALLE AREQUIPA 501','El Tambo','PU','120114'),(315,'2022-09-09 11:35:35.623284','2022-09-09 11:35:35.623338','SAGRADO CORAZON DE JESUS','0566927','JIRON MANCO CAPAC 475','El Tambo','PU','120114'),(316,'2022-09-09 11:35:35.676499','2022-09-09 11:35:35.676547','JUAN PARRA DEL RIEGO','0566950','JIRON LOS OLIVOS 101','El Tambo','PU','120114'),(317,'2022-09-09 11:35:35.723252','2022-09-09 11:35:35.723302','COSMOS','0667014','CALLE PROLONGACION TRUJILLO 131','El Tambo','PR','120114'),(318,'2022-09-09 11:35:35.787403','2022-09-09 11:35:35.787427','PAMER','0696963','CALLE MELCHOR GONZALES 251','El Tambo','PR','120114'),(319,'2022-09-09 11:35:35.951264','2022-09-09 11:35:35.951306','HEROES DEL CENEPA','0697029','CARRETERA SANTA ANA S/N','El Tambo','PU','120114'),(320,'2022-09-09 11:35:35.999957','2022-09-09 11:35:35.999996','JOSE FAUSTINO SANCHEZ CARRION','0697045','AVENIDA UNIVERSIT S/N','El Tambo','PU','120114'),(321,'2022-09-09 11:35:36.051469','2022-09-09 11:35:36.051510','HARVARD','0785832','JIRON HUAYNA CAPAC 240','El Tambo','PR','120114'),(322,'2022-09-09 11:35:36.101444','2022-09-09 11:35:36.101484','LA VICTORIA','0785956','AVENIDA SIMON BOLIVAR S/N','El Tambo','PU','120114'),(323,'2022-09-09 11:35:36.151457','2022-09-09 11:35:36.151499','MARTIRES 27 DE FEBRERO','0785964','PARQUE PLAZA PRINCIPAL S/N','El Tambo','PU','120114'),(324,'2022-09-09 11:35:36.227169','2022-09-09 11:35:36.227215','CONVENIO ANDRES BELLO','0919001','AVENIDA MARISCAL CASTILLA 2732','El Tambo','PR','120114'),(325,'2022-09-09 11:35:36.277198','2022-09-09 11:35:36.277247','SANTO TOMAS DE AQUINO','0919092','CALLE LOS ACANTILADOS 180','El Tambo','PR','120114'),(326,'2022-09-09 11:35:36.390783','2022-09-09 11:35:36.390833','FRANCISCO DE ZELA','0919308','CALLE ROSARIO 632','El Tambo','PU','120114'),(327,'2022-09-09 11:35:36.441305','2022-09-09 11:35:36.441356','MICAELA BASTIDAS','0919332','JIRON LAS VIOLETAS 127','El Tambo','PU','120114'),(328,'2022-09-09 11:35:36.510574','2022-09-09 11:35:36.510598','NUESTRA SEÑORA DE FATIMA','0919480','PASAJE LOS BOSQUES 101','El Tambo','PU','120114'),(329,'2022-09-09 11:35:36.555836','2022-09-09 11:35:36.555882','LUIS AGUILAR ROMANI','0919514','EVITAMIENTO S/N','El Tambo','PU','120114'),(330,'2022-09-09 11:35:36.606669','2022-09-09 11:35:36.606719','HIPOLITO UNANUE','0919605','CALLE JUNIN 2750','El Tambo','PR','120114'),(331,'2022-09-09 11:35:36.695607','2022-09-09 11:35:36.695657','CHRISTIAN BARNARD','0919720','JIRON GRAU 1848','El Tambo','PR','120114'),(332,'2022-09-09 11:35:36.753345','2022-09-09 11:35:36.753398','INGENIERIA','0919753','CALLE REAL 233','El Tambo','PR','120114'),(333,'2022-09-09 11:35:36.819630','2022-09-09 11:35:36.819675','ISABEL LA CATOLICA','0919787','JIRON LA MERCED 659','El Tambo','PR','120114'),(334,'2022-09-09 11:35:36.886243','2022-09-09 11:35:36.886289','KDTE CAPITAN ALIPIO PONCE VASQUEZ','0919811','JIRON ALEJANDRO O. DEUSTUA 383','El Tambo','PR','120114'),(335,'2022-09-09 11:35:36.936741','2022-09-09 11:35:36.936790','UNION LATINO INNOVA','0919902','AVENIDA MARISCAL CASTILLA 2809','El Tambo','PR','120114'),(336,'2022-09-09 11:35:37.028152','2022-09-09 11:35:37.028201','VILLARREAL','0919969','JIRON JUAN VELASCO ALVARADO 160','El Tambo','PR','120114'),(337,'2022-09-09 11:35:37.079302','2022-09-09 11:35:37.079784','17 SETIEMBRE','0922054','CALLE LOS MANZANOS 309','El Tambo','PU','120114'),(338,'2022-09-09 11:35:37.144760','2022-09-09 11:35:37.144805','NUESTRA SEÑORA DE LA MEDALLA MILAGROSA','1035187','JIRON CATALINA HUANCA 145','El Tambo','PR','120114'),(339,'2022-09-09 11:35:37.203614','2022-09-09 11:35:37.203660','NUEVO HORIZONTE','1035427','JIRON TRUJILLO 262','El Tambo','PR','120114'),(340,'2022-09-09 11:35:37.262455','2022-09-09 11:35:37.262505','UNCP','1035708','CARR. UNCP','El Tambo','PR','120114'),(341,'2022-09-09 11:35:37.320565','2022-09-09 11:35:37.320615','MI PERU','1036391','JIRON NEMESIO RAEZ 1320','El Tambo','PR','120114'),(342,'2022-09-09 11:35:37.424638','2022-09-09 11:35:37.424693','NIKKEI','1099977','ANTONIO LOBATO 1049','El Tambo','PR','120114'),(343,'2022-09-09 11:35:37.471305','2022-09-09 11:35:37.471337','SAN ANTONIO MARIA CLARET','1100981','JIRON AUGUSTO B. LEGUIA -CHILCA S/N','El Tambo','PR','120114'),(344,'2022-09-09 11:35:37.524403','2022-09-09 11:35:37.524427','AMERICA SCHOOL','1101260','CALLE MANUEL FUENTES 202','El Tambo','PR','120114'),(345,'2022-09-09 11:35:37.595719','2022-09-09 11:35:37.595765','MAESTRO REDENTOR','1214386','CALLE REAL 374-382','El Tambo','PR','120114'),(346,'2022-09-09 11:35:37.649649','2022-09-09 11:35:37.649700','PRAXIS LA ESPERANZA','1255710','JIRON PACHACUTEC 550','El Tambo','PR','120114'),(347,'2022-09-09 11:35:37.716075','2022-09-09 11:35:37.716125','EDWATD ALEXANDER SUTHERLAND','1255918','AVENIDA MARIATEGUI 440','El Tambo','PR','120114'),(348,'2022-09-09 11:35:37.765744','2022-09-09 11:35:37.765794','FRANCOIS VIETTE','1257039','JIRON PANAMA 1770','El Tambo','PR','120114'),(349,'2022-09-09 11:35:37.857955','2022-09-09 11:35:37.858008','SAN MARTIN DE PORRES - PODER JUDICIAL','1427475','JIRON TRUJILLO S/N','El Tambo','PR','120114'),(350,'2022-09-09 11:35:37.907007','2022-09-09 11:35:37.907056','LOS ANDES','1427640','AVENIDA HUANCAVELICA 2220','El Tambo','PR','120114'),(351,'2022-09-09 11:35:38.020866','2022-09-09 11:35:38.020918','HEROES DEL CENEPA','1103910','AVENIDA J C MARIATEGUI 825','El Tambo','PR','120114'),(352,'2022-09-09 11:35:38.080754','2022-09-09 11:35:38.080806','DIVINO MAESTRO JESUS','1428267','JIRON AREQUIPA 916','El Tambo','PR','120114'),(353,'2022-09-09 11:35:38.139193','2022-09-09 11:35:38.139243','NEWTON SCHOOL DE HUANCAYO','1428275','CALLE REAL 199','El Tambo','PR','120114'),(354,'2022-09-09 11:35:38.196563','2022-09-09 11:35:38.196606','JESUS EL BUEN PASTOR','1428366','CALLE ALEJANDRO DEUSTUA 769','El Tambo','PR','120114'),(355,'2022-09-09 11:35:38.253367','2022-09-09 11:35:38.253406','PITAGORAS','1428390','CALLE MANUEL FUENTES 320','El Tambo','PR','120114'),(356,'2022-09-09 11:35:38.313655','2022-09-09 11:35:38.313700','INGENIERIA INTERNACIONAL','1428556','JIRON SANTA ISABEL 1370','El Tambo','PR','120114'),(357,'2022-09-09 11:35:38.372067','2022-09-09 11:35:38.372117','CCECNA - TALENTOS','1429208','JIRON MANUEL FUENTES 202','El Tambo','PR','120114'),(358,'2022-09-09 11:35:38.447454','2022-09-09 11:35:38.447505','CRISTO SALVADOR','1428713','JIRON LOS MINERALES 449','El Tambo','PR','120114'),(359,'2022-09-09 11:35:38.545217','2022-09-09 11:35:38.545251','DIVINO MAESTRO','1428788','AVENIDA SIMON BOLIVAR MZ 22 LOTE 12 ZONA A','El Tambo','PR','120114'),(360,'2022-09-09 11:35:38.638553','2022-09-09 11:35:38.638604','ANTON MAKARENKO','1428895','PASAJE MARIA ARGUEDAS','El Tambo','PR','120114'),(361,'2022-09-09 11:35:38.697310','2022-09-09 11:35:38.697360','GOOD SHEPHERD HIGH SCHOOL','1428929','JIRON LOS MINERALES 331','El Tambo','PR','120114'),(362,'2022-09-09 11:35:38.755852','2022-09-09 11:35:38.755904','A & P PREMIUM','1429133','JIRON PARRA DEL RIEGO 1100','El Tambo','PR','120114'),(363,'2022-09-09 11:35:38.815220','2022-09-09 11:35:38.815288','NOBEL','1429059','AVENIDA 13 DE NOVIEMBRE 504','El Tambo','PR','120114'),(364,'2022-09-09 11:35:38.873052','2022-09-09 11:35:38.873098','BADEN POWEL','1429430','JULIO SUMAR','El Tambo','PR','120114'),(365,'2022-09-09 11:35:39.015577','2022-09-09 11:35:39.015629','ACTIVA SCHOOL HUANCAYO','1429513','JIRON DOS DE MAYO 679','El Tambo','PR','120114'),(366,'2022-09-09 11:35:39.090124','2022-09-09 11:35:39.090170','TRILENIUM PRE UNI','1429588','AVENIDA MARISCAL CASTILLA 2386','El Tambo','PR','120114'),(367,'2022-09-09 11:35:39.141283','2022-09-09 11:35:39.141336','BRYCE','1429646','JIRON DOS DE MAYO 410','El Tambo','PR','120114'),(368,'2022-09-09 11:35:39.190894','2022-09-09 11:35:39.190944','SAN SEBASTIAN','1429984','JIRON MANZANOS 1397','El Tambo','PR','120114'),(369,'2022-09-09 11:35:39.316384','2022-09-09 11:35:39.316430','SALESIANO DON BOSCO','0667022','AVENIDA HUANCAVELICA 165','El Tambo','PU','120114'),(370,'2022-09-09 11:35:39.361964','2022-09-09 11:35:39.361992','SANTO DOMINGO DE GUZMAN','1612787','JIRON COLON 339','El Tambo','PR','120114'),(371,'2022-09-09 11:35:39.438182','2022-09-09 11:35:39.438227','MONS. EMILIO VALLEBUONA MEREA','1612795','CALLE REAL 564','El Tambo','PR','120114'),(372,'2022-09-09 11:35:39.596665','2022-09-09 11:35:39.596691','ARCANGEL MICAEL','1430305','PASAJE LOS GUINDALES 190','El Tambo','PR','120114'),(373,'2022-09-09 11:35:39.649081','2022-09-09 11:35:39.649129','NUESTRO SABIO CONSEJO','1430354','JIRON ALEJANDRO O DEUSTUA 771','El Tambo','PR','120114'),(374,'2022-09-09 11:35:39.700612','2022-09-09 11:35:39.700658','SIGMA','1430719','CALLE REAL 213','El Tambo','PR','120114'),(375,'2022-09-09 11:35:39.749137','2022-09-09 11:35:39.749186','TRILCE','1430966','JIRON ALEJANDRO O. DEUSTUA 1350','El Tambo','PR','120114'),(376,'2022-09-09 11:35:39.816241','2022-09-09 11:35:39.816285','ALEJANDRO VON HUMBOLDT','1312818','CALLE JULIO SUMAR 461','El Tambo','PR','120114'),(377,'2022-09-09 11:35:39.865588','2022-09-09 11:35:39.865633','FEDERICO FROEBEL','1342245','JIRON MANUEL FUENTES 202 - 204','El Tambo','PR','120114'),(378,'2022-09-09 11:35:39.915777','2022-09-09 11:35:39.915825','LA SAPIENZA','1342484','JIRON JOSE MARIA ARGUEDAS 354','El Tambo','PR','120114'),(379,'2022-09-09 11:35:39.967562','2022-09-09 11:35:39.967612','TRILENIUM INTERNACIONAL YUNIX','1345263','AVENIDA FERROCARRIL 3988','El Tambo','PR','120114'),(380,'2022-09-09 11:35:40.016786','2022-09-09 11:35:40.016838','UNION LATINO SCHOOL','1348739','AVENIDA FERROCARRIL 3672','El Tambo','PR','120114'),(381,'2022-09-09 11:35:40.065595','2022-09-09 11:35:40.065639','AL-AZHAR DE EL CAIRO','1352558','AVENIDA FERROCARRIL 3590','El Tambo','PR','120114'),(382,'2022-09-09 11:35:40.115671','2022-09-09 11:35:40.115718','ORION SACO OLIVEROS','1363530','JIRON PROLONGACION AREQUIPA 3008','El Tambo','PR','120114'),(383,'2022-09-09 11:35:40.187573','2022-09-09 11:35:40.187602','RANGERS','1531045','AVENIDA FERROCARRIL 165','El Tambo','PR','120114'),(384,'2022-09-09 11:35:40.237257','2022-09-09 11:35:40.237280','LATINO INNOVA E.I.R.L.','1542513','CALLE SAN LUIS 165','El Tambo','PR','120114'),(385,'2022-09-09 11:35:40.304298','2022-09-09 11:35:40.304329','WINNER BOYS','1543271','JIRON CARHUALLANQUI 104','El Tambo','PR','120114'),(386,'2022-09-09 11:35:40.347297','2022-09-09 11:35:40.347330','GENESIS INTERNACIONAL CHRISTIAN SCHOOL','1574698','AVENIDA PROLONGACION MIGUEL GRAU 1848','El Tambo','PR','120114'),(387,'2022-09-09 11:35:40.417533','2022-09-09 11:35:40.417575','VENCEDORES DEL CENEPA','1574722','PASAJE ALIAGA S/N','El Tambo','PR','120114'),(388,'2022-09-09 11:35:40.464067','2022-09-09 11:35:40.464099','PRAXIS LAS ESTRELLAS','1620145','JIRON FAUSTINO ORE 250','El Tambo','PR','120114'),(389,'2022-09-09 11:35:40.516443','2022-09-09 11:35:40.516542','INTEGRACION','1635465','JIRON WIRACOCHA 245','El Tambo','PR','120114'),(390,'2022-09-09 11:35:40.583474','2022-09-09 11:35:40.583522','VALLE DEL MANTARO','1669480','AVENIDA JULIO SUMAR 372','El Tambo','PR','120114'),(391,'2022-09-09 11:35:40.628996','2022-09-09 11:35:40.629022','DISCOVERY','1697705','JIRON NEMESIO RAEZ 1774','El Tambo','PR','120114'),(392,'2022-09-09 11:35:40.717330','2022-09-09 11:35:40.717382','SAN PABLO HIGH SCHOOL','1705185','PASAJE SANTA BARBARA 352','El Tambo','PR','120114'),(393,'2022-09-09 11:35:40.766480','2022-09-09 11:35:40.766532','30059 ROSA DE AMERICA','1722768','PROLONGACION TRUJILLO 936','El Tambo','PU','120114'),(394,'2022-09-09 11:35:40.816602','2022-09-09 11:35:40.816647','LAS CARMELITAS','1723329','CALLE DIAMANTE AZUL 379','El Tambo','PR','120114'),(395,'2022-09-09 11:35:40.866430','2022-09-09 11:35:40.866479','CARRUSEL','1763820','JIRON PANAMA 1770-1778','El Tambo','PR','120114'),(396,'2022-09-09 11:35:40.916582','2022-09-09 11:35:40.916637','DIVINO MAESTRO','1429232','AVENIDA SIMON BOLIVAR MZ 22 LOTE 12 ZONA A','El Tambo','PR','120114'),(397,'2022-09-09 11:35:41.034652','2022-09-09 11:35:41.034701','PERU ALEMANIA','1324383','JIRON TRUJILLO 871','El Tambo','PR','120114'),(398,'2022-09-09 11:41:41.790404','2022-09-12 11:40:16.789043','HUAMAN POMA DE AYALA','0372615','AVENIDA HUAMAN POMA S/N','Manzanares','PU','120208'),(399,'2022-09-10 21:32:17.051472','2022-09-10 21:32:17.051520','NOMBRE','PR_MOD','CALLE DE PRUEBA','NOMBRE_LUGAR','PU','080101'),(400,'2022-09-12 11:42:56.240384','2022-09-12 11:42:56.240409','MANUEL SCORSA','0609487','JIRON LA UNION S/N','Chuquis','PU','100307'),(401,'2022-09-12 11:42:56.329333','2022-09-12 11:42:56.329365','DANIEL ALOMIA ROBLES','1247451','HUANCAN','Chuquis','PU','100307'),(402,'2022-09-12 11:42:56.371542','2022-09-12 11:42:56.371564','TINGO CHICO','1324730','CARRETERA TINGO CHICO S/N','Chuquis','PU','100307'),(403,'2022-09-12 11:42:56.418401','2022-09-12 11:42:56.418445','UCRUMARCA','1664820','UCRUMARCA','Chuquis','PU','100307'),(404,'2022-09-12 12:27:34.584361','2022-09-20 18:18:46.984772','10068','0582973','HUACAPAMPA','Cañaris','PU','140202'),(405,'2022-09-12 12:27:34.646493','2022-09-20 18:18:47.034283','11144 RAMON ORELLANO BARRIOS','0843664','CARRETERA LA LAGUNA S/N','Cañaris','PU','140202'),(406,'2022-09-12 12:27:34.702821','2022-09-20 18:18:47.083774','10776 JUAN VELASCO ALVARADO','0753715','CARRETERA HUAYABAMBA','Cañaris','PU','140202'),(407,'2022-09-12 12:27:34.773342','2022-09-20 18:18:47.134410','10071','0672543','LA SUCCHA','Cañaris','PU','140202'),(408,'2022-09-12 12:27:34.822739','2022-09-20 18:18:47.184454','10078','0669598','CHIÑAMA','Cañaris','PU','140202'),(409,'2022-09-12 12:27:34.872108','2022-09-20 18:18:47.248416','10624','0753723','QUIRICHIMA','Cañaris','PU','140202'),(410,'2022-09-12 12:27:34.937444','2022-09-20 18:18:47.298058','10062 SAN JUAN DE KAÑARIS','0710061','KAÑARIS','Cañaris','PU','140202'),(411,'2022-09-12 12:27:34.997144','2022-09-20 18:18:47.347737','10064','0710095','PANDACHI','Cañaris','PU','140202'),(412,'2022-09-12 12:27:35.047664','2022-09-20 18:18:47.397543','10076','1197250','CANGREJERA','Cañaris','PU','140202'),(413,'2022-09-12 12:27:35.139388','2022-09-20 18:18:47.481595','10875','1183599','CHILASQUE','Cañaris','PU','140202'),(414,'2022-09-12 12:27:35.189353','2022-09-20 18:18:47.531619','10876','1183631','CARRETERA TOTORAS - PAMPAVERDE','Cañaris','PU','140202'),(415,'2022-09-12 12:27:35.240789','2022-09-20 18:18:47.623456','SANTA LUCIA 10786','0753731','STA LUCIA','Cañaris','PU','140202'),(416,'2022-09-12 12:27:35.289596','2022-09-20 18:18:47.673223','IEGECOM PAMACA','1418706','PAMACA','Cañaris','PR','140202'),(417,'2022-09-12 12:27:35.348299','2022-09-20 18:18:47.736235','IEGECOM MAMAGPAMPA','1466481','MAMAJPAMPA','Cañaris','PU','140202'),(418,'2022-09-12 12:27:35.406929','2022-09-20 18:18:47.779374','IEGECOM TUTE','1466499','TUTE','Cañaris','PR','140202'),(419,'2022-09-12 12:27:35.456219','2022-09-20 18:18:47.835169','VIRGEN DEL CARMEN','1520998','ATUMPAMPA','Cañaris','PU','140202'),(420,'2022-09-12 12:27:35.506685','2022-09-20 18:18:47.882060','10073','1539907','PAMACA','Cañaris','PU','140202'),(421,'2022-09-12 12:27:35.556737','2022-09-20 18:18:47.933119','CONGONA','1545896','CONGONA','Cañaris','PR','140202'),(422,'2022-09-12 12:27:35.604759','2022-09-20 18:18:48.040572','SIGUES','1636638','SIGUES','Cañaris','PU','140202'),(423,'2022-09-12 12:27:35.655640','2022-09-20 18:18:48.090386','IEGEMUN EL NARANJO','1663186','EL NARANJO','Cañaris','PU','140202'),(424,'2022-09-12 12:27:35.721479','2022-09-20 18:18:48.185038','IEGEMUN TAURIMARCA','1663194','TAURIMARCA','Cañaris','PU','140202'),(425,'2022-09-12 12:27:35.773237','2022-09-20 18:18:48.243474','IEGEMUN PALO BLANCO','1665645','CARRETERA PALO BLANCO','Cañaris','PU','140202'),(426,'2022-09-12 12:27:35.823304','2022-09-20 18:18:48.318713','CAPITAN FAP JOSE ABELARDO QUIÑONES GONZALES','1669118','HIERBA BUENA','Cañaris','PU','140202'),(427,'2022-09-12 12:27:35.872956','2022-09-20 18:18:48.396338','10895 MAXIMO LLAMO CONDOR','1717925','SHIN SHIN','Cañaris','PU','140202'),(428,'2022-09-12 12:27:35.923508','2022-09-20 18:18:48.508513','10067','1724467','CONGONA','Cañaris','PU','140202'),(429,'2022-09-12 12:27:35.994496','2022-09-20 18:18:48.558108','10070','1724475','TAURIMARCA','Cañaris','PU','140202'),(430,'2022-09-12 12:27:36.047539','2022-09-20 18:18:48.607748','11048','1724483','MAMAGPAMPA','Cañaris','PU','140202'),(431,'2022-09-12 12:27:36.098218','2022-09-20 18:18:48.658280','11049','1724491','SIGUES','Cañaris','PU','140202'),(432,'2022-09-12 12:27:36.147967','2022-09-20 18:18:48.708889','11076','1724509','CARRETERA PALO BLANCO','Cañaris','PU','140202'),(433,'2022-09-12 12:27:36.201406','2022-09-20 18:18:48.753818','11049','1767227','SIGUES','Cañaris','PU','140202'),(434,'2022-09-12 12:27:36.265118','2022-09-20 18:18:48.796782','10067','1767235','CONGONA','Cañaris','PU','140202'),(435,'2022-09-12 12:27:36.314280','2022-09-20 18:18:48.900718','10065','1770924','TUTE','Cañaris','PU','140202'),(436,'2022-09-12 12:27:36.364528','2022-09-20 18:18:48.958076','10623 JOSE CARLOS MARIATEGUI','1771146','SAUCEPAMPA','Cañaris','PU','140202'),(437,'2022-09-12 12:36:11.922854','2022-09-20 19:32:01.298167','ALMIRANTE MIGUEL GRAU','0207381','AVENIDA CHECACUPE','Checacupe','PU','080602'),(438,'2022-09-12 12:36:12.047855','2022-09-20 19:32:01.374228','MARTIRES DE LA INDEPENDENCIA','1377787','PALCCOYO','Checacupe','PU','080602'),(439,'2022-09-12 12:37:50.953616','2022-09-12 12:37:50.953670','LAS AMERICAS','0617829','TAKINA','Capacmarca','PU','080702'),(440,'2022-09-12 12:37:51.033338','2022-09-12 12:37:51.033387','CANCAHUANI','1392232','CANCAHUANI','Capacmarca','PU','080702'),(441,'2022-09-12 12:37:51.090677','2022-09-12 12:37:51.090720','56277 SAN ANTONIO DE PADUA','1540996','TAHUAY','Capacmarca','PU','080702'),(442,'2022-09-12 12:37:51.142414','2022-09-12 12:37:51.142464','56261','1540970','CARRETERA CCAPACMARCA - MARA','Capacmarca','PU','080702'),(443,'2022-09-12 15:47:10.248864','2022-09-12 15:47:10.248903','SAN PEDRO DE SICCHAL','0396473','SICCHAL','Calamarca','PU','130502'),(444,'2022-09-12 15:47:10.335665','2022-09-12 15:47:10.335686','80553 LUIS FELIPE DE LA PUENTE UCEDA','1167592','CALAMARCA S/N','Calamarca','PU','130502'),(445,'2022-09-12 15:47:10.712226','2022-09-12 15:47:10.712267','80749','1167634','PACHACHACA','Calamarca','PU','130502'),(446,'2022-09-12 15:47:10.852344','2022-09-12 15:47:10.852392','80605','1168038','BARRO NEGRO','Calamarca','PU','130502'),(447,'2022-09-12 15:47:11.094266','2022-09-12 15:47:11.094318','CHASCA','1167675','CHASCA','Calamarca','PU','130502'),(448,'2022-09-12 15:47:11.418547','2022-09-12 15:47:11.418584','80945 JAVIER HERAUD','1451731','HUAGALLL','Calamarca','PU','130502'),(449,'2022-09-12 15:47:11.537052','2022-09-12 15:47:11.537102','80677','1533587','CALAMARCA ALTA','Calamarca','PU','130502'),(450,'2022-09-12 15:49:12.503401','2022-09-12 15:49:12.503441','CEBA - JOSE ANDRES RAZURI','0394593','JIRON ANDRES RAZURI 609','San Pedro de Lloc','PU','130701'),(451,'2022-09-12 15:49:12.583892','2022-09-12 15:49:12.583938','LATINO','1155654','AVENIDA MANUEL HERNANDEZ AQUIJE 203','San Pedro de Lloc','PR','130701'),(452,'2022-09-12 15:49:12.641296','2022-09-12 15:49:12.641343','SANTA TERESA DE LA INMACULADA','0395301','JIRON ANDRES RAZURI 311','San Pedro de Lloc','PU','130701'),(453,'2022-09-12 15:49:12.708310','2022-09-12 15:49:12.708355','JOSE ANDRES RAZURI','0395293','AVENIDA CENTENARIO 220','San Pedro de Lloc','PU','130701'),(454,'2022-09-12 15:49:12.766542','2022-09-12 15:49:12.766593','80380 VICTOR RAUL HAYA DE LA TORRE','0690370','AVENIDA 28 DE JULIO 172','San Pedro de Lloc','PU','130701'),(455,'2022-09-12 15:49:12.825355','2022-09-12 15:49:12.825399','SANTA ANA','1454099','JIRON DOS DE MAYO 649','San Pedro de Lloc','PR','130701'),(456,'2022-09-12 15:49:12.878633','2022-09-12 15:49:12.878656','LATINO','1320282','AVENIDA MANUEL HERNANDEZ 203','San Pedro de Lloc','PR','130701'),(457,'2022-09-12 15:49:12.928091','2022-09-12 15:49:12.928112','BLAISE PASCAL','1435718','CALLE ANCASH 611','San Pedro de Lloc','PR','130701'),(458,'2022-09-12 15:49:12.981129','2022-09-12 15:49:12.981164','JOSE ANTONIO ENCINAS','1454388','JIRON ADOLFO KING 71','San Pedro de Lloc','PR','130701'),(459,'2022-09-12 16:20:01.073427','2022-09-12 16:20:01.073470','CESAR VALLEJO SANTOS','0771097','CALLE COPA S/N','Copa','PU','150302'),(460,'2022-09-12 16:20:01.143862','2022-09-12 16:20:01.143907','HORACIO ZEVALLOS GAMEZ','0685941','TUPIOC','Copa','PU','150302'),(461,'2022-09-12 17:20:56.413824','2022-09-20 18:14:26.506319','JOSE ANTONIO ENCINAS FRANCO','0536011','JIRON JAHUAPAMPA S/N','Vilcabamba','PU','030712'),(462,'2022-09-12 17:39:54.829747','2022-09-12 17:39:54.829785','CEBA - SAN SALVADOR','1155753','JIRON BOLIVAR 512','Bolívar','PU','130301'),(463,'2022-09-12 17:39:54.901509','2022-09-12 17:39:55.230649','ANEXO-SAN SALVADOR','0395392','NUEVO CONDORMARCA','Bolívar','PU','130301'),(464,'2022-09-12 17:39:54.963339','2022-09-12 17:39:54.963389','RICARDO PALMA','0525931','UNAMEN','Bolívar','PU','130301'),(465,'2022-09-12 17:39:55.021312','2022-09-12 17:39:55.021356','80733 JOSE MARIA ARGUEDAS','1450410','SUNDIA','Bolívar','PU','130301'),(466,'2022-09-12 17:39:55.096542','2022-09-12 17:39:55.096594','80112 LEONCIO PRADO','1380294','YALEN','Bolívar','PU','130301'),(467,'2022-09-12 17:39:55.155107','2022-09-12 17:39:55.155158','81696','1380302','NUEVO PUSAC','Bolívar','PU','130301'),(468,'2022-09-12 17:39:55.288869','2022-09-12 17:39:55.289005','82166 DIVINO MAESTRO','1418409','CUJIBAMBA','Bolívar','PU','130301'),(469,'2022-09-12 17:39:55.363790','2022-09-12 17:39:55.363841','82164 MARIO VARGAS LLOSA','1418417','CHUQUITEN','Bolívar','PU','130301'),(470,'2022-09-12 17:39:55.422329','2022-09-12 17:39:55.422379','82165 CESAR VALLEJO MENDOZA','1418425','CONDORAY','Bolívar','PU','130301'),(471,'2022-09-12 17:39:55.497619','2022-09-12 17:39:55.497667','82162 SAN LORENZO','1418441','EL TAMBO','Bolívar','PU','130301'),(472,'2022-09-12 17:39:55.551130','2022-09-12 17:39:55.551158','SAN FRANCISCO DE ASIS','1574417','JIRON CORDOVA 505','Bolívar','PU','130301'),(473,'2022-09-12 18:37:18.681762','2023-01-03 16:38:11.369185','CEBA - URIEL GARCIA','0622621','AVENIDA JORGE CHAVEZ S/N','Wanchaq','PU','080108'),(474,'2022-09-12 18:37:18.730697','2023-01-03 16:38:11.375512','CEBA - YACHAYWASI','1061969','CALLE VILLA EL PERIODISTA MZ D LOTE 7','Wanchaq','PR','080108'),(475,'2022-09-12 18:37:18.826758','2023-01-03 16:38:11.380303','CEBA - VIRGEN DEL CARMEN','1061779','CALLE BERNARDO TAMBOHUACSO MZ C LOTE 6','Wanchaq','PR','080108'),(476,'2022-09-12 18:37:18.918635','2023-01-03 16:38:11.384978','CEBA - DOMINGO SAVIO','1269422','AVENIDA MACO CCAPAC 906','Wanchaq','PR','080108'),(477,'2022-09-12 18:37:19.027856','2023-01-03 16:38:11.393474','CEBA - NUESTRA SEÑORA VIRGEN DEL CARMEN','1386648','CALLE BERNARDO TAMBOHUACSO MZ C LOTE 6','Wanchaq','PR','080108'),(478,'2022-09-12 18:37:19.115453','2023-01-03 16:38:11.397994','CEBA - YANAPANAKUSUN','1386986','AVENIDA TOMASA TITO CONDEMAYTA 500-A','Wanchaq','PR','080108'),(479,'2022-09-12 18:37:19.207680','2023-01-03 16:38:11.405394','CEBA - YANAPANAKUSUN','1386994','AVENIDA TOMASA TITO CONDEMAYTA 500-A','Wanchaq','PR','080108'),(480,'2022-09-12 18:37:19.291511','2023-01-03 16:38:11.409186','CEBA - SAN MARCOS','1387430','AVENIDA LOS INCAS 919','Wanchaq','PR','080108'),(481,'2022-09-12 18:37:19.421247','2023-01-03 16:38:11.412977','SANTA ANA','0236752','JIRON GORDON MAGNE 204','Wanchaq','PR','080108'),(482,'2022-09-12 18:37:19.702327','2023-01-03 16:38:11.416366','EL NAZARENO','0928085','JIRON ANTONIO RAYMONDI MZ B LOTE 12','Wanchaq','PR','080108'),(483,'2022-09-12 18:37:19.843785','2023-01-03 16:38:11.419866','URIEL GARCIA','0236174','AVENIDA JORGE CHAVEZ S/N','Wanchaq','PU','080108'),(484,'2022-09-12 18:37:20.005203','2023-01-03 16:38:11.423444','SAN JOSE LA SALLE','0236679','AVENIDA TULLUMAYO 135','Wanchaq','PR','080108'),(485,'2022-09-12 18:37:20.064115','2023-01-03 16:38:11.426631','MIGUEL GRAU SEMINARIO','0591131','AVENIDA TOMASA TTITO CONDEMAYTA S/N','Wanchaq','PU','080108'),(486,'2022-09-12 18:37:20.112416','2023-01-03 16:38:11.430570','ARTURO PALOMINO RODRIGUEZ','0591198','CALLE AGUA MARINA MZ A LOTE 10','Wanchaq','PU','080108'),(487,'2022-09-12 18:37:20.196877','2023-01-03 16:38:11.437994','51014 ROMERITOS','0735035','CALLE CUSCO S/N','Wanchaq','PU','080108'),(488,'2022-09-12 18:37:20.246780','2023-01-03 16:38:11.445684','MARIA DE LA MERCED','0579177','AVENIDA TOMASA TTITO CONDEMAYTA S/N','Wanchaq','PU','080108'),(489,'2022-09-12 18:37:20.347104','2023-01-03 16:38:11.449851','SAGRADO CORAZON DE JESUS','0933598','AVENIDA 28 DE JULIO S/N','Wanchaq','PU','080108'),(490,'2022-09-12 18:37:20.396162','2023-01-03 16:38:11.453882','EL PACIFICO','0933333','AVENIDA VELASCO ASTETE MZ B LOTE 5','Wanchaq','PR','080108'),(491,'2022-09-12 18:37:20.483080','2023-01-03 16:38:11.457854','OLIMPICO PERUANO','0928200','AVENIDA HIPOLITO UNANUE S/N','Wanchaq','PU','080108'),(492,'2022-09-12 18:37:20.642710','2023-01-03 16:38:11.461920','DOMINGO SAVIO','1200419','AVENIDA MACO CCAPAC 906','Wanchaq','PR','080108'),(493,'2022-09-12 18:37:20.781329','2023-01-03 16:38:11.465913','QOLLANA YACHAY WASI','0928598','AVENIDA MANCO CCAPAC 718','Wanchaq','PR','080108'),(494,'2022-09-12 18:37:20.894441','2023-01-03 16:38:11.471318','EL CLARETIANO','1201532','AVENIDA MANCO CAPAC 310','Wanchaq','PR','080108'),(495,'2022-09-12 18:37:20.950699','2023-01-03 16:38:11.475544','CENTRO JUVENIL MARCAVALLE','1201789','AVENIDA DE LA CULTURA 2400','Wanchaq','PU','080108'),(496,'2022-09-12 18:37:21.282409','2023-01-03 16:38:11.479688','SAN FRANCISCO JAVIER','1268820','AVENIDA HUASCAR 140','Wanchaq','PR','080108'),(497,'2022-09-12 18:37:21.358067','2023-01-03 16:38:11.483728','NUESTRA SEÑORA DE FATIMA','1386168','ZONA CIVICA S/N','Wanchaq','PU','080108'),(498,'2022-09-12 18:37:21.474953','2023-01-03 16:38:11.487649','50025','1386234','AVENIDA PEDRO VILCA APAZA S/N','Wanchaq','PU','080108'),(499,'2022-09-12 18:37:21.614056','2023-01-03 16:38:11.491691','MILLENNIUM','1386341','AVENIDA DE LA CULTURA 1008','Wanchaq','PR','080108'),(500,'2022-09-12 18:37:21.730386','2023-01-03 16:38:11.495871','ALFA INGENIEROS','1386366','AVENIDA PERU G-8','Wanchaq','PR','080108'),(501,'2022-09-12 18:37:21.784242','2023-01-03 16:38:11.499881','CAP. FAP. JOSE ABELARDO QUIÑONES','1386127','AVENIDA GASTON ZAPATA 447','Wanchaq','PU','080108'),(502,'2022-09-12 18:37:21.842155','2023-01-03 16:38:11.503945','PITAGORAS','1386614','AVENIDA HUASCAR 150','Wanchaq','PR','080108'),(503,'2022-09-12 18:37:21.906426','2023-01-03 16:38:11.507885','NUESTRA SEÑORA VIRGEN DEL CARMEN','1387315','CALLE BERNARDO TAMBOHUACSO MZ C LOTE 6','Wanchaq','PR','080108'),(504,'2022-09-12 18:37:21.962496','2023-01-03 16:38:11.512056','BERTRAND RUSSELL','1387380','JIRON LIBERTAD MZ E LOTE 6','Wanchaq','PR','080108'),(505,'2022-09-12 18:37:22.015299','2023-01-03 16:38:11.516292','UNIINGENIEROS CUSCO','1313519','AVENIDA TOMASA TITO CONDEMAYTA 164 SECTOR WANCHAQ','Wanchaq','PR','080108'),(506,'2022-09-12 18:37:22.097554','2023-01-03 16:38:11.520282','GALILEO','1323856','CONDOMINIO HUASCAR MZ A LOTE 21','Wanchaq','PR','080108'),(507,'2022-09-12 18:37:22.150022','2023-01-03 16:38:11.524313','RAIMONDI','1354729','CALLE MARISCAL GAMARRA 1003-3A','Wanchaq','PR','080108'),(508,'2022-09-12 18:37:22.201582','2023-01-03 16:38:11.528288','51045','1370360','SECTOR EDUCACION MZ A LOTE 9','Wanchaq','PU','080108'),(509,'2022-09-12 18:37:22.276316','2023-01-03 16:38:11.532256','50731 NUESTR SEÑORA DE LA NATIVIDAD DE PROGRESO','1522721','JIRON COYA S/N','Wanchaq','PU','080108'),(510,'2022-09-12 18:37:22.326135','2023-01-03 16:38:11.536206','BILINGUE MANUEL PARDO Y LAVALLE','1731546','AVENIDA HUAYRUROPATA 1209 ETAPA CERCADO SECTOR HUAYRUROPATA','Wanchaq','PR','080108'),(511,'2022-09-12 18:37:22.400343','2023-01-03 16:38:11.540296','TRENER','1753623','AVENIDA LOS INCAS 1606','Wanchaq','PR','080108'),(512,'2022-09-12 18:37:22.518783','2023-01-03 16:38:11.544250','INTERNATIONAL COLLEGE','1767177','AVENIDA DE LA CULTURA 413','Wanchaq','PR','080108'),(513,'2022-09-12 18:37:22.610366','2023-01-03 16:38:11.548200','EL NIÑO INVESTIGADOR KUSKIQ ERQE','1768076','AVENIDA TOMASA TITO CONDEMAYTA 164','Wanchaq','PR','080108'),(514,'2022-09-12 18:37:22.692599','2023-01-03 16:38:11.552249','TALENTOS','1772623','AVENIDA PERU S/N MZ G LOTE 8','Wanchaq','PR','080108'),(515,'2022-09-12 18:37:22.742436','2023-01-03 16:38:11.556173','THOMAS YOUNG','1201698','AVENIDA HUASCAR 150','Wanchaq','PR','080108'),(516,'2022-09-12 18:37:22.792264','2023-01-03 16:38:11.560269','ANDRES BELLO','1386135','AVENIDA MANCO CAPAC S/N','Wanchaq','PR','080108'),(517,'2022-09-12 18:37:22.842547','2023-01-03 16:38:11.564228','LATINOAMERICANO','1386879','AVENIDA GARCILASO 300','Wanchaq','PR','080108'),(518,'2022-09-13 08:55:02.454862','2022-09-13 08:55:02.454897','22316 IRMA MENDOZA DE CORDOVA','0886218','AVENIDA INDEPENDENCIA S/N','Los Aquijes','PU','110103'),(519,'2022-09-13 08:55:02.596549','2022-09-13 08:55:02.596590','22485','0886234','AVENIDA SAN MARTIN S/N','Los Aquijes','PU','110103'),(520,'2022-09-13 08:55:02.731801','2022-09-13 08:55:02.731846','22511','0886242','AVENIDA EL ROSARIO S/N','Los Aquijes','PU','110103'),(521,'2022-09-13 08:55:02.930033','2022-09-13 08:55:02.930079','GABRIEL RAMOS','0553420','AVENIDA ARENALES S/N','Los Aquijes','PU','110103'),(522,'2022-09-13 08:55:03.064576','2022-09-13 08:55:03.064624','JOSE GREGORIO HUAMAN GIRAO','0553529','AVENIDA SEBASTIAN BARRANCA MZ Z LOTE 8','Los Aquijes','PU','110103'),(523,'2022-09-20 16:25:50.328226','2022-09-20 16:25:50.328267','CEBA - RENE CAMACHO TARQUI','1607373','CARRETERA PANAMERICANA SUR S/N','La Joya','PU','040108'),(524,'2022-09-20 16:25:50.379968','2022-09-20 16:25:50.380014','CEBA - CARLOS W. SUTTON','0794487','JIRON 2 DE MAYO S/N','La Joya','PU','040108'),(525,'2022-09-20 16:25:50.432003','2022-09-20 16:25:50.432050','CEBA - INTERNACIONAL','1544071','AVENIDA PANAMERICA VIA LIMA','La Joya','PR','040108'),(526,'2022-09-20 16:25:50.479101','2022-09-20 16:25:50.479145','CEBA - THOMAS JEFFERSON','1639970','CALLE JOSE ANTONIO SUCRE MZ G LOTE 01 ZONA B','La Joya','PR','040108'),(527,'2022-09-20 16:25:50.529369','2022-09-20 16:25:50.529520','CEBA - SGTO.1 FAP RENE CAMACHO TARQUI','1760438','CARRETERA PANAMERICANA SUR S/N','La Joya','PU','040108'),(528,'2022-09-20 16:25:50.663814','2022-09-20 16:25:50.663863','CARLOS W. SUTTON','0309542','JIRON 2 DE MAYO S/N','La Joya','PU','040108'),(529,'2022-09-20 16:25:50.713649','2022-09-20 16:25:50.713698','40326 JUAN VELASCO ALVARADO','0501486','CENTRO DE SERVICIOS','La Joya','PU','040108'),(530,'2022-09-20 16:25:50.764031','2022-09-20 16:25:50.764079','40065 GLORIOSO HEROES DEL CENEPA','0517565','SAN ISIDRO','La Joya','PU','040108'),(531,'2022-09-20 16:25:50.813349','2022-09-20 16:25:50.813394','SGTO. 1 FAP. LAZARO ORREGO MORALES','0617464','BASE AEREA DE VITOR','La Joya','PU','040108'),(532,'2022-09-20 16:25:50.863400','2022-09-20 16:25:50.863446','EL CRUCE','0695320','JIRON JOSE CARLOS MARIATEGUI S/N','La Joya','PU','040108'),(533,'2022-09-20 16:25:50.912560','2022-09-20 16:25:50.912589','COR. FAP CESAR FAURA GOUBET','0695346','CALLE LOS CLAVELES MZ G LOTE 3','La Joya','PU','040108'),(534,'2022-09-20 16:25:50.965104','2022-09-20 16:25:50.965156','40096','0745976','SAN CAMILO MZ A LOTE 5','La Joya','PU','040108'),(535,'2022-09-20 16:25:51.164272','2022-09-20 16:25:51.164321','RENE CAMACHO TARQUI','0899278','CARRETERA PANAMERICANA SUR S/N','La Joya','PU','040108'),(536,'2022-09-20 16:25:51.213754','2022-09-20 16:25:51.213803','JESUS','0899302','AVENIDA PAZ SOLDAN S/N','La Joya','PU','040108'),(537,'2022-09-20 16:25:51.263885','2022-09-20 16:25:51.263933','CIENCIAS SEÑOR DE LA JOYA - JUAN ORELLANA GARCIA','1261429','AVENIDA CAPITAN ABELARDO QUIÑONES S/N','La Joya','PR','040108'),(538,'2022-09-20 16:25:51.321371','2022-09-20 16:25:51.321420','40353 SANTIAGO ANTUNEZ DE MAYOLO','1271659','SAN CAMILO','La Joya','PU','040108'),(539,'2022-09-20 16:25:51.371619','2022-09-20 16:25:51.371665','NUESTRO SEÑOR DE LOS MILAGROS','1607191','SAN CAMILO','La Joya','PR','040108'),(540,'2022-09-20 16:25:51.431150','2022-09-20 16:25:51.431199','SEÑOR DE LOS MILAGROS DE LA JOYA','1607258','MZ F LOTE 5','La Joya','PR','040108'),(541,'2022-09-20 16:25:51.480731','2022-09-20 16:25:51.480778','SANTISIMA VIRGEN DE CHAPI','1607340','EL TRIUNFO','La Joya','PR','040108'),(542,'2022-09-20 16:25:51.532216','2022-09-20 16:25:51.532263','DIVINO REDENTOR','1341510','AVENIDA PAZ SOLDAN 616','La Joya','PR','040108'),(543,'2022-09-20 16:25:51.580475','2022-09-20 16:25:51.580522','40068','1379304','EL RAMAL','La Joya','PU','040108'),(544,'2022-09-20 16:25:51.644313','2022-09-20 16:25:51.644357','SAN FERNANDO','1410935','AVENIDA DOS DE MAYO 205','La Joya','PR','040108'),(545,'2022-09-20 16:25:51.755452','2022-09-20 16:25:51.755500','EL TRIUNFO II','1653591','EL TRIUNFO II AA.HH.','La Joya','PU','040108'),(546,'2022-09-20 16:25:51.805485','2022-09-20 16:25:51.805537','40093','1658194','IRRIGACION-LA CANO','La Joya','PU','040108'),(547,'2022-09-20 16:25:51.915483','2022-09-20 16:25:51.915533','LA JOYA','1663459','AVENIDA PAZ SOLDAN MZ W LOTE 04 ZONA A','La Joya','PR','040108'),(548,'2022-09-20 16:25:51.959136','2022-09-20 16:25:51.959159','J.N. ANDREWS - VILLA ESPERANZA','1694116','CALLE SAMARA MZ C LOTE 4','La Joya','PR','040108'),(549,'2022-09-20 16:25:52.013541','2022-09-20 16:25:52.013586','BRYCE LA JOYA','1719772','AVENIDA PAZ SOLDAN 307','La Joya','PR','040108'),(550,'2022-09-20 16:25:52.072162','2022-09-20 16:25:52.072209','ANGELES DE LA PAZ','1719780','CALLE SAN MARTIN 103 - 107','La Joya','PR','040108'),(551,'2022-09-20 16:25:52.130357','2022-09-20 16:25:52.130402','40137 NUESTRA SEÑORA DE LA GLORIA','1747195','PANAMERICANA SUR MZ O LOTE 1 ZONA B','La Joya','PU','040108'),(552,'2022-09-20 16:25:52.180795','2022-09-20 16:25:52.180841','ADUNSA','1748722','CALLE JOSE OLAYA S/N','La Joya','PR','040108'),(553,'2022-09-20 16:25:52.239064','2022-09-20 16:25:52.239113','PRONOE VIRGEN DE GUADALUPE','1333350','CALLE MARISCAL SUCRE 103','La Joya','PR','040108'),(554,'2022-09-20 16:25:52.322801','2022-09-20 16:25:52.322848','SAN MARTIN DE PORRES','1333079','MZ F LOTE 5','La Joya','PR','040108'),(555,'2022-09-20 16:46:50.544123','2022-09-20 16:46:50.544158','CEBA - CONSTANTINO CARVALLO','1443910','YANAMA','Carmen Alto','PU','050104'),(556,'2022-09-20 16:46:50.610733','2022-09-20 16:46:50.610758','CEBA - SIGNOS DE FE DE LA SALLE','1540814','AVENIDA MARISCAL CACERES MZ U1 LOTE 04','Carmen Alto','PR','050104'),(557,'2022-09-20 16:46:50.668754','2022-09-20 16:46:50.668781','CEBA - MARI CARMEN SALAS','1724772','AVENIDA MARISCAL CACERES 104','Carmen Alto','PU','050104'),(558,'2022-09-20 16:46:50.710231','2022-09-20 16:46:50.710252','ABRAHAM VALDELOMAR','0616466','AVENIDA VISTA ALEGRE S/N','Carmen Alto','PU','050104'),(559,'2022-09-20 16:46:50.773974','2022-09-20 16:46:50.773992','CYBERNET','1140698','AVENIDA CARMEN ALTO 392','Carmen Alto','PR','050104'),(560,'2022-09-20 16:46:50.818289','2022-09-20 16:46:50.818308','JOSE GABRIEL CONDORCANQUI','1345974','PASAJE PASAJE MZ B LOTE 2','Carmen Alto','PU','050104'),(561,'2022-09-20 16:46:50.860601','2022-09-20 16:46:50.860622','DOMINGO SAVIO','1610070','JIRON HUARAZ 100','Carmen Alto','PR','050104'),(562,'2022-09-20 16:46:50.944336','2022-09-20 16:46:50.944373','COLEGIO MILITAR BASILIO AUQUI','1362789','CALLE LOS LIBERTADORES S/N','Carmen Alto','PU','050104'),(563,'2022-09-20 16:46:50.993617','2022-09-20 16:46:50.993636','JAVIER HERAUD PEREZ','1395391','MZ Y LOTE 1','Carmen Alto','PU','050104'),(564,'2022-09-20 16:46:51.063231','2022-09-20 16:46:51.063264','LOS ANGELES DE LA PAZ','1443928','YANAMA','Carmen Alto','PU','050104'),(565,'2022-09-20 16:46:51.126485','2022-09-20 16:46:51.126504','SIGNOS DE FE DE LA SALLE','1493725','AVENIDA MARISCAL CACERES MZ U1 LOTE 04','Carmen Alto','PR','050104'),(566,'2022-09-20 16:46:51.169184','2022-09-20 16:46:51.169205','13 DE ABRIL','1516996','PLAZA PRINCIPAL','Carmen Alto','PU','050104'),(567,'2022-09-20 16:46:51.227053','2022-09-20 16:46:51.227074','INTERNACIONAL PERUANO EUROPEO','1574375','CARRETERA AYACUHO - ANDAHUAYLAS KM. 7.5 SECTOR YANAMA','Carmen Alto','PR','050104'),(568,'2022-09-20 16:46:51.287657','2022-09-20 16:46:51.287688','OTTO VALLADARES RODRIGUEZ','1639756','CALLE CALLE S/N','Carmen Alto','PU','050104'),(569,'2022-09-20 18:20:27.556110','2022-09-20 18:20:27.556139','ACCHA','0495069','PAMPACUCHO S/N','Accha','PU','081002'),(570,'2022-09-20 18:20:27.602759','2022-09-20 18:20:27.602802','50378','1625557','MISANAPATA','Accha','PU','081002'),(571,'2022-09-20 18:33:28.057867','2022-09-20 18:33:28.057906','CEBA - JOSE CARLOS MARIATEGUI','1451590','CALLE PROGRESO S/N','Julcan','PR','130501'),(572,'2022-09-20 18:33:28.130599','2022-09-20 18:33:28.130647','CEBA - SAN ANTONIO','1528165','CALLE MIRAFLORES 039','Julcan','PR','130501'),(573,'2022-09-20 18:33:28.194682','2022-09-20 18:33:28.194735','CEBA - LUIS FELIPE DE LA PUENTE UCEDA','1755644','AVENIDA 28 DE JULIO 116','Julcan','PU','130501'),(574,'2022-09-20 18:33:28.247040','2022-09-20 18:33:28.247089','TECNICO SAN JUAN BAUTISTA','1167519','CALLE LA CULTURA 305','Julcan','PU','130501'),(575,'2022-09-20 18:33:28.299051','2022-09-20 18:33:28.299102','80319','1167477','PARUQUE ALTO','Julcan','PU','130501'),(576,'2022-09-20 18:33:28.346853','2022-09-20 18:33:28.346967','80315','1167394','SAN ANTONIO','Julcan','PU','130501'),(577,'2022-09-20 18:33:28.487063','2022-09-20 18:33:28.487114','80252 MIGUEL ANGEL OTINIANO ZAVALETA','1167352','CHUGURPAMPA','Julcan','PU','130501'),(578,'2022-09-20 18:33:28.538106','2022-09-20 18:33:28.538153','80249 LUIS FELIPE DE LA PUENTE','1167311','AVENIDA 28 DE JULIO 116','Julcan','PU','130501'),(579,'2022-09-20 18:33:28.634774','2022-09-20 18:33:28.634824','80316','1167436','AYANGAY','Julcan','PU','130501'),(580,'2022-09-20 18:33:28.700542','2022-09-20 18:33:28.700565','80720','1451566','SANTA APOLONIA','Julcan','PU','130501'),(581,'2022-09-20 18:33:28.983292','2022-09-20 18:33:28.983336','80318','1268218','CARRAPALDAY CHICO','Julcan','PU','130501'),(582,'2022-09-20 18:33:29.197905','2022-09-20 18:33:29.197960','80258','1363381','CHOPTALOMA','Julcan','PU','130501'),(583,'2022-09-20 18:33:29.338009','2022-09-20 18:33:29.338060','80723','1375047','PAMPAN','Julcan','PU','130501'),(584,'2022-09-20 18:33:29.522792','2022-09-20 18:33:29.522841','CPED - 80251','1379627','CANDUALL ALTO','Julcan','PU','130501'),(585,'2022-09-20 18:33:29.649702','2022-09-20 18:33:29.649753','80793','1416320','SAN JUAN ALTO','Julcan','PU','130501'),(586,'2022-09-20 18:33:29.816545','2022-09-20 18:33:29.816596','80321','1533579','PARUQUE BAJO','Julcan','PU','130501'),(587,'2022-09-20 18:33:29.881337','2022-09-20 18:33:29.881385','82106','1709955','ORIENTE HUAYCHACA','Julcan','PU','130501'),(588,'2022-09-20 19:17:31.815823','2023-01-03 12:53:14.786593','CEBA - HUMBERTO LUNA','0489302','CALLE ESPINAR 401','Calca','PU','080401'),(589,'2022-09-20 19:17:31.890291','2023-01-03 12:53:14.793604','CEBA - CESAR VALLEJO','1389238','AVENIDA CUSCO 250','Calca','PR','080401'),(590,'2022-09-20 19:17:32.083845','2023-01-03 12:53:14.800983','HUMBERTO LUNA','0233114','CALLE ESPINAR 401','Calca','PU','080401'),(591,'2022-09-20 19:17:32.133315','2023-01-03 12:53:14.806089','28','0236901','CALLE CCORICANCHA S/N','Calca','PU','080401'),(592,'2022-09-20 19:17:32.266749','2023-01-03 12:53:14.810906','NUESTRA SEÑORA DE BELEN','0932087','CALLE UCAYALI S/N','Calca','PU','080401'),(593,'2022-09-20 19:17:32.324888','2023-01-03 12:53:14.815677','SAGRADO CORAZON DE JESUS','0932178','AVENIDA VILCANOTA S/N','Calca','PU','080401'),(594,'2022-09-20 19:17:32.382247','2023-01-03 12:53:14.820587','JUAN VELASCO ALVARADO','0932202','HUARAN','Calca','PU','080401'),(595,'2022-09-20 19:17:32.440858','2023-01-03 12:53:14.825453','NUESTRA SEÑORA DE LA MERCED','0933291','CALLE LOS JARDINES 02','Calca','PR','080401'),(596,'2022-09-20 19:17:32.499254','2023-01-03 12:53:14.830458','THOMAS ALVA EDISON','1389352','CALLE GENERAL OLLANTA S/N','Calca','PR','080401'),(597,'2022-09-20 19:17:32.557575','2023-01-03 12:53:14.835793','50187 SAN JOSE','1721422','PAMPALLACTA PAMPALLACTA','Calca','PU','080401'),(598,'2022-09-20 19:17:32.616533','2023-01-03 12:53:14.840482','AGROECOLOGICA SAN JOSE OBRERO','1748375','CARRETERA CARRETERA CALCA -MACHACANCHA S/N','Calca','PU','080401'),(599,'2022-09-20 19:17:32.676321','2023-01-03 12:53:14.845077','SAN JOSE CRISTO SALVADOR','1756857','CRISTO SALVADOR','Calca','PU','080401'),(600,'2022-09-20 19:17:32.741144','2023-01-03 12:53:14.849794','50189','1769645','TTIO TTIO','Calca','PU','080401'),(601,'2022-09-20 19:17:32.790589','2023-01-03 12:53:14.854598','IMPERIO DEL SUR','1772649','CALLE OLLANTA MZ A1 LOTE 5','Calca','PR','080401'),(602,'2022-09-21 10:59:17.268550','2022-09-21 10:59:22.067837','AGROPECUARIO TECNICO INDUSTRIAL NUESTRO SEÑOR','0286344','PLAZA SAN MARTIN','Huamantanga','PU','150403'),(603,'2022-09-21 11:08:32.665972','2022-09-21 11:08:47.526763','CEBA - GENERAL OLLANTA','0236000','AVENIDA SR TORRECHAYOC 620','Urubamba','PU','081301'),(604,'2022-09-21 11:08:32.729311','2022-09-21 11:08:47.598543','CEBA - ROSA DE SANTA MARIA','1398809','JIRON GRAU 213','Urubamba','PR','081301'),(605,'2022-09-21 11:08:32.801782','2022-09-21 11:08:47.705037','CEBA - DIVINO MAESTRO','1398817','JIRON BOLIVAR 625','Urubamba','PR','081301'),(606,'2022-09-21 11:08:32.863080','2022-09-21 11:08:47.777744','CEBA - DIVINO MAESTRO','1398825','JIRON BOLIVAR 625','Urubamba','PR','081301'),(607,'2022-09-21 11:08:32.921178','2022-09-21 11:08:47.847643','CEBA - GENERAL OLLANTA','1361062','AVENIDA SR TORRECHAYOC 620','Urubamba','PU','081301'),(608,'2022-09-21 11:08:32.979060','2022-09-21 11:08:47.906887','GENERAL OLLANTA','0236158','AVENIDA SR TORRECHAYOC 620','Urubamba','PU','081301'),(609,'2022-09-21 11:08:33.038380','2022-09-21 11:08:47.965717','VALLE SAGRADO','0236281','JIRON NICOLAS BARRE S/N','Urubamba','PU','081301'),(610,'2022-09-21 11:08:33.096638','2022-09-21 11:08:48.023306','AGROPECUARIO','0236927','CHARCAHUAYLLA','Urubamba','PU','081301'),(611,'2022-09-21 11:08:33.154548','2022-09-21 11:08:48.081497','SEÑOR DE TORRECHAYOC','0591875','YANAHUARA','Urubamba','PU','081301'),(612,'2022-09-21 11:08:33.229793','2022-09-21 11:08:48.140453','INTEGRANDO','0931725','AVENIDA SAN ISIDRO P-9','Urubamba','PR','081301'),(613,'2022-09-21 11:08:33.288120','2022-09-21 11:08:48.201495','BOLIVARIANO','1398742','AVENIDA 9 DE NOVIEMBRE S/N','Urubamba','PR','081301'),(614,'2022-09-21 11:08:33.346097','2022-09-21 11:08:48.279607','INTERCULTURAL SOL Y LUNA','1398783','FUNDO HUINCHO','Urubamba','PR','081301'),(615,'2022-09-21 11:08:33.404666','2022-09-21 11:08:48.340170','SAGRADO CORAZON DE JESUS','1398791','AVENIDA 9 DE NOVIEMBRE','Urubamba','PR','081301'),(616,'2022-09-21 11:08:33.463946','2022-09-21 11:08:48.398395','50575 LA SALLE','1398916','CHARCAHUAYLLA','Urubamba','PU','081301'),(617,'2022-09-21 11:08:33.521751','2022-09-21 11:08:48.457139','DIVINO MAESTRO','1398932','JIRON BOLIVAR 625','Urubamba','PR','081301'),(618,'2022-09-21 11:08:33.579804','2022-09-21 11:08:48.514649','TUPAC AMARU','1463991','HUACAHUASI','Urubamba','PU','081301'),(619,'2022-09-21 11:08:33.743635','2022-09-21 11:08:48.574361','MISION AMERICA CRISTIANA BILINGUE','1531250','CALLE PROLONGACION COMERCIO 100','Urubamba','PR','081301'),(620,'2022-09-21 11:08:33.809068','2022-09-21 11:08:48.631949','APU TORRECHAYOC','1536655','JIRON BOLOGNESI 633','Urubamba','PR','081301'),(621,'2022-09-21 11:08:33.872603','2022-09-21 11:08:48.689735','UNION DE NUEVOS INTELIGENTES','1632868','AVENIDA LA CONVENCION 173','Urubamba','PR','081301'),(622,'2022-09-21 11:08:33.946662','2022-09-21 11:08:48.749117','LOS ANDES SCHOOL','1636687','COYARUMIYOC SECTOR II','Urubamba','PR','081301'),(623,'2022-09-21 11:08:34.005905','2022-09-21 11:08:48.806537','COTOHUINCHO','1773035','CALLE JUAN PEREZ MARIN S/N','Urubamba','PU','081301'),(624,'2022-09-21 12:23:03.862530','2022-09-21 12:23:10.013989','CEBA - 50052','0235531','JIRON LIMA 868','Acomayo','PU','080201'),(625,'2022-09-21 12:23:04.008324','2022-09-21 12:23:10.127599','TOMASA TTITO CONDEMAYTA','0236430','AVENIDA ESCALANTE S/N','Acomayo','PU','080201'),(626,'2022-09-21 12:23:04.157651','2022-09-21 12:23:10.326494','VIRGEN DEL CARMEN','1388107','JIRON RAMON CASTILLA S/N','Acomayo','PR','080201'),(627,'2022-09-21 12:23:04.326182','2022-09-21 12:23:10.484244','JORGE EFRAIN VILLAFUERTE MUJICA','1525047','PITUMARCA','Acomayo','PU','080201'),(628,'2022-09-21 12:23:04.476380','2022-09-21 12:23:10.677610','HUASCAR','1532530','HUASCAR','Acomayo','PU','080201'),(629,'2022-09-21 12:23:04.570501','2022-09-21 12:23:10.844006','DANIEL ALCIDES CARRION','1534965','AVENIDA ESCALANTE S/N','Acomayo','PU','080201'),(630,'2022-09-21 15:22:48.693698','2023-01-03 16:43:51.746852','CEBA - LA SALLE - KITENI','1394246','CALLE PRINCIPAL S/N','Echarate','PR','080902'),(631,'2022-09-21 15:22:48.753684','2023-01-03 16:43:51.752016','JOSE MARIA ARGUEDAS','0236398','AVENIDA JOSE MARIA ARGUEDAS S/N','Echarate','PU','080902'),(632,'2022-09-21 15:22:48.819578','2023-01-03 16:43:51.756176','JOSE CARLOS .MARIATEGUI','0495226','PALMA REAL S/N','Echarate','PU','080902'),(633,'2022-09-21 15:22:48.872898','2023-01-03 16:43:51.759614','50898 MIGUEL GRAU','0621540','KITENI','Echarate','PU','080902'),(634,'2022-09-21 15:22:48.930996','2023-01-03 16:43:51.763151','TUPAC AMARU','0672279','CIRIALO S/N','Echarate','PU','080902'),(635,'2022-09-21 15:22:48.989598','2023-01-03 16:43:51.766383','SAN ANTONIO DE PADUA','0699660','SAJIRUYOC','Echarate','PU','080902'),(636,'2022-09-21 15:22:49.048087','2023-01-03 16:43:51.769935','SANTO DOMINGO','0750364','PANGOA','Echarate','PU','080902'),(637,'2022-09-21 15:22:49.107078','2023-01-03 16:43:51.777335','MEDIO URUBAMBA','0750372','IVOCHOTE S/N','Echarate','PU','080902'),(638,'2022-09-21 15:22:49.164857','2023-01-03 16:43:51.785656','JAVIER PEREZ DE CUELLAR','0932822','KEPASHIATO','Echarate','PU','080902'),(639,'2022-09-21 15:22:49.227523','2023-01-03 16:43:51.789463','ALTO URUBAMBA','0933705','KITENI S/N','Echarate','PR','080902'),(640,'2022-09-21 15:22:49.282574','2023-01-03 16:43:51.792994','CHAUPIMAYO C','1062215','CHAUPIMAYO C','Echarate','PR','080902'),(641,'2022-09-21 15:22:49.340511','2023-01-03 16:43:51.796414','MANUEL GONZALES PRADA','0621516','ICHIQUIATO ALTO','Echarate','PU','080902'),(642,'2022-09-21 15:22:49.399126','2023-01-03 16:43:51.799794','NUEVA CALIFORNIA','0750356','NUEVA CALIFORNIA','Echarate','PU','080902'),(643,'2022-09-21 15:22:49.457890','2023-01-03 16:43:51.803196','SAN ANTONIO','0750398','SAN ANTONIO','Echarate','PU','080902'),(644,'2022-09-21 15:22:49.515660','2023-01-03 16:43:51.806337','ILLAPANI','0783092','ILLAPANI','Echarate','PR','080902'),(645,'2022-09-21 15:22:49.570520','2023-01-03 16:43:51.809840','VIRGEN DEL CARMEN','0932855','CHACO ROSARIO','Echarate','PR','080902'),(646,'2022-09-21 15:22:49.660915','2023-01-03 16:43:51.813362','SANTA ROSA DE LIMA','0932889','ALBASUYOC','Echarate','PR','080902'),(647,'2022-09-21 15:22:49.957402','2023-01-03 16:43:51.816794','MARTIN PIO CONCHA','0932913','DUCHISELA','Echarate','PR','080902'),(648,'2022-09-21 15:22:50.014642','2023-01-03 16:43:51.820184','SANTOATO','0932947','SANTOATO','Echarate','PR','080902'),(649,'2022-09-21 15:22:50.098256','2023-01-03 16:43:51.823651','DOS DE MAYO','0932970','KUVIRIARI','Echarate','PR','080902'),(650,'2022-09-21 15:22:50.157402','2023-01-03 16:43:51.827264','501108 MEDIO URUBAMBA','1394519','IVOCHOTE','Echarate','PU','080902'),(651,'2022-09-21 15:22:50.248893','2023-01-03 16:43:51.832225','YOMENTONI','1394527','YOMENTONI M I','Echarate','PR','080902'),(652,'2022-09-21 15:22:50.307862','2023-01-03 16:43:51.841569','CRFA MOSOQ ILLARY','1394550','CHAHUARES S/N','Echarate','PU','080902'),(653,'2022-09-21 15:22:50.383387','2023-01-03 16:43:51.847299','JOSE PIO AZA','0713826','KORIBENI','Echarate','PU','080902'),(654,'2022-09-21 15:22:50.459172','2023-01-03 16:43:51.852243','CRFA RIQCHARIY WAYNA','1323955','PROGRESO S/N','Echarate','PU','080902'),(655,'2022-09-21 15:22:50.507300','2023-01-03 16:43:51.855928','CRFA OTYARIRA ONEAKOTANA ENKANIRIRA-YOMENTONI','1423888','YOMENTONI','Echarate','PU','080902'),(656,'2022-09-21 15:22:50.564764','2023-01-03 16:43:51.859499','CRFA AGOIGANAERA MAGANIRO','1459734','SHIMAA','Echarate','PU','080902'),(657,'2022-09-21 15:22:50.615768','2023-01-03 16:43:51.862596','CRFA PONGO DE MAYNIQUE DE PACHIRI','1629369','PACHIRI SECTOR PACHIRI','Echarate','PU','080902'),(658,'2022-09-21 15:22:50.665226','2023-01-03 16:43:51.866350','50902','1722263','SANIRIATO','Echarate','PU','080902'),(659,'2022-09-21 15:22:50.715502','2023-01-03 16:43:51.869948','501109','1730241','KUVIRIARI S/N','Echarate','PU','080902'),(660,'2022-09-21 15:22:50.765629','2023-01-03 16:43:51.877558','CRFA MOSOQ ILLARY WAYNA','1747989','CHAHUARES SECTOR CHAHUARES','Echarate','PU','080902'),(661,'2022-09-21 15:22:50.816917','2023-01-03 16:43:51.885747','501212','1765106','PUGUIENTIMARI','Echarate','PU','080902'),(662,'2022-09-27 11:14:43.814232','2022-09-27 11:14:50.670615','CEBA - NUESTRA SEÑORA DE LORETO','0301556','CARRETERA NAUTA - IQUITOS KM. 1.5','Nauta','PU','160301'),(663,'2022-09-27 11:14:43.888662','2022-09-27 11:14:50.734953','CEBA - 61023 ROSA LICENIA VELA PINEDO DE COSTA','0602714','CALLE TACNA 750','Nauta','PU','160301'),(664,'2022-09-27 11:14:43.946848','2022-09-27 11:14:50.797193','NUESTRA SEÑORA DE LORETO','0302851','PASAJE AGUSTINOS 385','Nauta','PU','160301'),(665,'2022-09-27 11:14:44.005283','2022-09-27 11:14:50.858695','60526 LA PAZ DEL MARAÑON','0528307','RIO MARAÑON','Nauta','PU','160301'),(666,'2022-09-27 11:14:44.063183','2022-09-27 11:14:50.938069','60523','0528406','RIO MARAÑON','Nauta','PU','160301'),(667,'2022-09-27 11:14:44.121736','2022-09-27 11:14:50.999785','60872 ROSA MARIA SILVA DE NOGUEIRA','0566638','RIO MARAÑON','Nauta','PU','160301'),(668,'2022-09-27 11:14:44.179991','2022-09-27 11:14:51.057905','60544 ELIAS AGUIRRE ROMERO','0566661','RIO AMAZONAS','Nauta','PU','160301'),(669,'2022-09-27 11:14:44.264137','2022-09-27 11:14:51.116346','60695 NUESTRA SEÑORA DE AMAZONAS','0803940','RIO MARAÑON S/N','Nauta','PU','160301'),(670,'2022-09-27 11:14:44.322134','2022-09-27 11:14:51.175244','60520 MIGUEL GRAU SEMINARIO','0839670','CARRETERA NAUTA - IQUITOS KM 1.2','Nauta','PU','160301'),(671,'2022-09-27 11:14:44.492022','2022-09-27 11:14:51.233782','60524 DAVID DAVILA VASQUEZ','0839704','RIO AMAZONAS','Nauta','PU','160301'),(672,'2022-09-27 11:14:44.551829','2022-09-27 11:14:51.283163','60525 SGTO. JUAN MONTALVAN APAGUEÑO','0839738','RIO AMAZONAS','Nauta','PU','160301'),(673,'2022-09-27 11:14:44.610065','2022-09-27 11:14:51.333218','60535 JOSE SILVERIO NAVARRO GUERRA','0839761','SANTA FE','Nauta','PU','160301'),(674,'2022-09-27 11:14:44.669384','2022-09-27 11:14:51.432951','ANEXO-60540','0839795','RIO TIGRE','Nauta','PU','160301'),(675,'2022-09-27 11:14:44.788928','2022-09-27 11:14:51.482816','60547','0839829','RIO MARAÑON ZONA II','Nauta','PU','160301'),(676,'2022-09-27 11:14:44.852471','2022-09-27 11:14:51.533132','60835 RAFAEL SEGUNDO VASQUEZ GARCIA','0839852','RIO MARAÑON','Nauta','PU','160301'),(677,'2022-09-27 11:14:44.910992','2022-09-27 11:14:51.641912','ANEXO-60539','1149947','LAGO SAN PABLO DE TIPISHCA','Nauta','PU','160301'),(678,'2022-09-27 11:14:45.027605','2022-09-27 11:14:51.708717','60775 HECTOR ISUIZA HIDALGO','1149988','RIO AMAZONAS','Nauta','PU','160301'),(679,'2022-09-27 11:14:45.111161','2022-09-27 11:14:51.766797','60947','1150028','RIO MARAÑON QUEBRADA YANAYACU','Nauta','PU','160301'),(680,'2022-09-27 11:14:45.169244','2022-09-27 11:14:51.825733','61022 JORGE BARDALES RUIZ','1150069','CALLE MANUEL PACAYA 550','Nauta','PU','160301'),(681,'2022-09-27 11:14:45.227975','2022-09-27 11:14:51.883683','61023 ROSA LICENIA VELA PINEDO DE COSTA','1150101','CALLE TACNA 750','Nauta','PU','160301'),(682,'2022-09-27 11:14:45.286558','2022-09-27 11:14:52.008971','60564','1152750','RIO MARAÑON','Nauta','PU','160301'),(683,'2022-09-27 11:14:45.344520','2022-09-27 11:14:52.067307','6010248 JOSE FRANCISCO DA CRUZ','1152792','QUEBRADA CHIRIYACU','Nauta','PU','160301'),(684,'2022-09-27 11:14:45.403143','2022-09-27 11:14:52.125595','60536','1537224','RIO MARAÑON','Nauta','PU','160301'),(685,'2022-09-27 11:14:45.461424','2022-09-27 11:14:52.192461','60522 FELIPE RAMON DOCUMET SILVA','1537240','TARAPACA CON DIEGO RODRIGUEZ','Nauta','PU','160301'),(686,'2022-09-27 11:14:45.520110','2022-09-27 11:14:52.241766','60570 PROF. MIGUEL AREVALO QUIROZ','1537372','LAGO SAN PABLO DE TIPISHCA','Nauta','PU','160301'),(687,'2022-09-27 11:14:45.578350','2022-09-27 11:14:52.291990','60558','1537380','RIO TIGRE','Nauta','PU','160301'),(688,'2022-09-27 11:14:45.636914','2022-09-27 11:14:52.367439','60567','1340652','LAGO TIPISHCA RIO MARAÑON','Nauta','PU','160301'),(689,'2022-09-27 11:14:45.703840','2022-09-27 11:14:52.426106','60555','1405828','RIO MARAÑON','Nauta','PU','160301'),(690,'2022-09-27 11:14:45.838412','2022-09-27 11:14:52.524740','601594','1548189','JIRON TRUJILLO S/N','Nauta','PU','160301'),(691,'2022-09-27 11:14:45.897583','2022-09-27 11:14:52.588022','60548','1625714','RIO MARAÑON','Nauta','PU','160301'),(692,'2022-09-27 11:14:45.957632','2022-09-27 11:14:52.642828','60543','1671031','QUEBRADA NAHUAPA - RIO TIGRE','Nauta','PU','160301'),(693,'2022-09-27 11:14:46.013896','2022-09-27 11:14:52.725236','601748','1745298','BUEN RETIRO - RIO MARAÑON','Nauta','PU','160301'),(694,'2022-09-27 11:14:46.080239','2022-09-27 11:14:52.809801','60542','1751262','RIO AMAZONAS','Nauta','PU','160301'),(695,'2022-09-27 11:14:46.138702','2022-09-27 11:14:52.868542','6010321 VIRGEN ROSA MISTICA','1751270','CALLE PROLONGACION 28 DE JULIO','Nauta','PU','160301'),(696,'2022-09-27 11:14:46.197061','2022-09-27 11:14:52.927412','60557','1752567','RIO MARAÑON','Nauta','PU','160301'),(697,'2022-09-27 11:14:46.364512','2022-09-27 11:14:52.985023','AGUILA CONDOR','1773159','CALLE VICTOR ALVAN CABALLERO','Nauta','PU','160301'),(698,'2022-09-27 11:14:46.481721','2022-09-27 11:14:53.051978','61023 ROSA LICENIA VELA PINEDO DE COSTA','1155399','CALLE TACNA 750','Nauta','PU','160301'),(699,'2022-09-29 11:04:06.446571','2023-01-03 12:58:50.207458','CEBA - JOSE CARLOS MARIATEGUI','1361047','AVENIDA JOSE CARLOS MARIATEGUI S/N','Huayopata','PU','080903'),(700,'2022-09-29 11:04:06.893646','2023-01-03 12:58:50.214299','JOSE CARLOS MARIATEGUI','0236380','AVENIDA JOSE CARLOS MARIATEGUI S/N','Huayopata','PU','080903'),(701,'2022-09-29 11:04:07.118334','2023-01-03 12:58:50.218682','LEONCIO PRADO','0621367','HUAYOPATA','Huayopata','PU','080903'),(702,'2022-09-29 11:04:07.235734','2023-01-03 12:58:50.222924','CORONEL FRANCISCO BOLOGNESI','0699678','CARRETERA AMAYBAMBA S/N','Huayopata','PU','080903'),(703,'2022-09-29 11:04:07.360439','2023-01-03 12:58:50.227291','JOSE CARLOS MARIATEGUI','0934257','AVENIDA JOSE CARLOS MARIATEGUI S/N','Huayopata','PU','080903'),(704,'2022-10-10 09:31:04.779780','2023-01-03 09:56:32.444690','CEBA - JOSE GABRIEL CONDORCANQUI','1361039','MARANURA ALTA SECTOR MARANURA ZONA ALTA','Maranura','PU','080904'),(705,'2022-10-10 09:31:04.931099','2023-01-03 09:56:32.451198','MICAELA BASTIDAS','0236372','AVENIDA REVOLUCION S/N','Maranura','PU','080904'),(706,'2022-10-10 09:31:05.203003','2023-01-03 09:56:32.456405','SEÑOR DE LOS MILAGROS','0489153','SANTA MARIA - MARANURA S/N','Maranura','PU','080904'),(707,'2022-10-10 09:31:05.378596','2023-01-03 09:56:32.461552','CESAR ABRAHAM VALLEJO MENDOZA','0934315','MANDOR S/N','Maranura','PU','080904'),(708,'2022-10-10 09:31:05.561481','2023-01-03 09:56:32.466180','MARANURA','0718528','AVENIDA REVOLUCION S/N','Maranura','PU','080904'),(709,'2022-10-11 08:26:37.377948','2023-01-03 12:31:11.852650','CEBA - JUAN BOSCO','1200781','AVENIDA EJERCITO 13-B','Santiago','PR','080106'),(710,'2022-10-11 08:26:37.506083','2023-01-03 12:31:11.859266','CEBA - AMAUTA','0616094','CALLE JERUSALEN S/N','Santiago','PU','080106'),(711,'2022-10-11 08:26:37.572376','2023-01-03 12:31:11.864155','CEBA - CORONEL FRANCISCO BOLOGNESI','0644930','CALLE COLINDA CON LA CALLE JOSE OLAYA S/N','Santiago','PU','080106'),(712,'2022-10-11 08:26:37.630357','2023-01-03 12:31:11.868676','CEBA - SANTA GABRIELA','1386010','CALLE RAMON CASTILLA MZ F LOTE 10-11','Santiago','PR','080106'),(713,'2022-10-11 08:26:37.688896','2023-01-03 12:31:11.873342','CEBA - INMACULADA CONCEPCION','1201771','CALLE PATACALLE 1210','Santiago','PR','080106'),(714,'2022-10-11 08:26:37.747995','2023-01-03 12:31:11.877883','CEBA - ABRAHAM LINCOLN','1386119','AVENIDA JOSE ANTONIO DE SUCRE G-1-2','Santiago','PR','080106'),(715,'2022-10-11 08:26:37.805173','2023-01-03 12:31:11.882246','CEBA - SEÑOR DE LA VIDA','1386721','CALLE RAMON CASTILLA MZ F LOTE 10-11','Santiago','PR','080106'),(716,'2022-10-11 08:26:37.897371','2023-01-03 12:31:11.886500','CEBA - AMAUTA','1360965','CALLE JERUSALEN S/N','Santiago','PU','080106'),(717,'2022-10-11 08:26:37.956268','2023-01-03 12:31:11.890938','FE Y ALEGRIA 20','0236778','CALLE ROCOPATA 451','Santiago','PU','080106'),(718,'2022-10-11 08:26:38.013841','2023-01-03 12:31:11.895197','CORONEL FRANCISCO BOLOGNESI','0517698','CALLE COLINDA CON LA CALLE JOSE OLAYA S/N','Santiago','PU','080106'),(719,'2022-10-11 08:26:38.072928','2023-01-03 12:31:11.899376','DIDASKALIO SAN JOSE OBRERO','0621755','AVENIDA PROLONGACION GRAU 30','Santiago','PR','080106'),(720,'2022-10-11 08:26:38.163908','2023-01-03 12:31:11.903562','VIVA EL PERU','0591164','VIVA EL PERU','Santiago','PU','080106'),(721,'2022-10-11 08:26:38.237903','2023-01-03 12:31:11.907710','GRAN MARISCAL ANDRES AVELINO CACERES','0927814','AVENIDA LIBERTAD S/N','Santiago','PU','080106'),(722,'2022-10-11 08:26:38.313508','2023-01-03 12:31:11.911983','ABRAHAM LINCOLN','0928440','AVENIDA JOSE ANTONIO DE SUCRE G-1-2','Santiago','PR','080106'),(723,'2022-10-11 08:26:38.420393','2023-01-03 12:31:11.916144','SAN JOSE','0933564','AVENIDA INDUSTRIAL L-1','Santiago','PR','080106'),(724,'2022-10-11 08:26:38.589719','2023-01-03 12:31:11.920219','FLEMING','0928507','AVENIDA MARISCAL GAMARRA MZ J LOTE 7','Santiago','PR','080106'),(725,'2022-10-11 08:26:38.653759','2023-01-03 12:31:11.924666','WORLD SCHOOL','1201276','AVENIDA COMERCIO D-4','Santiago','PR','080106'),(726,'2022-10-11 08:26:38.712604','2023-01-03 12:31:11.928967','LICEO ITALIANO','1201524','CALLE RAMON CASTILLA MZ F LOTE 10-11','Santiago','PR','080106'),(727,'2022-10-11 08:26:38.777880','2023-01-03 12:31:11.933190','SANTIAGO APOSTOL','1269943','SANTIAGO 517','Santiago','PR','080106'),(728,'2022-10-11 08:26:38.836857','2023-01-03 12:31:11.937450','MARIA ANGOLA','1386192','JIRON VICTORIA PALESTINA MZ FF LOTE 5','Santiago','PR','080106'),(729,'2022-10-11 08:26:38.897124','2023-01-03 12:31:11.941523','50723 CECILIA TUPAC AMARU','1386226','CALLE JOSE CARLOS MARIATEGUI','Santiago','PU','080106'),(730,'2022-10-11 08:26:38.954325','2023-01-03 12:31:11.945600','INMACULADA CONCEPCION','1328509','CALLE PATACALLE 1210','Santiago','PR','080106'),(731,'2022-10-11 08:26:39.082851','2023-01-03 12:31:11.949656','LIDERES','1329465','CALLE TRES MARIA 193','Santiago','PR','080106'),(732,'2022-10-11 08:26:39.237100','2023-01-03 12:31:11.953706','CRFA WAYNAKUNAQ YACHAYWASIN','1336072','CARRETERA OCCOPATA','Santiago','PU','080106'),(733,'2022-10-11 08:26:39.298067','2023-01-03 12:31:11.957814','PABLO APOSTOL','1361740','CALLE DOS DE MAYO B-6','Santiago','PR','080106'),(734,'2022-10-11 08:26:39.490352','2023-01-03 12:31:11.961983','51006 TUPAC AMARU','1370378','CALLE JERUSALEN S/N','Santiago','PU','080106'),(735,'2022-10-11 08:26:39.547984','2023-01-03 12:31:11.966065','PACHAKUTEQ INKA YUPANKI','1390137','AVENIDA PROLONGACION GRAU S/N','Santiago','PU','080106'),(736,'2022-10-11 08:26:39.607550','2023-01-03 12:31:11.970161','BRYCE','1695444','AVENIDA PROLONGACION GRAU 105','Santiago','PR','080106'),(737,'2022-10-11 08:26:39.684641','2023-01-03 12:31:11.974185','INNOVA SCHOOLS - HUANCARO','1773407','AVENIDA SUCRE S/N MZ B LOTE A -B-C-D ZONA B','Santiago','PR','080106'),(738,'2022-10-11 08:26:39.740928','2023-01-03 12:31:11.978148','AMAUTA','1201037','VILLA UNION - HUANCARO L-9','Santiago','PR','080106'),(739,'2022-10-11 08:26:39.893307','2023-01-03 12:31:11.982356','CEBA - SANTA GABRIELA','1386002','CALLE RAMON CASTILLA MZ F LOTE 10-11','Santiago','PR','080106'),(740,'2022-10-11 08:26:39.996443','2023-01-03 12:31:11.986279','WORLD SCHOOL','1266543','AVENIDA COMERCIO D-4','Santiago','PR','080106'),(741,'2022-10-11 08:26:40.083073','2023-01-03 12:31:11.990225','CEBA - SEÑOR DE LA VIDA','1386739','CALLE RAMON CASTILLA MZ F LOTE 10-11','Santiago','PR','080106'),(742,'2022-10-11 11:10:55.682455','2022-10-11 11:11:11.607345','SAN MIGUEL','0579284','CALLE','Acos','PU','080203'),(743,'2022-10-11 11:10:55.727885','2022-10-11 11:11:11.699833','PATRON SANTIAGO','1408426','CORMA','Acos','PU','080203'),(744,'2022-10-11 11:41:56.988788','2022-10-11 11:42:02.521886','MIGUEL GRAU SEMINARIO','0619098','CALLE VISTA ALEGRE S/N','Mariscal Castilla','PU','120209'),(745,'2022-10-11 11:41:57.112405','2022-10-11 11:42:02.921880','SAN MARTIN DE PORRES','1303056','PLAZA PRINCIPAL','Mariscal Castilla','PU','120209'),(746,'2022-12-26 08:33:45.563135','2022-12-26 08:33:54.288004','JOSE MANUEL MEZA','0275743','AVENIDA MAMALA S/N','El Ingenio','PU','110303'),(747,'2022-12-27 08:32:02.419897','2023-01-03 14:07:50.744113','CEBA - AMAUTA','1389337','CALLE BENJAMIN HERMOSA S/N','Yanatile','PR','080408'),(748,'2022-12-27 08:32:02.426604','2023-01-03 14:07:50.751513','CEBA - AMAUTA','1389444','CALLE BENJAMIN HERMOSA S/N','Yanatile','PR','080408'),(749,'2022-12-27 08:32:02.431471','2023-01-03 14:07:50.756223','NUESTRA SEÑORA DEL CARMEN','0495408','QUEBRADA','Yanatile','PU','080408'),(750,'2022-12-27 08:32:02.436350','2023-01-03 14:07:50.760553','50174','0621664','COLCA','Yanatile','PU','080408'),(751,'2022-12-27 08:32:02.441109','2023-01-03 14:07:50.764960','JOSE MARIA ARGUEDAS','0647602','CHANCAMAYO','Yanatile','PU','080408'),(752,'2022-12-27 08:32:02.445706','2023-01-03 14:07:50.769128','50169','0647636','HUACHIBAMBA','Yanatile','PU','080408'),(753,'2022-12-27 08:32:02.450127','2023-01-03 14:07:50.773228','AGUSTIN DE ALAMO','0672030','PUTUCUSI','Yanatile','PU','080408'),(754,'2022-12-27 08:32:02.454314','2023-01-03 14:07:50.822554','CUQUIPATA','0791640','CUQUIPATA','Yanatile','PU','080408'),(755,'2022-12-27 08:32:02.458972','2023-01-03 14:07:50.826737','SAN LUIS GONZAGA','0933119','SANTIAGO','Yanatile','PU','080408'),(756,'2022-12-27 08:32:02.463167','2023-01-03 14:07:50.830845','MONTE SALVADO','0791665','MONTE SALVADO S/N','Yanatile','PU','080408'),(757,'2022-12-27 08:32:02.468776','2023-01-03 14:07:50.835061','50950','1389402','HUILLCAPAMPA COMUNIDAD HUILLCAPAMPA','Yanatile','PU','080408'),(758,'2022-12-27 08:32:02.472860','2023-01-03 14:07:50.839069','501306','1372440','CARMEN ALTO','Yanatile','PU','080408'),(759,'2022-12-27 08:32:02.477904','2023-01-03 14:07:50.843162','50173','1528132','CHAQUIMAYO','Yanatile','PU','080408'),(760,'2022-12-27 08:32:02.482089','2023-01-03 14:07:50.847170','501273 TUPAC AMARU YAVERO','1568443','TUPAC AMARU YAVERO TUPAC AMARU YAVERO','Yanatile','PU','080408'),(761,'2022-12-27 08:32:02.486100','2023-01-03 14:07:50.851254','50704','1739077','SAN MARTIN','Yanatile','PU','080408'),(762,'2022-12-27 14:19:59.449014','2022-12-27 14:20:07.874946','CUYCA','0706358','AUTOPISTA CUYCA','Pimpingos','PU','060606'),(763,'2022-12-27 14:19:59.455996','2022-12-27 14:20:07.884912','JORGE CHAVEZ','0582601','CONDORHUASI','Pimpingos','PU','060606'),(764,'2022-12-27 14:19:59.460765','2022-12-27 14:20:07.892132','LEONCIO PRADO','0535039','PANDALLE','Pimpingos','PU','060606'),(765,'2022-12-27 14:19:59.465466','2022-12-27 14:20:07.898222','JOSE OLAYA','0641928','CARRETERA CASA BLANCA','Pimpingos','PU','060606'),(766,'2022-12-27 14:19:59.469813','2022-12-27 14:20:07.903919','MANUEL GONZALES PRADA','0263046','CALLE HUMBERTO CARRANZA PIEDRA 02','Pimpingos','PU','060606'),(767,'2022-12-27 14:19:59.474073','2022-12-27 14:20:07.909703','MARIANO MELGAR','0691626','PANAMA','Pimpingos','PU','060606'),(768,'2022-12-27 14:19:59.478492','2022-12-27 14:20:07.916755','WILLY H. CASTRO MALARIN','1574391','PUCALA','Pimpingos','PU','060606'),(769,'2022-12-27 14:19:59.482285','2022-12-27 14:20:07.923094','RICARDO PALMA','1765635','EL PALTO','Pimpingos','PR','060606'),(770,'2022-12-27 15:07:42.852429','2022-12-27 15:08:06.294140','CEBA - 71013 GLORIOSO SAN CARLOS','0239632','JIRON AREQUIPA 245','Puno','PU','210101'),(771,'2022-12-27 15:07:42.858000','2022-12-27 15:08:06.302283','CEBA - 45 EMILIO ROMERO PADILLA','0239921','JIRON HUANCANE 154','Puno','PU','210101'),(772,'2022-12-27 15:07:42.863018','2022-12-27 15:08:06.307294','CEBA - 32','0239947','JIRON SIMON BOLIVAR 1505','Puno','PU','210101'),(773,'2022-12-27 15:07:42.867237','2022-12-27 15:08:06.312039','CEBA - SANTA ROSA','1024314','JIRON LEONCIO PRADO 345','Puno','PU','210101'),(774,'2022-12-27 15:07:42.871318','2022-12-27 15:08:06.316823','CEBA - 70025 INDEPENDENCIA NACIONAL','1024355','PASAJE HIPOLITO UNANUE 152','Puno','PU','210101'),(775,'2022-12-27 15:07:42.875370','2022-12-27 15:08:06.321213','CEBA - 70718 VILLA DEL LAGO','1153865','AVENIDA NORTE S/N','Puno','PU','210101'),(776,'2022-12-27 15:07:42.879680','2022-12-27 15:08:06.329532','CEBA - GERMAN TORRES HUMPIRI','1154939','MZ I SECTOR II','Puno','PR','210101'),(777,'2022-12-27 15:07:42.884177','2022-12-27 15:08:06.337639','CEBA - DOMINGO SAVIO','1023845','JIRON AREQUIPA 360','Puno','PR','210101'),(778,'2022-12-27 15:07:42.888193','2022-12-27 15:08:06.342080','CEBA - VILLA DEL LAGO','1331883','AVENIDA NORTE S/N','Puno','PU','210101'),(779,'2022-12-27 15:07:42.892223','2022-12-27 15:08:06.346651','CEBA - 45 EMILIO ROMERO PADILLA','1360130','JIRON HUANCANE 154','Puno','PU','210101'),(780,'2022-12-27 15:07:42.896132','2022-12-27 15:08:06.351217','CEBA - JOSE ANTONIO ENCINAS','1360148','JIRON MANUEL PINO 261','Puno','PU','210101'),(781,'2022-12-27 15:07:42.900215','2022-12-27 15:08:06.355772','CEBA - 32','1360155','JIRON SIMON BOLIVAR 1505','Puno','PU','210101'),(782,'2022-12-27 15:07:42.904293','2022-12-27 15:08:06.360252','CEBA - APLICACION PEDAGOGICO PUNO','1564590','CIUDAD PEDAGOGICA','Puno','PU','210101'),(783,'2022-12-27 15:07:42.908145','2022-12-27 15:08:06.364414','CEBA - VIRGEN DE LA ASUNCION','1702331','ALTO PUNO','Puno','PU','210101'),(784,'2022-12-27 15:07:42.912004','2022-12-27 15:08:06.368553','CEBA - GUE SAN CARLOS','1724855','JIRON EL PUERTO 164','Puno','PU','210101'),(785,'2022-12-27 15:07:42.916075','2022-12-27 15:08:06.372663','LA INMACULADA','0230052','JIRON TACNA 759','Puno','PR','210101'),(786,'2022-12-27 15:07:42.919910','2022-12-27 15:08:06.376890','SAN JUAN BOSCO','0239798','DON BOSCO','Puno','PU','210101'),(787,'2022-12-27 15:07:42.923846','2022-12-27 15:08:06.381136','45 EMILIO ROMERO PADILLA','0239814','JIRON HUANCANE 154','Puno','PU','210101'),(788,'2022-12-27 15:07:42.927677','2022-12-27 15:08:06.385355','32','0239822','JIRON SIMON BOLIVAR 1505','Puno','PU','210101'),(789,'2022-12-27 15:07:42.931453','2022-12-27 15:08:06.389693','GRAN UNIDAD ESCOLAR SAN CARLOS','0240176','JIRON EL PUERTO 164','Puno','PU','210101'),(790,'2022-12-27 15:07:42.935458','2022-12-27 15:08:06.393766','GLORIOSO SAN CARLOS','0240184','JIRON AREQUIPA 245','Puno','PU','210101'),(791,'2022-12-27 15:07:42.939142','2022-12-27 15:08:06.397846','SANTA ROSA','0240259','JIRON DEUSTUA 715','Puno','PU','210101'),(792,'2022-12-27 15:07:42.943000','2022-12-27 15:08:06.401838','MARIA AUXILIADORA','0240267','JIRON LAMBAYEQUE 591','Puno','PU','210101'),(793,'2022-12-27 15:07:42.946710','2022-12-27 15:08:06.405970','NUESTRA SEÑORA DE LA MERCED','0474403','JIRON ALFONSO UGARTE 288','Puno','PR','210101'),(794,'2022-12-27 15:07:42.950351','2022-12-27 15:08:06.409976','INDEPENDENCIA NACIONAL','0578773','PASAJE HIPOLITO UNANUE 152','Puno','PU','210101'),(795,'2022-12-27 15:07:42.954574','2022-12-27 15:08:06.413953','JOSE ANTONIO ENCINAS','0578799','JIRON MANUEL PINO 261','Puno','PU','210101'),(796,'2022-12-27 15:07:42.958265','2022-12-27 15:08:06.417910','SAN JUAN BAUTISTA','0578807','JIRON GRAU 449','Puno','PR','210101'),(797,'2022-12-27 15:07:42.963399','2022-12-27 15:08:06.421930','CARLOS RUBINA BURGOS','0578823','JIRON GRAU 388','Puno','PU','210101'),(798,'2022-12-27 15:07:42.967089','2022-12-27 15:08:06.425882','POLITECNICO HUASCAR','0618447','JIRON ANTONIO MACHADO 140','Puno','PU','210101'),(799,'2022-12-27 15:07:42.970758','2022-12-27 15:08:06.429995','ADVENTISTA PUNO','0660290','JIRON DEZA 454','Puno','PR','210101'),(800,'2022-12-27 15:07:42.974566','2022-12-27 15:08:06.433878','SAN JOSE','0701557','PASAJE ALTO DE LA LUNA S/N','Puno','PU','210101'),(801,'2022-12-27 15:07:42.978395','2022-12-27 15:08:06.437766','JOSE CARLOS MARIATEGUI APLICACION UNA','1024033','JIRON JORGE BASADRE S/N','Puno','PU','210101'),(802,'2022-12-27 15:07:42.982248','2022-12-27 15:08:06.441673','CARLOS DANTE NAVA','1024074','JAYLLIHUAYA','Puno','PU','210101'),(803,'2022-12-27 15:07:42.985807','2022-12-27 15:08:06.445677','DIVINO MAESTRO','1024157','AVENIDA TITICACA 340','Puno','PR','210101'),(804,'2022-12-27 15:07:42.989390','2022-12-27 15:08:06.449784','PRESCOTT','1024199','SAN VICENTE DE PAUL MZ L LOTE 29','Puno','PR','210101'),(805,'2022-12-27 15:07:42.993045','2022-12-27 15:08:06.453706','CIENCIAS LEONARDO FIBONACI','1024272','JIRON LAMBAYEQUE 222','Puno','PR','210101'),(806,'2022-12-27 15:07:42.996347','2022-12-27 15:08:06.457841','VILLA DEL LAGO','1029644','AVENIDA NORTE S/N','Puno','PU','210101'),(807,'2022-12-27 15:07:43.000202','2022-12-27 15:08:06.461757','SAN ANTONIO DE PADUA','1029974','DANIEL ALCIDES CARRION','Puno','PU','210101'),(808,'2022-12-27 15:07:43.003788','2022-12-27 15:08:06.465740','VILLA FATIMA','0239590','JIRON PIURA 150','Puno','PR','210101'),(809,'2022-12-27 15:07:43.007439','2022-12-27 15:08:06.470216','COLLACACHI','0578815','COLLACACHI','Puno','PU','210101'),(810,'2022-12-27 15:07:43.011114','2022-12-27 15:08:06.474303','CARLOS ECHEGARAY LINARES','1024231','TORRE 6 MZ C LOTE 2','Puno','PR','210101'),(811,'2022-12-27 15:07:43.014791','2022-12-27 15:08:06.478265','UROS CHULLUNI','1025774','CHULLUNI','Puno','PU','210101'),(812,'2022-12-27 15:07:43.018495','2022-12-27 15:08:06.482206','SAN IGNACIO DE LOYOLA','1154343','JIRON ANDRES RAZURI 475','Puno','PR','210101'),(813,'2022-12-27 15:07:43.022200','2022-12-27 15:08:06.486368','47092','0578781','JIRON GRAU 380','Puno','PU','210101'),(814,'2022-12-27 15:07:43.025825','2022-12-27 15:08:06.490348','DANIEL ALCIDES CARRION','0701540','CHANU CHANU ETAPA 1','Puno','PU','210101'),(815,'2022-12-27 15:07:43.029354','2022-12-27 15:08:06.494395','ANDRES BELLO','1024116','JIRON CHUCUITO 150-152','Puno','PR','210101'),(816,'2022-12-27 15:07:43.033042','2022-12-27 15:08:06.498341','IMAGINA SCHOOL','1154780','JIRON BRANDEEN 265','Puno','PR','210101'),(817,'2022-12-27 15:07:43.036500','2022-12-27 15:08:06.502274','EMMANUEL','1155381','AVENIDA EL SOL 809','Puno','PR','210101'),(818,'2022-12-27 15:07:43.040079','2022-12-27 15:08:06.506312','DIEGO J. THOMPSON','1571140','JIRON JOSE MARIA ARGUEDAS MZ D LOTE 17','Puno','PR','210101'),(819,'2022-12-27 15:07:43.044396','2022-12-27 15:08:06.510275','CLAUDIO GALENO','1571157','JIRON TEODORO VALCARCEL 136','Puno','PR','210101'),(820,'2022-12-27 15:07:43.048031','2022-12-27 15:08:06.514257','NUESTRA SEÑORA DE GUADALUPE','1571165','CIUDAD DE UNAMUNO','Puno','PR','210101'),(821,'2022-12-27 15:07:43.051612','2022-12-27 15:08:06.519093','CHAMPAGNAT DEL NIÑO DIVINO JESUS','1571249','PARQUE DANIEL ALCIDES CARRION S/N','Puno','PR','210101'),(822,'2022-12-27 15:07:43.055371','2022-12-27 15:08:06.522919','ALEXANDER FLEMING','1571512','JIRON HUANCANE 127','Puno','PR','210101'),(823,'2022-12-27 15:07:43.058960','2022-12-27 15:08:06.526772','NOVUS ORDER','1306950','PASAJE 1 DE MAYO 156','Puno','PR','210101'),(824,'2022-12-27 15:07:43.062638','2022-12-27 15:08:06.530731','INCA MANCO CAPAC','1372879','AVENIDA EJERCITO S/N','Puno','PU','210101'),(825,'2022-12-27 15:07:43.066315','2022-12-27 15:08:06.534573','MARIA TERESA DE CALCUTA','1438753','CALLE CAÑETE 164','Puno','PR','210101'),(826,'2022-12-27 15:07:43.069886','2022-12-27 15:08:06.538542','CRAMER','1438779','CALLE AYACUCHO 690','Puno','PR','210101'),(827,'2022-12-27 15:07:43.073697','2022-12-27 15:08:06.542357','MARIANO SANTOS MATEOS','1561398','MZ Q LOTE 1 ETAPA III SECTOR SALCEDO','Puno','PR','210101'),(828,'2022-12-27 15:07:43.077368','2022-12-27 15:08:06.546327','JAMES BALDWIN','1561380','JIRON LAMPA 315','Puno','PR','210101'),(829,'2022-12-27 15:07:43.081056','2022-12-27 15:08:06.550202','LEONARD EULER','1569201','JIRON ANDRES RAZURI 475','Puno','PR','210101'),(830,'2022-12-27 15:07:43.084448','2022-12-27 15:08:06.554044','EL BUEN PASTOR','1641562','JIRON PITIQUILLANI','Puno','PR','210101'),(831,'2022-12-27 15:07:43.088155','2022-12-27 15:08:06.557991','PRINSTON','1645993','AVENIDA LA TORRE 786','Puno','PR','210101'),(832,'2022-12-27 15:07:43.091898','2022-12-27 15:08:06.561958','SAN SALVADOR','1721471','CIUDAD EL ALTO MZ J','Puno','PU','210101'),(833,'2022-12-27 15:07:43.095483','2022-12-27 15:08:06.565787','CRISTO REY','1731322','AVENIDA ANDRES RASURI 338','Puno','PR','210101'),(834,'2022-12-27 15:07:43.099098','2022-12-27 15:08:06.573179','COLVER','1751296','JIRON LAMPA 315','Puno','PR','210101'),(835,'2022-12-27 15:07:43.102757','2022-12-27 15:08:06.580528','YACHAY SCHOOL','1761295','AVENIDA FLORAL CUADRA 9 S/N','Puno','PR','210101'),(836,'2022-12-27 15:07:43.106339','2022-12-27 15:08:06.584546','GRAN UNIDAD ESCOLAR SAN CARLOS','0239624','JIRON EL PUERTO 164','Puno','PU','210101'),(837,'2022-12-27 15:07:43.110093','2022-12-27 15:08:06.588762','ALTO PUNO','1025782','JIRON EL MIRADOR S/N','Puno','PU','210101'),(838,'2022-12-27 15:07:43.113660','2022-12-27 15:08:06.592784','DILEAA','1571207','AVENIDA CIRCUNVALACION SUR 730','Puno','PR','210101'),(839,'2022-12-27 15:07:43.117239','2022-12-27 15:08:06.596817','JESUS OBRERO','1317569','AVENIDA EJERCITO 252','Puno','PR','210101'),(840,'2022-12-27 22:49:54.621996','2022-12-27 22:50:05.010256','22375','0554725','CARRETERA PRINCIPAL 46','San José de Los Molinos','PU','110109'),(841,'2022-12-27 22:49:54.628884','2022-12-27 22:50:05.017114','CATALINA BUENDIA DE PECHO','0275735','AVENIDA 9 DE OCTUBRE S/N','San José de Los Molinos','PU','110109'),(842,'2022-12-27 22:49:54.633997','2022-12-27 22:50:05.022333','CATALINA BUENDIA DE PECHO','0679696','AVENIDA 9 DE OCTUBRE S/N','San José de Los Molinos','PU','110109'),(843,'2022-12-27 23:18:36.368021','2022-12-27 23:18:40.706006','ANEXO-TECNICO AGROPECUARIO','0587055','AVENIDA PROGRESO S/N','Checca','PU','080502'),(844,'2022-12-27 23:18:36.374433','2022-12-27 23:18:40.692897','CESAR VALLEJO','0931063','SAUSAYA S/N','Checca','PU','080502'),(845,'2022-12-27 23:18:36.378942','2022-12-27 23:18:40.699930','ELIAN KARP','1390467','TUCSA S/N','Checca','PU','080502'),(846,'2022-12-27 23:18:36.388128','2022-12-27 23:18:40.711811','ALTIVA CANAS','1390665','CHITIBAMBA','Checca','PU','080502'),(847,'2022-12-27 23:18:36.392553','2022-12-27 23:18:40.716876','INTEQ KANCHAN','1390673','HANANSAYA','Checca','PU','080502'),(848,'2022-12-28 07:09:53.557676','2023-01-03 12:31:30.707962','CEBA - ALEJANDRO VELASCO ASTETE','0622746','CALLE MANCO CCAPAC 02','San Jerónimo','PU','080104'),(849,'2022-12-28 07:09:53.564083','2023-01-03 12:31:30.712434','CEBA - SAN MARTIN DE PORRES','1399385','MZ A LOTE 7','San Jerónimo','PR','080104'),(850,'2022-12-28 07:09:53.568699','2023-01-03 12:31:30.716121','CEBA - PURISUNCHIS','1386408','AVENIDA DIONICIO IRRARAZABAL MZ D LOTE 6','San Jerónimo','PR','080104'),(851,'2022-12-28 07:09:53.572838','2023-01-03 12:31:30.719952','HUMBERTO VIDAL UNDA','0536516','VERSALLES LOTE 24','San Jerónimo','PR','080104'),(852,'2022-12-28 07:09:53.576930','2023-01-03 12:31:30.723650','ALEJANDRO VELASCO ASTETE','0233130','CALLE MANCO CCAPAC 02','San Jerónimo','PU','080104'),(853,'2022-12-28 07:09:53.581443','2023-01-03 12:31:30.727360','NUESTRA SEÑORA DEL ROSARIO FE Y ALEGRIA 21','0236786','CALLE ARICA S/N','San Jerónimo','PU','080104'),(854,'2022-12-28 07:09:53.585418','2023-01-03 12:31:30.731208','PRESBITERO TEOFILO USCAMAITA','0928325','AUTOPISTA DE LA CULTURA A3','San Jerónimo','PR','080104'),(855,'2022-12-28 07:09:53.589540','2023-01-03 12:31:30.735102','SANTA BERNARDITA','1060334','CALLE VEINTICUATRO DE JUNIO 9-B','San Jerónimo','PR','080104'),(856,'2022-12-28 07:09:53.593891','2023-01-03 12:31:30.739225','SAN MARCOS E.I.R.L.','1200039','CALLE PRESBITERO ANDRES GARCIA 8 MZ B','San Jerónimo','PR','080104'),(857,'2022-12-28 07:09:53.597741','2023-01-03 12:31:30.743211','LA INMACULADA','1386176','CALLE PRESBITERO ANDRES GARCIA 20','San Jerónimo','PR','080104'),(858,'2022-12-28 07:09:53.601742','2023-01-03 12:31:30.747013','51023 SAN LUIS GONZAGA','1386432','SAN JERONIMO','San Jerónimo','PU','080104'),(859,'2022-12-28 07:09:53.605583','2023-01-03 12:31:30.751028','BERNABE COBO 2','1386564','AVENIDA MANCO CCAPAC 15','San Jerónimo','PR','080104'),(860,'2022-12-28 07:09:53.609090','2023-01-03 12:31:30.755070','SAN ISIDRO','1347350','CALLE ALMUDENA S/N','San Jerónimo','PR','080104'),(861,'2022-12-28 07:09:53.612981','2023-01-03 12:31:30.759063','LA CATOLICA DEL PACIFICO','1354711','CALLE CLORINDA MATTO TURNER 22','San Jerónimo','PR','080104'),(862,'2022-12-28 07:09:53.616757','2023-01-03 12:31:30.763366','ISAIAH BOWMAN SHANTS','1390079','PATA PATA S/N','San Jerónimo','PR','080104'),(863,'2022-12-28 07:09:53.620656','2023-01-03 12:31:30.767514','SAN GABRIEL','1468750','AVENIDA 3 MZ B LOTE 9-3','San Jerónimo','PR','080104'),(864,'2022-12-28 07:09:53.624438','2023-01-03 12:31:30.771629','PROMESA','1531979','CALLE PRESBITERO ANDRES GARCIA 1-A-3','San Jerónimo','PR','080104'),(865,'2022-12-28 07:09:53.628209','2023-01-03 12:31:30.775691','MONTESSORI DEL CUSCO','1536259','CCOLPARO','San Jerónimo','PR','080104'),(866,'2022-12-28 07:09:53.632005','2023-01-03 12:31:30.779725','SAN AGUSTIN DE HIPONA - CUSCO','1583244','AVENIDA SAN AGUSTIN MZ G LOTE 2','San Jerónimo','PR','080104'),(867,'2022-12-28 07:09:53.635722','2023-01-03 12:31:30.783713','CARRION','1639277','CALLE EDEN 2551','San Jerónimo','PR','080104'),(868,'2022-12-28 07:09:53.639544','2023-01-03 12:31:30.787838','SANTA MARIA REYNA DE LA PAZ','1664127','MZ K LOTE 19 ETAPA II','San Jerónimo','PR','080104'),(869,'2022-12-28 07:09:53.643027','2023-01-03 12:31:30.791860','50037','1718626','AVENIDA SINCHI ROCA','San Jerónimo','PU','080104'),(870,'2022-12-28 07:09:53.649144','2023-01-03 12:31:30.795820','INNOVA SCHOOLS - CUSCO LARAPA','1762186','AVENIDA 02 MZ B LOTE 6','San Jerónimo','PR','080104'),(871,'2022-12-28 07:09:53.657197','2023-01-03 12:31:30.799882','GAL SCHOOL','1765650','KANCAO - TICAPATA SECTOR TICAPATA','San Jerónimo','PR','080104'),(872,'2022-12-28 07:28:46.233553','2022-12-28 07:29:06.261711','CEBA - SAN AGUSTIN DE KOSÑIPATA','1396803','PILCOPATA S/N','Kosñipata','PR','081106'),(873,'2022-12-28 07:28:46.239675','2022-12-28 07:29:06.265906','50430','0497537','AVENIDA CORONEL FERNANDEZ S/N','Kosñipata','PU','081106'),(874,'2022-12-28 07:28:46.244303','2022-12-28 07:29:06.269814','50429 MARIA NATIVIDAD HONOR ORTIZ DE AQUISE','0671610','CALLE PATRIA S/N','Kosñipata','PU','081106'),(875,'2022-12-28 07:28:46.248814','2022-12-28 07:29:06.273762','SAN AGUSTIN','1396795','PILCOPATA S/N','Kosñipata','PR','081106'),(876,'2023-01-02 15:25:25.459086','2023-01-02 15:25:38.950657','CESAR VALLEJO','0616177','LARES S/N','Lares','PU','080404'),(877,'2023-01-02 15:25:25.466438','2023-01-02 15:25:38.961272','CCACHIN','0730754','CCACCHIN S/N','Lares','PU','080404'),(878,'2023-01-02 15:25:25.471445','2023-01-02 15:25:38.995121','50205','1389360','SUYO S/N','Lares','PU','080404'),(879,'2023-01-02 15:25:25.476421','2023-01-02 15:25:39.018574','50171','1321371','CHOQUECANCHA S/N','Lares','PU','080404'),(880,'2023-01-02 15:25:25.481119','2023-01-02 15:25:39.043601','NUESTRA SEÑORA DE FATIMA','0730762','AVENIDA EJERCITO S/N','Lares','PU','080404'),(881,'2023-01-02 15:25:25.485732','2023-01-02 15:25:39.056824','50206','1540889','PAMPACORRAL','Lares','PU','080404'),(882,'2023-01-02 17:43:00.480917','2023-01-03 15:37:47.924576','MANCO INCA','0481101','PUCYURA S/N','Vilcabamba','PU','080909'),(883,'2023-01-02 17:43:00.486906','2023-01-03 15:37:47.934431','50276 AMAUTA','0518894','AVENIDA TUPAC AMARU S/N','Vilcabamba','PU','080909'),(884,'2023-01-02 17:43:00.490521','2023-01-03 15:37:47.941916','JOSE ANTONIO ENCINAS FRANCO','0616169','KUQUIPATA S/N','Vilcabamba','PU','080909'),(885,'2023-01-02 17:43:00.495048','2023-01-03 15:37:47.948622','JOSE BERNARDO ALCEDO','0621458','SAN JUAN UNDARA S/N','Vilcabamba','PU','080909'),(886,'2023-01-02 17:43:00.498607','2023-01-03 15:37:47.955699','MIGUEL GRAU','0621482','VILCABAMBA S/N','Vilcabamba','PU','080909'),(887,'2023-01-02 17:43:00.502083','2023-01-03 15:37:47.962507','YUVENI','0783076','YUVENI','Vilcabamba','PU','080909'),(888,'2023-01-02 17:43:00.505530','2023-01-03 15:37:47.969870','JOSE GABRIEL CONDORCANQUI','1200740','VILLA QUINTIARINA','Vilcabamba','PR','080909'),(889,'2023-01-02 17:43:00.508988','2023-01-03 15:37:47.976318','EMILIANO HUAMANTICA','0933002','ARMA','Vilcabamba','PR','080909'),(890,'2023-01-02 17:43:00.512524','2023-01-03 15:37:47.983486','VIRGEN DEL CARMEN','0933036','PALTAYBAMBA','Vilcabamba','PR','080909'),(891,'2023-01-02 17:43:00.515924','2023-01-03 15:37:47.989759','TITO CUSI YUPANQUI','1393909','CIUDAD BLANCA','Vilcabamba','PU','080909'),(892,'2023-01-02 17:43:00.519288','2023-01-03 15:37:47.995459','SAN LUIS GONZAGA','1347152','HUANCACALLE S/N','Vilcabamba','PU','080909'),(893,'2023-01-02 17:43:00.522407','2023-01-03 15:37:47.999649','MAESTRO JESUS DE CHUANQUIRI','1358175','CHANQUIRI S/N','Vilcabamba','PU','080909'),(894,'2023-01-02 17:43:00.525788','2023-01-03 15:37:48.003922','50325 INCA SAYRI TUPAC','1405240','PAMPACONAS','Vilcabamba','PU','080909'),(895,'2023-01-03 11:06:13.533660','2023-01-03 11:06:26.893844','CEBA - CRISTO SALVADOR III','1738764','JIRON CANCHIS Y CALLE 22 S/N MZ O LOTE 1-2 ETAPA I','Huepetuhe','PR','170204'),(896,'2023-01-03 11:06:13.540822','2023-01-03 11:06:26.910583','HORACIO ZEBALLOS GAMES','0934422','AVENIDA INDEPENDENCIA S/N','Huepetuhe','PU','170204'),(897,'2023-01-03 11:06:13.545782','2023-01-03 11:06:26.922245','CIENCIAS DE NUEVA','1128479','PASAJE MIGUEL GRAU S/N','Huepetuhe','PU','170204'),(898,'2023-01-03 11:06:13.550472','2023-01-03 11:06:26.929296','JOSE ANTONIO ENCINAS','1545144','AVENIDA 28 DE JULIO S/N','Huepetuhe','PU','170204'),(899,'2023-01-03 11:06:13.556059','2023-01-03 11:06:26.934789','CHOQUE','1545185','CARRETERA MALDONADO - HUEPETUHE - CHOQUE KM 210','Huepetuhe','PU','170204'),(900,'2023-01-03 11:06:13.560555','2023-01-03 11:06:26.940510','ISAIAH BOWMAN','1282003','AVENIDA INDEPENDENCIA S/N','Huepetuhe','PR','170204'),(901,'2023-01-03 11:06:13.564932','2023-01-03 11:06:26.945888','ADVENTISTA HUEPETUHE','1578145','CALLE 14 & 2','Huepetuhe','PR','170204'),(902,'2023-01-03 11:06:13.569256','2023-01-03 11:06:26.951100','CRISTO SALVADOR III','1739507','JIRON CANCHIS Y CALLE 22 S/N MZ O LOTE 1-2 ETAPA I','Huepetuhe','PR','170204'),(903,'2023-01-03 11:06:13.574026','2023-01-03 11:06:26.956516','52143 SANTA INES','1743244','CARRETERA MALDONADO - HUEPETUHE- NUEVA KM 203','Huepetuhe','PU','170204'),(904,'2023-01-03 12:10:32.105998','2023-01-03 12:11:34.610952','CEBA - LOS ANDES','0746164','AVENIDA CIRCUNVALACION 298','Juliaca','PU','211101'),(905,'2023-01-03 12:10:32.111650','2023-01-03 12:11:34.620668','CEBA - 32 MARIANO H. CORNEJO','0239939','JIRON INDEPENDENCIA 242','Juliaca','PU','211101'),(906,'2023-01-03 12:10:32.116008','2023-01-03 12:11:34.626665','CEBA - 70547 MANCO CAPAC','0727024','JIRON CARABAYA 850','Juliaca','PU','211101'),(907,'2023-01-03 12:10:32.120085','2023-01-03 12:11:34.631188','CEBA - VICENTE MENDOZA DIAZ','1027341','JIRON CABANA S/N','Juliaca','PU','211101'),(908,'2023-01-03 12:10:32.124229','2023-01-03 12:11:34.634867','CEBA - JOSE ANTONIO ENCINAS','0490938','JIRON LAMBAYEQUE 1180','Juliaca','PU','211101'),(909,'2023-01-03 12:10:32.128285','2023-01-03 12:11:34.638411','CEBA - 71014 MANUEL NUÑEZ BUTRON','0530873','JIRON CALLAO 351','Juliaca','PU','211101'),(910,'2023-01-03 12:10:32.132365','2023-01-03 12:11:34.641910','CEBA - LAS MERCEDES','0727016','JIRON SANDIA 700','Juliaca','PU','211101'),(911,'2023-01-03 12:10:32.136381','2023-01-03 12:11:34.645498','CEBA - SANTA ADRIANA','1027481','JIRON PACHACUTEC S/N','Juliaca','PU','211101'),(912,'2023-01-03 12:10:32.140315','2023-01-03 12:11:34.648998','CEBA - SAN ROMAN','1027507','TUMBES 532','Juliaca','PR','211101'),(913,'2023-01-03 12:10:32.144231','2023-01-03 12:11:34.652406','CEBA - PONTIFICIA CATOLICA SANTA MARIA','1581859','JIRON 8 DE NOVIEMBRE 1070-A','Juliaca','PR','211101'),(914,'2023-01-03 12:10:32.148195','2023-01-03 12:11:34.656097','CEBA - LOS ANDES','1360783','AVENIDA CIRCUNVALACION 298','Juliaca','PU','211101'),(915,'2023-01-03 12:10:32.152165','2023-01-03 12:11:34.659509','CEBA - 32 MARIANO H. CORNEJO','1360791','JIRON INDEPENDENCIA 242','Juliaca','PU','211101'),(916,'2023-01-03 12:10:32.155852','2023-01-03 12:11:34.662667','CEBA - GANIMIDES','1633346','AVENIDA CANCOLLANI MZ H LOTE 6-14','Juliaca','PR','211101'),(917,'2023-01-03 12:10:32.159477','2023-01-03 12:11:34.666300','CEBA - 70550 VILLA HERMOZA','1724913','JIRON LAMBAYEQUE 1440','Juliaca','PU','211101'),(918,'2023-01-03 12:10:32.163018','2023-01-03 12:11:34.670194','LAS MERCEDES','0478065','JIRON SANDIA 700','Juliaca','PU','211101'),(919,'2023-01-03 12:10:32.167052','2023-01-03 12:11:34.673793','MARIANO MELGAR','0578591','UNOCOLLA','Juliaca','PU','211101'),(920,'2023-01-03 12:10:32.170819','2023-01-03 12:11:34.677302','INCA GARCILAZO DE LA VEGA','1027184','JIRON JOSE OLAYA S/N','Juliaca','PU','211101'),(921,'2023-01-03 12:10:32.174640','2023-01-03 12:11:34.680732','TUPAC AMARU','0633941','JIRON MOQUEGUA 852','Juliaca','PR','211101'),(922,'2023-01-03 12:10:32.178281','2023-01-03 12:11:34.684167','FRANCISCANO SAN ROMAN','0239582','PLAZA DE ARMAS S/N','Juliaca','PR','211101'),(923,'2023-01-03 12:10:32.181912','2023-01-03 12:11:34.687677','ELENA DE SANTA MARIA','0239608','JIRON YAVERO 500 ETAPA III ETAPA','Juliaca','PR','211101'),(924,'2023-01-03 12:10:32.185742','2023-01-03 12:11:34.691108','ADVENTISTA DEL TITICACA','0239616','CARRETERA A AREQUIPA KM. 6','Juliaca','PR','211101'),(925,'2023-01-03 12:10:32.189494','2023-01-03 12:11:34.694395','DANNY MITTERRAND','1026855','JIRON 9 DE DICIEMBRE 348','Juliaca','PR','211101'),(926,'2023-01-03 12:10:32.193184','2023-01-03 12:11:34.698113','NUESTRA SEÑORA DE LOURDES','1025618','AVENIDA EL MAESTRO 1140','Juliaca','PR','211101'),(927,'2023-01-03 12:10:32.196853','2023-01-03 12:11:34.701571','POLITECNICO REGIONAL LOS ANDES','0239863','AVENIDA CIRCUNVALACION 298','Juliaca','PU','211101'),(928,'2023-01-03 12:10:32.200519','2023-01-03 12:11:34.704987','SAN FRANSISCO DE BORJA','0746131','JIRON LA PAZ S/N','Juliaca','PU','211101'),(929,'2023-01-03 12:10:32.204329','2023-01-03 12:11:34.708404','CESAR VALLEJO','0746115','JIRON CANCOLLANI 643','Juliaca','PU','211101'),(930,'2023-01-03 12:10:32.208019','2023-01-03 12:11:34.711912','JOSE CARLOS MARIATEGUI','0727008','ISLA','Juliaca','PU','211101'),(931,'2023-01-03 12:10:32.211713','2023-01-03 12:11:34.715331','91 JOSE IGNACIO MIRANDA','0239699','AVENIDA MANUEL NUÑEZ BUTRON S/N','Juliaca','PU','211101'),(932,'2023-01-03 12:10:32.215327','2023-01-03 12:11:34.718461','JOSE MARIA ARGUEDAS','0239848','SAN APOLINAR','Juliaca','PU','211101'),(933,'2023-01-03 12:10:32.218633','2023-01-03 12:11:34.726528','32 MARIANO H. CORNEJO','0239806','JIRON INDEPENDENCIA 242','Juliaca','PU','211101'),(934,'2023-01-03 12:10:32.222860','2023-01-03 12:11:34.734103','SANTA CATALINA','0578617','JIRON SANTA CRUZ 490','Juliaca','PR','211101'),(935,'2023-01-03 12:10:32.226514','2023-01-03 12:11:34.739378','LUZ ANDINA REYNA DE LAS AMERICAS','0645655','JIRON RAMON CASTILLA 757','Juliaca','PR','211101'),(936,'2023-01-03 12:10:32.230131','2023-01-03 12:11:34.743154','PEDRO KALBERMATTER','1027168','AVENIDA CIRCUNVALACION 539','Juliaca','PR','211101'),(937,'2023-01-03 12:10:32.233707','2023-01-03 12:11:34.746817','NUESTRA SEÑORA DEL CARMEN','1026640','JIRON ALMAGRO 558','Juliaca','PR','211101'),(938,'2023-01-03 12:10:32.237262','2023-01-03 12:11:34.750379','DIVINO MAESTRO','1026665','JIRON TUMBES 1018','Juliaca','PR','211101'),(939,'2023-01-03 12:10:32.241088','2023-01-03 12:11:34.753949','FERNANDO STAHL','1029651','JIRON DANIEL ALCIDES CARRION 523','Juliaca','PR','211101'),(940,'2023-01-03 12:10:32.244716','2023-01-03 12:11:34.757479','ANTONIO RAYMONDY','1026509','JIRON SAN MARTIN 868 - 896','Juliaca','PR','211101'),(941,'2023-01-03 12:10:32.248272','2023-01-03 12:11:34.761117','MARISCAL ANDRES AVELINO CACERES','1030097','AVENIDA AVIACION 172','Juliaca','PR','211101'),(942,'2023-01-03 12:10:32.251879','2023-01-03 12:11:34.764720','JOSE ANTONIO ENCINAS','0239665','JIRON LAMBAYEQUE 1180','Juliaca','PU','211101'),(943,'2023-01-03 12:10:32.255505','2023-01-03 12:11:34.768260','SAN MARTIN','1027226','JIRON JOSE BERNARDO ALCEDO S/N','Juliaca','PU','211101'),(944,'2023-01-03 12:10:32.258868','2023-01-03 12:11:34.771823','BELEN','1026756','JIRON APURIMAC 1635','Juliaca','PR','211101'),(945,'2023-01-03 12:10:32.262545','2023-01-03 12:11:34.775502','SAGRADO CORAZON DE JESUS','1025360','JIRON LAMBAYEQUE 256','Juliaca','PR','211101'),(946,'2023-01-03 12:10:32.266144','2023-01-03 12:11:34.778751','ALFRED NOBEL','1153709','CALLE LAMBAYEQUE 233','Juliaca','PR','211101'),(947,'2023-01-03 12:10:32.269798','2023-01-03 12:11:34.782536','AMERICANA','0727032','CALLE SANTIAGO MAMANI 335','Juliaca','PR','211101'),(948,'2023-01-03 12:10:32.273409','2023-01-03 12:11:34.786205','ASOCIACION EDUCATIVA ADVENTISTA CRISTO REY','1027218','JIRON MIRAFLORES 742','Juliaca','PR','211101'),(949,'2023-01-03 12:10:32.277765','2023-01-03 12:11:34.789763','MIGUEL GRAU','1026582','JIRON CARACOTO 652-658','Juliaca','PR','211101'),(950,'2023-01-03 12:10:32.281619','2023-01-03 12:11:34.793333','JESUS DE LOS ANDES','1026624','LA RINCONADA III ETAPA','Juliaca','PR','211101'),(951,'2023-01-03 12:10:32.285325','2023-01-03 12:11:34.796937','MARCELINO CHAMPAGNAT','1027267','JIRON TUMBES 843','Juliaca','PR','211101'),(952,'2023-01-03 12:10:32.289481','2023-01-03 12:11:34.800581','JULIACA','1029859','JIRON GONZALES PRADA 857','Juliaca','PR','211101'),(953,'2023-01-03 12:10:32.293649','2023-01-03 12:11:34.804182','ENRIQUE GUZMAN Y VALLE','1154053','JIRON AZANGARO 453','Juliaca','PR','211101'),(954,'2023-01-03 12:10:32.297427','2023-01-03 12:11:34.807685','EDUARDO FORGA SELINGER','1154145','JIRON LAMBAYEQUE 720','Juliaca','PR','211101'),(955,'2023-01-03 12:10:32.301041','2023-01-03 12:11:34.811201','MARIA JESUS','1153782','JIRON SANTIAGO MAMANI 126-A ETAPA I','Juliaca','PR','211101'),(956,'2023-01-03 12:10:32.304633','2023-01-03 12:11:34.814571','SAN AGUSTIN DE HIPONA','1154095','JIRON RAMON CASTILLA 608','Juliaca','PR','211101'),(957,'2023-01-03 12:10:32.308211','2023-01-03 12:11:34.818248','ADAM SMITH','1154467','AVENIDA CIRCUNVALACION 771','Juliaca','PR','211101'),(958,'2023-01-03 12:10:32.311774','2023-01-03 12:11:34.822643','APLICACION UANCV','1154772','JIRON DANIEL ALCIDES CARRION 102','Juliaca','PR','211101'),(959,'2023-01-03 12:10:32.315484','2023-01-03 12:11:34.826203','EL PACIFICO','1154509','JIRON EMILIO ROMERO 256','Juliaca','PR','211101'),(960,'2023-01-03 12:10:32.318727','2023-01-03 12:11:34.829699','AGROP. C.SATELITE','0746123','C SATELITE','Juliaca','PU','211101'),(961,'2023-01-03 12:10:32.322429','2023-01-03 12:11:34.833187','LA SALLE','1259647','JIRON MARIANO PANDIA 454','Juliaca','PR','211101'),(962,'2023-01-03 12:10:32.326034','2023-01-03 12:11:34.836806','LUZ Y CIENCIA','1259969','JIRON 2 DE MAYO 244','Juliaca','PR','211101'),(963,'2023-01-03 12:10:32.329739','2023-01-03 12:11:34.840483','SANTA ROSA DE LIMA','1155464','JIRON CARACOTO 140','Juliaca','PU','211101'),(964,'2023-01-03 12:10:32.333415','2023-01-03 12:11:34.844165','SIGMA','1260280','JIRON HUANCANE 685','Juliaca','PR','211101'),(965,'2023-01-03 12:10:32.337053','2023-01-03 12:11:34.847787','ANDRES BELLO','1581370','JIRON ENRIQUE P CACERES 252','Juliaca','PR','211101'),(966,'2023-01-03 12:10:32.340885','2023-01-03 12:11:34.851551','BUEN PASTOR','1581404','JIRON SAN MARTIN 421','Juliaca','PR','211101'),(967,'2023-01-03 12:10:32.344588','2023-01-03 12:11:34.854843','WILLIAM PRESCOTT','1261445','JIRON GONZALES PRADA 273','Juliaca','PR','211101'),(968,'2023-01-03 12:10:32.348223','2023-01-03 12:11:34.858510','COLIBRI','1581438','JIRON PUMACAHUA 224','Juliaca','PU','211101'),(969,'2023-01-03 12:10:32.351970','2023-01-03 12:11:34.862322','JAMES BALDWIN','1581495','JIRON HUANCANE 520','Juliaca','PR','211101'),(970,'2023-01-03 12:10:32.355578','2023-01-03 12:11:34.865886','CLAUDIO GALENO','1581529','JIRON 9 DE DICIEMBRE 259','Juliaca','PR','211101'),(971,'2023-01-03 12:10:32.359287','2023-01-03 12:11:34.869403','CIENCIAS DE AMERICA','1581560','JIRON ENRIQUE MEIGGS 385','Juliaca','PR','211101'),(972,'2023-01-03 12:10:32.363169','2023-01-03 12:11:34.873074','EDEN','1581644','JIRON HUAYRAPATA S/N','Juliaca','PR','211101'),(973,'2023-01-03 12:10:32.366878','2023-01-03 12:11:34.876578','NUEVO HORIZONTE','1581545','JIRON SAN SALVADOR 1018','Juliaca','PR','211101'),(974,'2023-01-03 12:10:32.370643','2023-01-03 12:11:34.880171','BRIGHAM YOUNG','1581743','JIRON GONZALES PRADA 421','Juliaca','PR','211101'),(975,'2023-01-03 12:10:32.374381','2023-01-03 12:11:34.883741','AUGUSTO SALAZAR BONDY','1581792','JIRON BOLIVAR 323','Juliaca','PR','211101'),(976,'2023-01-03 12:10:32.378013','2023-01-03 12:11:34.887272','SAN PABLO','1581917','PASAJE JERUSALEN 177','Juliaca','PR','211101'),(977,'2023-01-03 12:10:32.381657','2023-01-03 12:11:34.890578','EUROAMERICANO','1581966','PASAJE JOSE OLAYA S/N','Juliaca','PR','211101'),(978,'2023-01-03 12:10:32.385272','2023-01-03 12:11:34.894518','EMANUEL','1581974','AVENIDA HUANCANE 606','Juliaca','PR','211101'),(979,'2023-01-03 12:10:32.389005','2023-01-03 12:11:34.898155','ALFREDO BRYCE ECHENIQUE','1581990','AVENIDA FERROCARRIL 331','Juliaca','PR','211101'),(980,'2023-01-03 12:10:32.392667','2023-01-03 12:11:34.902040','BUENA SEMILLA','1582097','AVENIDA CIRCUNVALACION 1833','Juliaca','PR','211101'),(981,'2023-01-03 12:10:32.396351','2023-01-03 12:11:34.905651','ELIM','1582121','JIRON LADISLAO BUTRON 151','Juliaca','PR','211101'),(982,'2023-01-03 12:10:32.399937','2023-01-03 12:11:34.909192','PONTIFICIA CATOLICA SANTA MARIA','1582238','JIRON 8 DE NOVIEMBRE 1070-A','Juliaca','PR','211101'),(983,'2023-01-03 12:10:32.403485','2023-01-03 12:11:34.913573','FEDERICO MORE','1280932','JIRON LIMA 408','Juliaca','PR','211101'),(984,'2023-01-03 12:10:32.406941','2023-01-03 12:11:34.923119','DAVID AUSUBEL','1320928','AVENIDA MANCO CAPAC 363','Juliaca','PR','211101'),(985,'2023-01-03 12:10:32.410695','2023-01-03 12:11:34.930306','SAN VICENTE DE PAUL','1330133','JIRON TUMBES 1020','Juliaca','PR','211101'),(986,'2023-01-03 12:10:32.414250','2023-01-03 12:11:34.935102','ESCUELA MUNDIAL','1342419','JIRON SAN JOSE S/N','Juliaca','PR','211101'),(987,'2023-01-03 12:10:32.417925','2023-01-03 12:11:34.939237','BERTOLT BRECHT','1349497','JIRON HUASCAR 178','Juliaca','PR','211101'),(988,'2023-01-03 12:10:32.421491','2023-01-03 12:11:34.943060','GREGOR MENDEL','1352327','JIRON APURIMAC 1049','Juliaca','PR','211101'),(989,'2023-01-03 12:10:32.425193','2023-01-03 12:11:34.946533','ALEXANDER FLEMING','1355775','JIRON HUASCAR 659','Juliaca','PR','211101'),(990,'2023-01-03 12:10:32.428760','2023-01-03 12:11:34.950132','MARTIN LUTERO','1362599','JIRON SAN FRANCISCO S/N','Juliaca','PU','211101'),(991,'2023-01-03 12:10:32.432773','2023-01-03 12:11:34.953923','DON BOSCO SALESIANOS','1373661','AVENIDA AMERICA MZ A LOTE 9','Juliaca','PR','211101'),(992,'2023-01-03 12:10:32.436409','2023-01-03 12:11:34.957653','PERUANO BRITANICO FRANCIS ASTON','1399518','JIRON APURIMAC 753','Juliaca','PR','211101'),(993,'2023-01-03 12:10:32.439963','2023-01-03 12:11:34.961595','SAN JOSE LA ESPERANZA','1639574','JIRON MANUEL PRADO 521','Juliaca','PR','211101'),(994,'2023-01-03 12:10:32.443853','2023-01-03 12:11:34.965544','THOMAS ALVA EDISON','1645183','CHILLA','Juliaca','PU','211101'),(995,'2023-01-03 12:10:32.447521','2023-01-03 12:11:34.969480','SANTA MONICA','1645191','AVENIDA LOS GERANEOS MZ A LOTE 1','Juliaca','PU','211101'),(996,'2023-01-03 12:10:32.450782','2023-01-03 12:11:34.973655','RODOLFO DIESEL','1657246','JIRON NISAN MZ F-4 LOTE 8','Juliaca','PU','211101'),(997,'2023-01-03 12:10:32.454731','2023-01-03 12:11:34.977777','ANDEAN LIGTH SCHOOL','1661495','JIRON APURIMAC 776','Juliaca','PR','211101'),(998,'2023-01-03 12:10:32.458351','2023-01-03 12:11:34.981796','JOSE OLAYA BALANDRA','1663251','CARRETERA CHIMPA JARAN','Juliaca','PU','211101'),(999,'2023-01-03 12:10:32.462067','2023-01-03 12:11:34.985790','20 DE ENERO','1663269','AVENIDA LOS ANGELES 873','Juliaca','PU','211101'),(1000,'2023-01-03 12:10:32.465657','2023-01-03 12:11:34.989837','LIDER','1672732','JIRON CACCACHI S/N MZ D LOTE 4','Juliaca','PR','211101'),(1001,'2023-01-03 12:10:32.469237','2023-01-03 12:11:34.993869','BLAS PASCAL','1722032','JIRON JAUREGUI 963','Juliaca','PR','211101'),(1002,'2023-01-03 12:10:32.472817','2023-01-03 12:11:34.998107','SAN IGNACIO DE RECALDE','1727320','JIRON CAHUIDE 646','Juliaca','PR','211101'),(1003,'2023-01-03 12:10:32.476438','2023-01-03 12:11:35.002258','GIORDANO LIVA','1752450','JIRON LUIS BANCHERO ROSSI 229','Juliaca','PR','211101'),(1004,'2023-01-03 12:10:32.480114','2023-01-03 12:11:35.006287','INTERNATIONAL PERUVIAN SCHOOL','1756071','JIRON JOSE BEDOYA S/N MZ C-1 LOTE 9 ETAPA II','Juliaca','PR','211101'),(1005,'2023-01-03 12:10:32.483682','2023-01-03 12:11:35.010432','RANGER\'S','1756519','JIRON ATAHUALPA S/N MZ A-2 LOTE 11','Juliaca','PR','211101'),(1006,'2023-01-03 12:10:32.487486','2023-01-03 12:11:35.014413','SCHOOL INTERNATIONAL INNOVA','1756527','JIRON AZANGARO 365','Juliaca','PR','211101'),(1007,'2023-01-03 12:10:32.490788','2023-01-03 12:11:35.018545','PEDRO PAULET','1758176','AVENIDA AMERICA 195 ETAPA I','Juliaca','PR','211101'),(1008,'2023-01-03 12:10:32.494711','2023-01-03 12:11:35.022511','WILLY\'S HOME CENTER','1760180','JIRON VICTOR VELASQUEZ 415','Juliaca','PR','211101'),(1009,'2023-01-03 12:10:32.498727','2023-01-03 12:11:35.026494','RICARDO PALMA','1762921','MZ B LOTE 15','Juliaca','PR','211101'),(1010,'2023-01-03 12:10:32.502307','2023-01-03 12:11:35.030390','INTERNACIONAL NIVEL A','1767607','JIRON HUARAZ 146 ETAPA I','Juliaca','PR','211101'),(1011,'2023-01-03 12:10:32.505960','2023-01-03 12:11:35.034345','SCHOOL PERUANO ESPAÑOL','1769306','AVENIDA NORMAL 545','Juliaca','PR','211101'),(1012,'2023-01-03 12:10:32.509519','2023-01-03 12:11:35.038307','JOSE CARLOS MARIATEGUI','1026731','JIRON APURIMAC 960','Juliaca','PR','211101'),(1013,'2023-01-03 12:10:32.513066','2023-01-03 12:11:35.042392','GANIMEDES','1260520','JIRON SAN AGUSTIN 951','Juliaca','PR','211101'),(1014,'2023-01-03 12:10:32.516779','2023-01-03 12:11:35.046250','BRIGHAM YOUNG','1581768','JIRON GONZALES PRADA 602','Juliaca','PR','211101'),(1015,'2023-01-03 12:10:32.520535','2023-01-03 12:11:35.050209','ALFREDO BRYCE ECHENIQUE','1582014','AVENIDA FERROCARRIL 331','Juliaca','PR','211101'),(1016,'2023-01-03 12:10:32.524128','2023-01-03 12:11:35.054111','MARISCAL ANDRES AVELINO CACERES','1582055','AVENIDA AVIACION 172','Juliaca','PR','211101'),(1017,'2023-01-03 12:10:32.527773','2023-01-03 12:11:35.058069','PRESCOTT','1582279','AVENIDA HUANCANE 485','Juliaca','PR','211101'),(1018,'2023-01-03 12:30:22.235703','2023-01-03 12:30:22.235731','CEBA - DIEGO QUISPE TITO','0671867','SAN SEBASTIAN','San Sebastian','PU','080105'),(1019,'2023-01-03 12:30:22.240591','2023-01-03 12:30:22.240608','CEBA - VIRGEN DE ASUNCION','1200831','AVENIDA CUSCO 514','San Sebastian','PR','080105'),(1020,'2023-01-03 12:30:22.244617','2023-01-03 12:30:22.244632','CEBA - JOSE ANTONIO ENCINAS','1637073','CALLE TENERIA 4 ETAPA II','San Sebastian','PR','080105'),(1021,'2023-01-03 12:30:22.248522','2023-01-03 12:30:22.248677','CEBA - QORIKANCHA','1653534','AVENIDA DE LA CULTURA F-1B','San Sebastian','PR','080105'),(1022,'2023-01-03 12:30:22.252784','2023-01-03 12:30:22.252799','KHIPU','0928051','CALLE CAMINO REAL LOTE 1 SECTOR COLCHIPATA','San Sebastian','PR','080105'),(1023,'2023-01-03 12:30:22.256820','2023-01-03 12:30:22.256833','PUKLLASUNCHIS','0928358','TENERIA TIKAPATA S/N','San Sebastian','PR','080105'),(1024,'2023-01-03 12:30:22.260762','2023-01-03 12:30:22.260777','PERUANO SUIZO DE LOS ANDES','1061670','CALLE AYARMAKA 201','San Sebastian','PR','080105'),(1025,'2023-01-03 12:30:22.264598','2023-01-03 12:30:22.264613','CRISTO SALVADOR','1061951','AVENIDA MARISCAL CACERES 314','San Sebastian','PR','080105'),(1026,'2023-01-03 12:30:22.268643','2023-01-03 12:30:22.268658','INCA RIPAQ','0616185','CARRETERA CCORAO S/N','San Sebastian','PU','080105'),(1027,'2023-01-03 12:30:22.272432','2023-01-03 12:30:22.272446','SANTA MARIA GORETTI','1386143','CALLE HATUN PAMPA','San Sebastian','PR','080105'),(1028,'2023-01-03 12:30:22.276139','2023-01-03 12:30:22.276153','DIEGO QUISPE TITO','0236414','SAN SEBASTIAN','San Sebastian','PU','080105'),(1029,'2023-01-03 12:30:22.280028','2023-01-03 12:30:22.280044','VIRGEN DE FATIMA','0927848','CALLE GARCILASO 100','San Sebastian','PU','080105'),(1030,'2023-01-03 12:30:22.283747','2023-01-03 12:30:22.283761','REVOLUCIONARIA SANTA ROSA','0782680','CALLE LUIS NIETO S/N','San Sebastian','PU','080105'),(1031,'2023-01-03 12:30:22.287587','2023-01-03 12:30:22.287600','GUADALUPE','0928291','CALLE NAVAL S/N','San Sebastian','PR','080105'),(1032,'2023-01-03 12:30:22.290998','2023-01-03 12:30:22.291012','PACHAKUTEQ','1062272','AVENIDA CUSCO 514','San Sebastian','PR','080105'),(1033,'2023-01-03 12:30:22.295092','2023-01-03 12:30:22.295106','LOS LIBERTADORES','0934067','CALLE CACHIMAYO C-22','San Sebastian','PR','080105'),(1034,'2023-01-03 12:30:22.298953','2023-01-03 12:30:22.298967','SANTA MARIA MADRE DE DIOS','1201094','CALLE FRANCIA H7','San Sebastian','PR','080105'),(1035,'2023-01-03 12:30:22.303709','2023-01-03 12:30:22.303722','QORIKANCHA','1399435','AVENIDA DE LA CULTURA F-1B','San Sebastian','PR','080105'),(1036,'2023-01-03 12:30:22.307536','2023-01-03 12:30:22.307550','CORONEL LEONCIO PRADO','1399476','JIRON CAHUIDE J-18','San Sebastian','PR','080105'),(1037,'2023-01-03 12:30:22.310960','2023-01-03 12:30:22.310973','ARCO IRIS','1395862','AVENIDA DE LA CULTURA A-14','San Sebastian','PR','080105'),(1038,'2023-01-03 12:30:22.314830','2023-01-03 12:30:22.314843','VICTOR RAUL HAYA DE LA TORRE','0730515','CALLE TUPAC KATARI S/N','San Sebastian','PU','080105'),(1039,'2023-01-03 12:30:22.318514','2023-01-03 12:30:22.318527','WAYNAKUNAQ YACHAYWASIN','1386598','CARRETERA OCCOPATA','San Sebastian','PR','080105'),(1040,'2023-01-03 12:30:22.322359','2023-01-03 12:30:22.322372','SAN FERNANDO','1386606','CALLE PRINCIPAL F-9','San Sebastian','PR','080105'),(1041,'2023-01-03 12:30:22.326147','2023-01-03 12:30:22.326161','SAN TARCISIO','1386978','AVENIDA CUSCO 142-C','San Sebastian','PR','080105'),(1042,'2023-01-03 12:30:22.329842','2023-01-03 12:30:22.329856','BOLIVARIANO','1352269','SAN SEBASTIAN','San Sebastian','PU','080105'),(1043,'2023-01-03 12:30:22.333476','2023-01-03 12:30:22.333489','DANIEL ALCIDES CARRION','1201300','CALLE MARIANO SANTOS MZ L LOTE 3','San Sebastian','PR','080105'),(1044,'2023-01-03 12:30:22.337098','2023-01-03 12:30:22.337111','PESTALOZZI','1370485','CALLE BELLAVISTA MZ A LOTE 1-C','San Sebastian','PR','080105'),(1045,'2023-01-03 12:30:22.343220','2023-01-03 12:30:22.343262','SAN JUAN','1396654','CALLE DIEGO DE ALMAGRO 424','San Sebastian','PR','080105'),(1046,'2023-01-03 12:30:22.351554','2023-01-03 12:30:22.351581','INGENIERIA','1420827','AVENIDA TUPAC KATARI MZ W LOTE 12','San Sebastian','PR','080105'),(1047,'2023-01-03 12:30:22.357734','2023-01-03 12:30:22.357761','BERNABE COBO 4','1465988','MZ F LOTE 11','San Sebastian','PR','080105'),(1048,'2023-01-03 12:30:22.361577','2023-01-03 12:30:22.361591','SION','1522770','CALLE TENERIA 4','San Sebastian','PR','080105'),(1049,'2023-01-03 12:30:22.365310','2023-01-03 12:30:22.365324','MONTEVERDE','1639285','CALLE TIKAPATA S/N','San Sebastian','PR','080105'),(1050,'2023-01-03 12:30:22.369058','2023-01-03 12:30:22.369070','PEDRO PAULET MOSTAJO','1721380','CALLE MIRAFLORES 124','San Sebastian','PR','080105'),(1051,'2023-01-03 12:30:22.372826','2023-01-03 12:30:22.372839','SANTA MARIA DE LOS ANDES','1755024','SANTA MARIA MZ B LOTE 3','San Sebastian','PR','080105'),(1052,'2023-01-03 12:30:22.376375','2023-01-03 12:30:22.376388','JESUS ES MI MAESTRO','1773415','AVENIDA DE LA CULTURA S/N MZ F LOTE 9','San Sebastian','PR','080105');
/*!40000 ALTER TABLE `app_colegio` ENABLE KEYS */;
UNLOCK TABLES;

--
-- Table structure for table `app_comentarios_clase`
--

DROP TABLE IF EXISTS `app_comentarios_clase`;
/*!40101 SET @saved_cs_client     = @@character_set_client */;
/*!40101 SET character_set_client = utf8 */;
CREATE TABLE `app_comentarios_clase` (
  `id` bigint(20) NOT NULL AUTO_INCREMENT,
  `fecha_registro` datetime(6) NOT NULL,
  `fecha_actualizacion` datetime(6) NOT NULL,
  `texto_comentario` longtext NOT NULL,
  `archivo_adjunto` varchar(100) DEFAULT NULL,
  `id_docente_id` bigint(20) DEFAULT NULL,
  `id_estudiante_id` bigint(20) DEFAULT NULL,
  `id_horario_id` bigint(20) NOT NULL,
  PRIMARY KEY (`id`),
  KEY `app_comentarios_clase_id_docente_id_bd3b82b7_fk_app_docente_id` (`id_docente_id`),
  KEY `app_comentarios_clas_id_estudiante_id_258f4e3e_fk_app_estud` (`id_estudiante_id`),
  KEY `app_comentarios_clase_id_horario_id_830d5f53_fk_app_horario_id` (`id_horario_id`),
  CONSTRAINT `app_comentarios_clas_id_estudiante_id_258f4e3e_fk_app_estud` FOREIGN KEY (`id_estudiante_id`) REFERENCES `app_estudiante` (`id`),
  CONSTRAINT `app_comentarios_clase_id_docente_id_bd3b82b7_fk_app_docente_id` FOREIGN KEY (`id_docente_id`) REFERENCES `app_docente` (`id`),
  CONSTRAINT `app_comentarios_clase_id_horario_id_830d5f53_fk_app_horario_id` FOREIGN KEY (`id_horario_id`) REFERENCES `app_horario` (`id`)
) ENGINE=InnoDB DEFAULT CHARSET=latin1;
/*!40101 SET character_set_client = @saved_cs_client */;

--
-- Dumping data for table `app_comentarios_clase`
--

LOCK TABLES `app_comentarios_clase` WRITE;
/*!40000 ALTER TABLE `app_comentarios_clase` DISABLE KEYS */;
/*!40000 ALTER TABLE `app_comentarios_clase` ENABLE KEYS */;
UNLOCK TABLES;

--
-- Table structure for table `app_compromiso_pago`
--

DROP TABLE IF EXISTS `app_compromiso_pago`;
/*!40101 SET @saved_cs_client     = @@character_set_client */;
/*!40101 SET character_set_client = utf8 */;
CREATE TABLE `app_compromiso_pago` (
  `id` bigint(20) NOT NULL AUTO_INCREMENT,
  `fecha_registro` datetime(6) NOT NULL,
  `fecha_actualizacion` datetime(6) NOT NULL,
  `fecha_vencimiento` date DEFAULT NULL,
  `id_pago_id` bigint(20) NOT NULL,
  `id_preinscripcion_id` bigint(20) NOT NULL,
  PRIMARY KEY (`id`),
  UNIQUE KEY `id_preinscripcion_id` (`id_preinscripcion_id`),
  KEY `app_compromiso_pago_id_pago_id_231018d9_fk_app_pago_id` (`id_pago_id`),
  CONSTRAINT `app_compromiso_pago_id_pago_id_231018d9_fk_app_pago_id` FOREIGN KEY (`id_pago_id`) REFERENCES `app_pago` (`id`),
  CONSTRAINT `app_compromiso_pago_id_preinscripcion_id_356b3acb_fk_app_prein` FOREIGN KEY (`id_preinscripcion_id`) REFERENCES `app_preinscripcion` (`id`)
) ENGINE=InnoDB AUTO_INCREMENT=95 DEFAULT CHARSET=latin1;
/*!40101 SET character_set_client = @saved_cs_client */;

--
-- Dumping data for table `app_compromiso_pago`
--

LOCK TABLES `app_compromiso_pago` WRITE;
/*!40000 ALTER TABLE `app_compromiso_pago` DISABLE KEYS */;
INSERT INTO `app_compromiso_pago` VALUES (1,'2022-12-26 08:48:59.069028','2022-12-26 08:48:59.069063',NULL,132,90),(2,'2022-12-27 12:12:37.510295','2022-12-27 12:12:37.510328',NULL,136,99),(3,'2022-12-27 12:30:27.605774','2022-12-27 12:30:27.605823',NULL,131,89),(4,'2022-12-27 13:52:27.375039','2022-12-27 13:52:27.375069',NULL,132,101),(5,'2022-12-27 13:59:41.217044','2022-12-27 13:59:41.217091',NULL,131,102),(6,'2022-12-27 14:20:16.448286','2022-12-27 14:20:16.448318',NULL,132,103),(7,'2022-12-27 15:08:29.532426','2022-12-27 15:08:29.532458',NULL,132,105),(8,'2022-12-27 18:20:08.618685','2022-12-27 18:20:08.618720',NULL,131,106),(9,'2022-12-27 22:50:26.899460','2022-12-27 22:50:26.899491',NULL,132,108),(10,'2022-12-27 23:18:48.550138','2022-12-27 23:18:48.550174',NULL,132,109),(11,'2022-12-28 07:30:22.408023','2022-12-28 07:30:22.408055',NULL,131,111),(12,'2022-12-28 07:51:52.513694','2022-12-28 07:51:52.513754',NULL,131,110),(13,'2022-12-28 09:03:20.567051','2022-12-28 09:03:20.567092',NULL,132,98),(14,'2022-12-28 09:48:10.761530','2022-12-28 09:48:10.761634',NULL,131,112),(15,'2022-12-28 09:52:44.052985','2022-12-28 09:52:44.053024',NULL,133,113),(17,'2022-12-28 11:41:27.846804','2022-12-28 11:41:27.846839',NULL,131,115),(18,'2022-12-28 12:06:10.368123','2022-12-28 12:06:10.368161',NULL,136,114),(19,'2022-12-28 17:57:36.755227','2022-12-28 17:57:36.755269',NULL,131,94),(20,'2022-12-28 18:00:35.772287','2022-12-28 18:00:35.772320',NULL,132,92),(21,'2022-12-28 18:08:58.780557','2022-12-28 18:08:58.780578',NULL,131,116),(22,'2022-12-28 18:28:52.800298','2022-12-28 18:28:52.800352',NULL,132,117),(23,'2022-12-28 18:51:05.465787','2022-12-28 18:51:05.465817',NULL,132,118),(24,'2022-12-29 08:11:28.495389','2022-12-29 08:11:28.495434',NULL,132,119),(25,'2022-12-29 10:35:03.902885','2022-12-29 10:35:03.902922',NULL,131,120),(26,'2022-12-29 11:59:41.062645','2022-12-29 11:59:41.062684',NULL,132,121),(27,'2022-12-29 12:10:34.492791','2022-12-29 12:10:34.492827',NULL,131,122),(28,'2022-12-29 12:42:34.480773','2022-12-29 12:42:34.480813',NULL,132,123),(29,'2022-12-29 16:16:38.566332','2022-12-29 16:16:38.566356',NULL,132,124),(30,'2022-12-29 18:22:08.433874','2022-12-29 18:22:08.433928',NULL,132,125),(31,'2022-12-29 19:57:03.844474','2022-12-29 19:57:03.844508',NULL,136,126),(32,'2022-12-30 09:30:57.664936','2022-12-30 09:30:57.664984',NULL,136,129),(33,'2022-12-30 10:45:45.832171','2022-12-30 10:45:45.832207',NULL,131,128),(34,'2022-12-30 11:41:00.804138','2022-12-30 11:41:00.804175',NULL,132,127),(35,'2022-12-30 14:35:27.926113','2022-12-30 14:35:27.926145',NULL,133,132),(36,'2022-12-30 15:50:18.422411','2022-12-30 15:50:18.422457',NULL,133,133),(37,'2022-12-30 19:03:52.796973','2022-12-30 19:03:52.797009',NULL,136,134),(38,'2022-12-31 06:47:51.268537','2022-12-31 06:47:51.268582',NULL,132,135),(39,'2022-12-31 17:35:19.890601','2022-12-31 17:35:19.890638',NULL,136,137),(40,'2023-01-01 10:15:46.381073','2023-01-01 10:15:46.381116',NULL,131,138),(41,'2023-01-01 15:59:39.405206','2023-01-01 15:59:39.405243',NULL,136,139),(43,'2023-01-02 08:48:03.808745','2023-01-02 08:48:03.808775',NULL,131,141),(44,'2023-01-02 08:49:06.270077','2023-01-02 08:49:06.270104',NULL,132,143),(45,'2023-01-02 11:07:35.601396','2023-01-02 11:07:35.601433',NULL,131,144),(46,'2023-01-02 12:10:33.884942','2023-01-02 12:10:33.884981',NULL,132,96),(47,'2023-01-02 12:52:04.796830','2023-01-02 12:52:04.796885',NULL,132,145),(48,'2023-01-02 14:00:38.813208','2023-01-02 14:00:38.813238',NULL,136,146),(49,'2023-01-02 14:07:43.937998','2023-01-02 14:07:43.938056',NULL,136,147),(50,'2023-01-02 15:26:44.856284','2023-01-02 15:26:44.856330',NULL,134,148),(51,'2023-01-02 17:44:00.971830','2023-01-02 17:44:00.971868',NULL,134,149),(52,'2023-01-03 09:02:34.429177','2023-01-03 09:02:34.429210',NULL,136,152),(53,'2023-01-03 09:06:11.853411','2023-01-03 09:06:11.853440',NULL,136,154),(54,'2023-01-03 09:15:33.880346','2023-01-03 09:15:33.880380',NULL,132,155),(55,'2023-01-03 09:21:58.607236','2023-01-03 09:21:58.607273',NULL,136,157),(56,'2023-01-03 09:39:57.489108','2023-01-03 09:39:57.489162',NULL,132,150),(57,'2023-01-03 09:49:54.989724','2023-01-03 09:49:54.989754',NULL,136,158),(58,'2023-01-03 09:57:38.035750','2023-01-03 09:57:38.035775',NULL,132,159),(59,'2023-01-03 10:06:20.858039','2023-01-03 10:06:20.858078',NULL,132,160),(60,'2023-01-03 10:17:16.515621','2023-01-03 10:17:16.515658',NULL,131,161),(61,'2023-01-03 10:25:07.042660','2023-01-03 10:25:07.042711',NULL,132,162),(62,'2023-01-03 10:27:29.435542','2023-01-03 10:27:29.435595',NULL,132,163),(63,'2023-01-03 10:33:14.815489','2023-01-03 10:33:14.815519',NULL,132,164),(64,'2023-01-03 10:46:54.974007','2023-01-03 10:46:54.974046',NULL,132,165),(65,'2023-01-03 10:52:47.635944','2023-01-03 10:52:47.635983',NULL,132,166),(66,'2023-01-03 10:57:50.112545','2023-01-03 10:57:50.112575',NULL,132,167),(67,'2023-01-03 11:00:46.437796','2023-01-03 11:00:46.437832',NULL,132,168),(68,'2023-01-03 11:07:39.290745','2023-01-03 11:07:39.290785',NULL,132,169),(69,'2023-01-03 11:39:54.755039','2023-01-03 11:39:54.755070',NULL,136,175),(70,'2023-01-03 11:47:13.343693','2023-01-03 11:47:13.343735',NULL,136,176),(71,'2023-01-03 11:56:50.656172','2023-01-03 11:56:50.656202',NULL,136,178),(72,'2023-01-03 11:57:12.486826','2023-01-03 11:57:12.486862',NULL,131,177),(73,'2023-01-03 12:05:04.876372','2023-01-03 12:05:04.876399',NULL,132,179),(74,'2023-01-03 12:13:02.821175','2023-01-03 12:13:02.821212',NULL,132,180),(75,'2023-01-03 12:24:36.388927','2023-01-03 12:24:36.388963',NULL,132,181),(76,'2023-01-03 12:32:19.345618','2023-01-03 12:32:19.345681',NULL,133,183),(77,'2023-01-03 12:32:58.098375','2023-01-03 12:32:58.098429',NULL,133,182),(79,'2023-01-03 12:41:10.568828','2023-01-03 12:41:10.568875',NULL,132,185),(80,'2023-01-03 12:41:27.410542','2023-01-03 12:41:27.410599',NULL,135,186),(81,'2023-01-03 12:55:30.141649','2023-01-03 12:55:30.141676',NULL,132,187),(82,'2023-01-03 12:59:45.818739','2023-01-03 12:59:45.818784',NULL,132,188),(83,'2023-01-03 13:08:54.401245','2023-01-03 13:08:54.401286',NULL,132,190),(84,'2023-01-03 14:44:06.724184','2023-01-03 14:44:06.724241',NULL,135,193),(85,'2023-01-03 15:05:17.342402','2023-01-03 15:05:17.342439',NULL,134,184),(86,'2023-01-03 15:24:48.026288','2023-01-03 15:24:48.026340',NULL,132,194),(87,'2023-01-03 15:38:13.785429','2023-01-03 15:38:13.785469',NULL,131,195),(88,'2023-01-03 16:03:28.567954','2023-01-03 16:03:28.567989',NULL,132,196),(89,'2023-01-03 16:09:53.296451','2023-01-03 16:09:53.296491',NULL,132,197),(90,'2023-01-03 16:19:25.821092','2023-01-03 16:19:25.821132',NULL,132,198),(91,'2023-01-03 16:44:29.718463','2023-01-03 16:44:29.718507',NULL,135,200),(92,'2023-01-03 18:06:03.127871','2023-01-03 18:06:03.127929',NULL,132,202),(93,'2023-01-03 19:11:44.446768','2023-01-03 19:11:44.446809',NULL,132,204),(94,'2023-01-03 23:08:40.730705','2023-01-03 23:08:40.730730',NULL,132,205);
/*!40000 ALTER TABLE `app_compromiso_pago` ENABLE KEYS */;
UNLOCK TABLES;

--
-- Table structure for table `app_customuser`
--

DROP TABLE IF EXISTS `app_customuser`;
/*!40101 SET @saved_cs_client     = @@character_set_client */;
/*!40101 SET character_set_client = utf8 */;
CREATE TABLE `app_customuser` (
  `id` bigint(20) NOT NULL AUTO_INCREMENT,
  `password` varchar(128) NOT NULL,
  `last_login` datetime(6) DEFAULT NULL,
  `is_superuser` tinyint(1) NOT NULL,
  `username` varchar(150) NOT NULL,
  `is_staff` tinyint(1) NOT NULL,
  `is_active` tinyint(1) NOT NULL,
  `date_joined` datetime(6) NOT NULL,
  `user_type` varchar(20) NOT NULL,
  `first_name` varchar(30) NOT NULL,
  `last_name` varchar(30) NOT NULL,
  `sur_name` varchar(30) NOT NULL,
  `email` varchar(255) NOT NULL,
  PRIMARY KEY (`id`),
  UNIQUE KEY `username` (`username`),
  UNIQUE KEY `email` (`email`)
) ENGINE=InnoDB AUTO_INCREMENT=47 DEFAULT CHARSET=latin1;
/*!40101 SET character_set_client = @saved_cs_client */;

--
-- Dumping data for table `app_customuser`
--

LOCK TABLES `app_customuser` WRITE;
/*!40000 ALTER TABLE `app_customuser` DISABLE KEYS */;
INSERT INTO `app_customuser` VALUES (1,'pbkdf2_sha256$260000$zZH6vs5Kij46j7IeTS3wfB$efKPNrQ/qKuFiZwtKDgZuXsdLKw0wcbGObEZuQ1Zc20=','2022-06-15 11:44:52.000000',1,'pruebajunuy01',1,1,'2022-06-15 11:44:27.000000','1','ADMINISTRADOR','ADMIN','ADMIN','admin@admin.com'),(30,'pbkdf2_sha256$260000$zZH6vs5Kij46j7IeTS3wfB$efKPNrQ/qKuFiZwtKDgZuXsdLKw0wcbGObEZuQ1Zc20=','2022-06-15 11:44:52.000000',1,'iceman2',1,1,'2022-06-15 11:44:27.000000','1','ADMINISTRADOR','ADMIN','ADMIN','iceman2@uniq.edu.pe'),(32,'pbkdf2_sha256$260000$zZH6vs5Kij46j7IeTS3wfB$efKPNrQ/qKuFiZwtKDgZuXsdLKw0wcbGObEZuQ1Zc20=','2022-06-15 11:44:52.000000',1,'ealfaro',1,1,'2022-06-15 11:44:27.000000','1','EDITH ELIZABETH','GONZALES','ALFARO','ealfaro@uniq.edu.pe'),(33,'pbkdf2_sha256$260000$zZH6vs5Kij46j7IeTS3wfB$efKPNrQ/qKuFiZwtKDgZuXsdLKw0wcbGObEZuQ1Zc20=','2022-06-15 11:44:52.000000',1,'pmarconi',1,1,'2022-06-15 11:44:27.000000','1','MARCONI','WILSON','PACO','pmarconi@uniq.edu.pe'),(34,'pbkdf2_sha256$260000$zZH6vs5Kij46j7IeTS3wfB$efKPNrQ/qKuFiZwtKDgZuXsdLKw0wcbGObEZuQ1Zc20=','2022-06-15 11:44:52.000000',1,'proveedor',1,1,'2022-06-15 11:44:27.000000','1','PROV','PROV','PROV','proveedor@uniq.edu.pe'),(35,'pbkdf2_sha256$260000$oCPMg0Mmw2vfLypEuNQVX7$TQvkNPh2ZDwLOYCem2+8fcOB6sUe95bJ9AIoyPEYZKY=',NULL,0,'73977841',0,1,'2022-12-29 11:34:55.521772','3','JHORDY JHEISON','MAMANI','HUAMAN','73977841C122@uniq.edu.pe'),(36,'pbkdf2_sha256$260000$KFQMCblNEUFnHI0d4wX5cQ$ThJMLJ4uyGSrqzsPOHW1qZ+H1gTVcR/VSvXrxLLNuQc=',NULL,0,'73430178',0,1,'2022-12-29 11:35:27.082711','3','MAX JOSMER','ROMAN','UGARTE','73430178C122@uniq.edu.pe'),(37,'pbkdf2_sha256$260000$wGEFKwkmh8BxBC4SuUacey$NdudVlyh1cYCGUBLOJmaFqbBZuiVLEIAjKXzXm81JQM=',NULL,0,'76059357',0,1,'2022-12-29 11:38:04.115609','3','FRANDY','ROJAS','ABRACA','76059357C122@uniq.edu.pe'),(38,'pbkdf2_sha256$260000$CnZ0pGQ82lNypcOxZpzo82$ZhgT5xcucfxCTgFLavC+hmvGx+LJXmbolIKyVeeKlPk=',NULL,0,'76352061',0,1,'2022-12-29 12:59:27.081458','3','MARICIELO','APAZA','ASTETE','76352061C122@uniq.edu.pe'),(39,'pbkdf2_sha256$260000$DG4XAFK5YQBJqi2r7SIpYl$w+6LhoyzvsIS+nBvqXvdNYZOMtzjWXEqyq24ORp5enY=',NULL,0,'73587594',0,1,'2022-12-29 15:49:38.570955','3','KIARA MILENE','CCONISLLA','SUCA','73587594C122@uniq.edu.pe'),(40,'pbkdf2_sha256$260000$uF4EBOKmtyPSBZZpTLPsB1$R950WO2dlY8MXWh0XyxQk/C7Gq9tiwJEJb7NAaFdeVc=',NULL,0,'76095755',0,1,'2022-12-29 15:50:29.229472','3','CARLOS MANUEL','GONZALES','BERROCAL','76095755C122@uniq.edu.pe'),(41,'pbkdf2_sha256$260000$ZuoZkF2T9xYOw6QdHtcbER$6fSpzkWJ/VPJrsnjplHwnyQBrdh7F5PJRQnEtV0Nt1k=',NULL,0,'44107713',0,1,'2022-12-29 16:55:55.068655','1','FRANK REYNALDO','MAMANI','POCCO','fmamani@uniq.edu.pe'),(43,'pbkdf2_sha256$260000$zZH6vs5Kij46j7IeTS3wfB$efKPNrQ/qKuFiZwtKDgZuXsdLKw0wcbGObEZuQ1Zc20=','2022-06-15 11:44:52.000000',1,'fmamani',1,1,'2022-06-15 11:44:27.000000','1','FRANK','POCCO','MAMANI','frank@uniq.edu.pe'),(44,'pbkdf2_sha256$260000$MCAiD2FFO3r1SlmDiABFWI$AXo7TE1gLcsz9w1xDwn/l/aiQTSuCO97HZHlEd+a8xw=',NULL,0,'76175833',0,1,'2022-12-30 11:52:57.723840','3','MICHAEL','SORIA','FERNANDEZ','76175833C122@uniq.edu.pe'),(45,'pbkdf2_sha256$260000$gS7xO4lqDVICuT3mnXSguf$3TWqalc9ejY7Z8Sj2toXUInIRHSCR0OFQyAFawu9r9c=',NULL,0,'77799740',0,1,'2022-12-30 11:53:44.007449','3','JOHAN ESIDIO','TTITO','NOGUIERA','77799740C122@uniq.edu.pe'),(46,'pbkdf2_sha256$260000$gdts8Tyjh7fu3tlK7RLbCd$dz2DzaaBLuh7EPv1mM5PDPl+WBS8joCed05wy2bXUIc=',NULL,0,'60293690',0,1,'2022-12-30 15:36:10.224015','3','YULFER RIVALDO','TTITO','CCALA','60293690C122@uniq.edu.pe');
/*!40000 ALTER TABLE `app_customuser` ENABLE KEYS */;
UNLOCK TABLES;

--
-- Table structure for table `app_customuser_groups`
--

DROP TABLE IF EXISTS `app_customuser_groups`;
/*!40101 SET @saved_cs_client     = @@character_set_client */;
/*!40101 SET character_set_client = utf8 */;
CREATE TABLE `app_customuser_groups` (
  `id` bigint(20) NOT NULL AUTO_INCREMENT,
  `customuser_id` bigint(20) NOT NULL,
  `group_id` int(11) NOT NULL,
  PRIMARY KEY (`id`),
  UNIQUE KEY `app_customuser_groups_customuser_id_group_id_a5a0ca22_uniq` (`customuser_id`,`group_id`),
  KEY `app_customuser_groups_group_id_47e49ebd_fk_auth_group_id` (`group_id`),
  CONSTRAINT `app_customuser_group_customuser_id_164d073f_fk_app_custo` FOREIGN KEY (`customuser_id`) REFERENCES `app_customuser` (`id`),
  CONSTRAINT `app_customuser_groups_group_id_47e49ebd_fk_auth_group_id` FOREIGN KEY (`group_id`) REFERENCES `auth_group` (`id`)
) ENGINE=InnoDB DEFAULT CHARSET=latin1;
/*!40101 SET character_set_client = @saved_cs_client */;

--
-- Dumping data for table `app_customuser_groups`
--

LOCK TABLES `app_customuser_groups` WRITE;
/*!40000 ALTER TABLE `app_customuser_groups` DISABLE KEYS */;
/*!40000 ALTER TABLE `app_customuser_groups` ENABLE KEYS */;
UNLOCK TABLES;

--
-- Table structure for table `app_customuser_user_permissions`
--

DROP TABLE IF EXISTS `app_customuser_user_permissions`;
/*!40101 SET @saved_cs_client     = @@character_set_client */;
/*!40101 SET character_set_client = utf8 */;
CREATE TABLE `app_customuser_user_permissions` (
  `id` bigint(20) NOT NULL AUTO_INCREMENT,
  `customuser_id` bigint(20) NOT NULL,
  `permission_id` int(11) NOT NULL,
  PRIMARY KEY (`id`),
  UNIQUE KEY `app_customuser_user_perm_customuser_id_permission_22e31019_uniq` (`customuser_id`,`permission_id`),
  KEY `app_customuser_user__permission_id_c5920c75_fk_auth_perm` (`permission_id`),
  CONSTRAINT `app_customuser_user__customuser_id_4bcbaafb_fk_app_custo` FOREIGN KEY (`customuser_id`) REFERENCES `app_customuser` (`id`),
  CONSTRAINT `app_customuser_user__permission_id_c5920c75_fk_auth_perm` FOREIGN KEY (`permission_id`) REFERENCES `auth_permission` (`id`)
) ENGINE=InnoDB DEFAULT CHARSET=latin1;
/*!40101 SET character_set_client = @saved_cs_client */;

--
-- Dumping data for table `app_customuser_user_permissions`
--

LOCK TABLES `app_customuser_user_permissions` WRITE;
/*!40000 ALTER TABLE `app_customuser_user_permissions` DISABLE KEYS */;
/*!40000 ALTER TABLE `app_customuser_user_permissions` ENABLE KEYS */;
UNLOCK TABLES;

--
-- Table structure for table `app_detalle_compromiso_de_pago`
--

DROP TABLE IF EXISTS `app_detalle_compromiso_de_pago`;
/*!40101 SET @saved_cs_client     = @@character_set_client */;
/*!40101 SET character_set_client = utf8 */;
CREATE TABLE `app_detalle_compromiso_de_pago` (
  `id` bigint(20) NOT NULL AUTO_INCREMENT,
  `fecha_registro` datetime(6) NOT NULL,
  `fecha_actualizacion` datetime(6) NOT NULL,
  `codigo_compromiso_pago` varchar(50) NOT NULL,
  `numero_cuota` int(10) unsigned NOT NULL,
  `monto` decimal(10,2) NOT NULL,
  `fecha_inicio` date NOT NULL,
  `fecha_fin` date NOT NULL,
  `esta_pagado` tinyint(1) NOT NULL,
  `monto_mora` decimal(10,2) DEFAULT NULL,
  `fecha_pagado` date DEFAULT NULL,
  `modalidad_pago` varchar(40) DEFAULT NULL,
  `id_compromiso_pago_id` bigint(20) NOT NULL,
  PRIMARY KEY (`id`),
  UNIQUE KEY `app_detalle_compromiso_d_id_compromiso_pago_id_nu_a301bf41_uniq` (`id_compromiso_pago_id`,`numero_cuota`),
  CONSTRAINT `app_detalle_compromi_id_compromiso_pago_i_88df1716_fk_app_compr` FOREIGN KEY (`id_compromiso_pago_id`) REFERENCES `app_compromiso_pago` (`id`)
) ENGINE=InnoDB AUTO_INCREMENT=162 DEFAULT CHARSET=latin1;
/*!40101 SET character_set_client = @saved_cs_client */;

--
-- Dumping data for table `app_detalle_compromiso_de_pago`
--

LOCK TABLES `app_detalle_compromiso_de_pago` WRITE;
/*!40000 ALTER TABLE `app_detalle_compromiso_de_pago` DISABLE KEYS */;
INSERT INTO `app_detalle_compromiso_de_pago` VALUES (1,'2022-12-26 08:48:59.438530','2022-12-26 08:48:59.438573','7709-5592',1,500.00,'2022-12-24','2022-12-24',0,0.00,NULL,'',1),(2,'2022-12-26 08:48:59.450009','2022-12-26 08:48:59.450029','7709-5593',2,250.00,'2022-12-24','2022-12-24',0,0.00,NULL,'',1),(3,'2022-12-27 12:12:38.072516','2022-12-27 12:12:38.072558','7710-5594',1,500.00,'2022-12-26','2023-01-16',0,0.00,NULL,'',2),(4,'2022-12-27 12:12:38.082732','2022-12-27 12:12:38.082750','7710-5595',2,250.00,'2023-01-23','2023-03-16',0,0.00,NULL,'',2),(5,'2022-12-27 12:30:27.767247','2022-12-27 12:30:27.767288','7711-5596',1,750.00,'2022-12-26','2023-01-08',0,0.00,NULL,'',3),(6,'2022-12-27 13:52:27.516931','2022-12-27 13:52:27.516955','7713-5599',1,500.00,'2022-12-26','2023-01-16',0,0.00,NULL,'',4),(7,'2022-12-27 13:52:27.527433','2022-12-27 13:52:27.527448','7713-5600',2,250.00,'2023-01-23','2023-03-16',0,0.00,NULL,'',4),(8,'2022-12-27 13:59:41.341458','2022-12-29 15:28:53.301508','7714-5601',1,750.00,'2022-12-26','2023-01-08',1,0.00,NULL,'',5),(9,'2022-12-27 14:20:16.592835','2022-12-27 14:20:16.592874','7715-5602',1,500.00,'2022-12-26','2023-01-16',0,0.00,NULL,'',6),(10,'2022-12-27 14:20:16.603953','2022-12-27 14:20:16.603972','7715-5603',2,250.00,'2023-01-23','2023-03-16',0,0.00,NULL,'',6),(11,'2022-12-27 15:08:29.665021','2022-12-27 15:08:29.665052','7716-5604',1,500.00,'2022-12-26','2023-01-16',0,0.00,NULL,'',7),(12,'2022-12-27 15:08:29.675256','2022-12-27 15:08:29.675272','7716-5605',2,250.00,'2023-01-23','2023-03-16',0,0.00,NULL,'',7),(13,'2022-12-27 18:20:08.727367','2022-12-29 12:03:24.903431','B001 00000040',1,750.00,'2022-12-26','2023-01-08',1,0.00,'2022-12-28','',8),(14,'2022-12-27 22:50:27.067140','2022-12-27 22:50:27.067178','7718-5607',1,500.00,'2022-12-26','2023-01-16',0,0.00,NULL,'',9),(15,'2022-12-27 22:50:27.077091','2022-12-27 22:50:27.077108','7718-5608',2,250.00,'2023-01-23','2023-03-16',0,0.00,NULL,'',9),(16,'2022-12-27 23:18:48.660384','2022-12-27 23:18:48.660415','7719-5609',1,500.00,'2022-12-26','2023-01-16',0,0.00,NULL,'',10),(17,'2022-12-27 23:18:48.671159','2022-12-27 23:18:48.671177','7719-5610',2,250.00,'2023-01-23','2023-03-16',0,0.00,NULL,'',10),(18,'2022-12-28 07:30:22.580326','2022-12-28 07:30:22.580366','7720-5611',1,750.00,'2022-12-26','2023-01-08',0,0.00,NULL,'',11),(19,'2022-12-28 07:51:52.632256','2022-12-28 07:51:52.632303','7721-5612',1,750.00,'2022-12-26','2023-01-08',0,0.00,NULL,'',12),(20,'2022-12-28 09:03:20.909767','2023-01-03 16:07:08.609595','B001 00000043',1,500.00,'2022-12-26','2023-01-16',1,0.00,'2022-12-28','',13),(21,'2022-12-28 09:03:20.921065','2022-12-28 09:03:20.921088','7722-5614',2,250.00,'2023-01-23','2023-03-16',0,0.00,NULL,'',13),(22,'2022-12-28 09:48:10.891323','2022-12-29 12:44:30.506226','B001 00000036',1,750.00,'2022-12-26','2023-01-08',1,0.00,'2022-12-28','',14),(23,'2022-12-28 09:52:44.204274','2022-12-28 09:52:44.204317','7724-5616',1,750.00,'2022-12-26','2023-01-16',0,0.00,NULL,'',15),(26,'2022-12-28 11:41:28.196095','2022-12-28 11:41:28.196125','7726-5619',1,750.00,'2022-12-26','2023-01-08',0,0.00,NULL,'',17),(27,'2022-12-28 12:06:10.506372','2022-12-28 16:21:19.087550','B001 00000037',1,500.00,'2022-12-26','2023-01-16',1,0.00,'2022-12-28','',18),(28,'2022-12-28 12:06:10.516649','2022-12-28 12:06:10.516666','7727-5621',2,250.00,'2023-01-23','2023-03-16',0,0.00,NULL,'',18),(29,'2022-12-28 17:57:36.899663','2022-12-29 12:09:16.864701','B001 00000039',1,750.00,'2022-12-26','2023-01-08',1,0.00,'2022-12-28','',19),(30,'2022-12-28 18:00:35.900849','2022-12-31 18:34:07.882749','B001 00000041',1,500.00,'2022-12-26','2023-01-16',1,0.00,'2022-12-28','',20),(31,'2022-12-28 18:00:35.911902','2022-12-28 18:00:35.911919','7729-5624',2,250.00,'2023-01-23','2023-03-16',0,0.00,NULL,'',20),(32,'2022-12-28 18:08:58.891685','2022-12-28 18:08:58.891713','7730-5625',1,750.00,'2022-12-26','2023-01-08',0,0.00,NULL,'',21),(33,'2022-12-28 18:28:52.922533','2022-12-28 18:28:52.922564','7731-5626',1,500.00,'2022-12-26','2023-01-16',0,0.00,NULL,'',22),(34,'2022-12-28 18:28:52.929325','2022-12-28 18:28:52.929339','7731-5627',2,250.00,'2023-01-23','2023-03-16',0,0.00,NULL,'',22),(35,'2022-12-28 18:51:05.593774','2022-12-28 19:17:42.907443','7732-5628',1,500.00,'2022-12-26','2023-01-16',1,0.00,NULL,'',23),(36,'2022-12-28 18:51:05.604736','2022-12-28 18:51:05.604757','7732-5629',2,250.00,'2023-01-23','2023-03-16',0,0.00,NULL,'',23),(37,'2022-12-29 08:11:28.641229','2022-12-29 08:11:28.641267','7733-5630',1,500.00,'2022-12-26','2023-01-16',0,0.00,NULL,'',24),(38,'2022-12-29 08:11:28.652742','2022-12-29 08:11:28.652766','7733-5631',2,250.00,'2023-01-23','2023-03-16',0,0.00,NULL,'',24),(39,'2022-12-29 10:35:03.999420','2022-12-29 10:48:55.410844','B001 00000045',1,750.00,'2022-12-26','2023-01-08',1,0.00,'2022-12-29','',25),(40,'2022-12-29 11:59:41.180376','2022-12-31 15:33:15.153350','B001 00000049',1,500.00,'2022-12-26','2023-01-16',1,0.00,'2022-12-29','',26),(41,'2022-12-29 11:59:41.193564','2022-12-29 15:27:46.883546','7735-5634',2,250.00,'2023-01-23','2023-03-16',1,0.00,NULL,'',26),(42,'2022-12-29 12:10:34.613800','2022-12-31 07:57:00.477111','B001 00000046',1,750.00,'2022-12-26','2023-01-08',1,0.00,'2022-12-29','',27),(43,'2022-12-29 12:42:34.617261','2022-12-29 12:55:31.538472','B001 00000048',1,500.00,'2022-12-26','2023-01-16',1,0.00,'2022-12-29','',28),(44,'2022-12-29 12:42:34.627579','2022-12-29 12:42:34.627594','7737-5637',2,250.00,'2023-01-23','2023-03-16',0,0.00,NULL,'',28),(45,'2022-12-29 16:16:38.663397','2022-12-29 16:16:38.663436','7738-5638',1,500.00,'2022-12-26','2023-01-16',0,0.00,NULL,'',29),(46,'2022-12-29 16:16:38.673062','2022-12-29 16:16:38.673215','7738-5639',2,250.00,'2023-01-23','2023-03-16',0,0.00,NULL,'',29),(47,'2022-12-29 18:22:08.585898','2023-01-03 22:22:31.894394','B001 00000052',1,500.00,'2022-12-26','2023-01-16',1,0.00,'2022-12-29','',30),(48,'2022-12-29 18:22:08.596212','2022-12-29 18:22:08.596228','7739-5641',2,250.00,'2023-01-23','2023-03-16',0,0.00,NULL,'',30),(49,'2022-12-29 19:57:03.965952','2022-12-29 19:57:03.965983','7740-5642',1,500.00,'2022-12-26','2023-01-16',0,0.00,NULL,'',31),(50,'2022-12-29 19:57:03.976001','2022-12-29 19:57:03.976162','7740-5643',2,250.00,'2023-01-23','2023-03-16',0,0.00,NULL,'',31),(51,'2022-12-30 09:30:57.797746','2023-01-04 07:51:34.127391','B001 00000053',1,500.00,'2022-12-26','2023-01-16',1,0.00,'2022-12-30','',32),(52,'2022-12-30 09:30:57.808864','2022-12-30 09:30:57.809043','7741-5645',2,250.00,'2023-01-23','2023-03-16',0,0.00,NULL,'',32),(53,'2022-12-30 10:45:45.953973','2022-12-30 10:45:45.954001','7742-5646',1,750.00,'2022-12-26','2023-01-08',0,0.00,NULL,'',33),(54,'2022-12-30 11:41:00.935300','2022-12-30 11:41:00.935340','7743-5647',1,500.00,'2022-12-26','2023-01-16',0,0.00,NULL,'',34),(55,'2022-12-30 11:41:00.951794','2022-12-30 11:41:00.951820','7743-5648',2,250.00,'2023-01-23','2023-03-16',0,0.00,NULL,'',34),(56,'2022-12-30 14:35:28.059980','2022-12-30 14:35:28.060015','7744-5649',1,750.00,'2022-12-26','2023-01-16',0,0.00,NULL,'',35),(57,'2022-12-30 15:50:18.564359','2022-12-30 20:18:47.865426','7745-5650',1,750.00,'2022-12-26','2023-01-16',1,0.00,NULL,'',36),(58,'2022-12-30 19:03:52.926562','2022-12-30 19:03:52.926592','7746-5651',1,500.00,'2022-12-26','2023-01-16',0,0.00,NULL,'',37),(59,'2022-12-30 19:03:52.937276','2022-12-30 19:03:52.937295','7746-5652',2,250.00,'2023-01-23','2023-03-16',0,0.00,NULL,'',37),(60,'2022-12-31 06:47:51.379536','2022-12-31 06:47:51.379582','7747-5653',1,500.00,'2022-12-26','2023-01-16',0,0.00,NULL,'',38),(61,'2022-12-31 06:47:51.390796','2022-12-31 06:47:51.390819','7747-5654',2,250.00,'2023-01-23','2023-03-16',0,0.00,NULL,'',38),(62,'2022-12-31 17:35:20.038299','2022-12-31 17:35:20.038340','7748-5655',1,500.00,'2022-12-26','2023-01-16',0,0.00,NULL,'',39),(63,'2022-12-31 17:35:20.050081','2022-12-31 17:35:20.050101','7748-5656',2,250.00,'2023-01-23','2023-03-16',0,0.00,NULL,'',39),(64,'2023-01-01 10:15:46.517227','2023-01-03 19:21:52.380403','B001 00000062',1,750.00,'2022-12-26','2023-01-08',1,0.00,'2023-01-03','',40),(65,'2023-01-01 15:59:39.545787','2023-01-01 15:59:39.545818','7750-5658',1,500.00,'2022-12-26','2023-01-16',0,0.00,NULL,'',41),(66,'2023-01-01 15:59:39.555831','2023-01-01 15:59:39.555979','7750-5659',2,250.00,'2023-01-23','2023-03-16',0,0.00,NULL,'',41),(69,'2023-01-02 08:48:03.917174','2023-01-03 12:04:14.345867','B001 00000066',1,750.00,'2022-12-26','2023-01-08',1,0.00,'2023-01-03','',43),(70,'2023-01-02 08:49:06.366764','2023-01-03 15:32:25.137562','B001 00000085',1,500.00,'2022-12-26','2023-01-16',1,0.00,'2023-01-03','',44),(71,'2023-01-02 08:49:06.376409','2023-01-02 08:49:06.376429','7753-5664',2,250.00,'2023-01-23','2023-03-16',0,0.00,NULL,'',44),(72,'2023-01-02 11:07:35.687036','2023-01-02 11:07:35.687064','7754-5665',1,750.00,'2022-12-26','2023-01-08',0,0.00,NULL,'',45),(73,'2023-01-02 12:10:34.010091','2023-01-02 12:10:34.010118','7755-5666',1,500.00,'2022-12-26','2023-01-16',0,0.00,NULL,'',46),(74,'2023-01-02 12:10:34.020413','2023-01-02 12:10:34.020430','7755-5667',2,250.00,'2023-01-23','2023-03-16',0,0.00,NULL,'',46),(75,'2023-01-02 12:52:04.922842','2023-01-02 12:52:04.922876','7756-5668',1,500.00,'2022-12-26','2023-01-16',0,0.00,NULL,'',47),(76,'2023-01-02 12:52:04.934849','2023-01-02 12:52:04.934871','7756-5669',2,250.00,'2023-01-23','2023-03-16',0,0.00,NULL,'',47),(77,'2023-01-02 14:00:38.938235','2023-01-02 14:00:38.938258','7757-5670',1,500.00,'2022-12-26','2023-01-16',0,0.00,NULL,'',48),(78,'2023-01-02 14:00:38.947406','2023-01-02 14:00:38.947419','7757-5671',2,250.00,'2023-01-23','2023-03-16',0,0.00,NULL,'',48),(79,'2023-01-02 14:07:44.060027','2023-01-02 14:07:44.060060','7758-5672',1,500.00,'2022-12-26','2023-01-16',0,0.00,NULL,'',49),(80,'2023-01-02 14:07:44.071248','2023-01-02 14:07:44.071271','7758-5673',2,250.00,'2023-01-23','2023-03-16',0,0.00,NULL,'',49),(81,'2023-01-02 15:26:44.970168','2023-01-02 15:26:44.970197','7759-5674',1,500.00,'2022-12-26','2023-01-16',0,0.00,NULL,'',50),(82,'2023-01-02 15:26:44.981079','2023-01-02 15:26:44.981096','7759-5675',2,250.00,'2023-01-23','2023-03-16',0,0.00,NULL,'',50),(83,'2023-01-02 17:44:01.101629','2023-01-02 17:44:01.101658','7760-5676',1,500.00,'2022-12-26','2023-01-16',0,0.00,NULL,'',51),(84,'2023-01-02 17:44:01.112301','2023-01-02 17:44:01.112319','7760-5677',2,250.00,'2023-01-23','2023-03-16',0,0.00,NULL,'',51),(85,'2023-01-03 09:02:34.560752','2023-01-03 09:02:34.560784','7761-5678',1,500.00,'2022-12-26','2023-01-16',0,0.00,NULL,'',52),(86,'2023-01-03 09:02:34.570171','2023-01-03 09:02:34.570188','7761-5679',2,250.00,'2023-01-23','2023-03-16',0,0.00,NULL,'',52),(87,'2023-01-03 09:06:11.957873','2023-01-03 16:28:51.632651','7762-5680',1,500.00,'2022-12-26','2023-01-16',1,0.00,NULL,'',53),(88,'2023-01-03 09:06:11.966747','2023-01-03 09:06:11.966762','7762-5681',2,250.00,'2023-01-23','2023-03-16',0,0.00,NULL,'',53),(89,'2023-01-03 09:15:33.972205','2023-01-03 10:38:11.497310','B001 00000059',1,500.00,'2022-12-26','2023-01-16',1,0.00,'2023-01-03','',54),(90,'2023-01-03 09:15:33.982038','2023-01-03 09:15:33.982054','7763-5683',2,250.00,'2023-01-23','2023-03-16',0,0.00,NULL,'',54),(91,'2023-01-03 09:21:58.735398','2023-01-03 09:21:58.735428','7764-5684',1,500.00,'2022-12-26','2023-01-16',0,0.00,NULL,'',55),(92,'2023-01-03 09:21:58.745427','2023-01-03 09:21:58.745445','7764-5685',2,250.00,'2023-01-23','2023-03-16',0,0.00,NULL,'',55),(93,'2023-01-03 09:39:57.638208','2023-01-03 09:39:57.638238','7765-5686',1,500.00,'2022-12-26','2023-01-16',0,0.00,NULL,'',56),(94,'2023-01-03 09:39:57.648404','2023-01-03 09:39:57.648422','7765-5687',2,250.00,'2023-01-23','2023-03-16',0,0.00,NULL,'',56),(95,'2023-01-03 09:49:55.117464','2023-01-03 09:49:55.117506','7766-5688',1,500.00,'2022-12-26','2023-01-16',0,0.00,NULL,'',57),(96,'2023-01-03 09:49:55.128469','2023-01-03 09:49:55.128492','7766-5689',2,250.00,'2023-01-23','2023-03-16',0,0.00,NULL,'',57),(97,'2023-01-03 09:57:38.189032','2023-01-03 09:57:38.189056','7767-5690',1,500.00,'2022-12-26','2023-01-16',0,0.00,NULL,'',58),(98,'2023-01-03 09:57:38.198425','2023-01-03 09:57:38.198439','7767-5691',2,250.00,'2023-01-23','2023-03-16',0,0.00,NULL,'',58),(99,'2023-01-03 10:06:21.003253','2023-01-03 16:13:53.185535','7768-5692',1,500.00,'2022-12-26','2023-01-16',1,0.00,NULL,'',59),(100,'2023-01-03 10:06:21.013741','2023-01-03 10:06:21.013759','7768-5693',2,250.00,'2023-01-23','2023-03-16',0,0.00,NULL,'',59),(101,'2023-01-03 10:17:16.672321','2023-01-03 10:17:16.672351','7769-5694',1,750.00,'2022-12-26','2023-01-08',0,0.00,NULL,'',60),(102,'2023-01-03 10:25:07.166253','2023-01-03 19:44:05.938280','B001 00000088',1,500.00,'2022-12-26','2023-01-16',1,0.00,'2023-01-03','',61),(103,'2023-01-03 10:25:07.175386','2023-01-03 10:25:07.175405','7770-5696',2,250.00,'2023-01-23','2023-03-16',0,0.00,NULL,'',61),(104,'2023-01-03 10:27:29.557956','2023-01-03 10:27:29.557984','7771-5697',1,500.00,'2022-12-26','2023-01-16',0,0.00,NULL,'',62),(105,'2023-01-03 10:27:29.568737','2023-01-03 10:27:29.568756','7771-5698',2,250.00,'2023-01-23','2023-03-16',0,0.00,NULL,'',62),(106,'2023-01-03 10:33:14.975774','2023-01-03 10:33:14.975826','7772-5699',1,500.00,'2022-12-26','2023-01-16',0,0.00,NULL,'',63),(107,'2023-01-03 10:33:14.987097','2023-01-03 10:33:14.987120','7772-5700',2,250.00,'2023-01-23','2023-03-16',0,0.00,NULL,'',63),(108,'2023-01-03 10:46:55.122705','2023-01-03 10:46:55.122742','7773-5701',1,500.00,'2022-12-26','2023-01-16',0,0.00,NULL,'',64),(109,'2023-01-03 10:46:55.133131','2023-01-03 10:46:55.133150','7773-5702',2,250.00,'2023-01-23','2023-03-16',0,0.00,NULL,'',64),(110,'2023-01-03 10:52:47.793701','2023-01-03 10:52:47.793732','7774-5703',1,500.00,'2022-12-26','2023-01-16',0,0.00,NULL,'',65),(111,'2023-01-03 10:52:47.803695','2023-01-03 10:52:47.803713','7774-5704',2,250.00,'2023-01-23','2023-03-16',0,0.00,NULL,'',65),(112,'2023-01-03 10:57:50.291992','2023-01-03 10:57:50.292034','7775-5705',1,500.00,'2022-12-26','2023-01-16',0,0.00,NULL,'',66),(113,'2023-01-03 10:57:50.301992','2023-01-03 10:57:50.302008','7775-5706',2,250.00,'2023-01-23','2023-03-16',0,0.00,NULL,'',66),(114,'2023-01-03 11:00:46.657938','2023-01-03 11:00:46.657974','7776-5707',1,500.00,'2022-12-26','2023-01-16',0,0.00,NULL,'',67),(115,'2023-01-03 11:00:46.669953','2023-01-03 11:00:46.669975','7776-5708',2,250.00,'2023-01-23','2023-03-16',0,0.00,NULL,'',67),(116,'2023-01-03 11:07:39.518236','2023-01-03 11:07:39.518272','7777-5709',1,500.00,'2022-12-26','2023-01-16',0,0.00,NULL,'',68),(117,'2023-01-03 11:07:39.529620','2023-01-03 11:07:39.529782','7777-5710',2,250.00,'2023-01-23','2023-03-16',0,0.00,NULL,'',68),(118,'2023-01-03 11:39:54.921964','2023-01-03 11:39:54.921998','7778-5711',1,500.00,'2022-12-26','2023-01-16',0,0.00,NULL,'',69),(119,'2023-01-03 11:39:54.931308','2023-01-03 11:39:54.931324','7778-5712',2,250.00,'2023-01-23','2023-03-16',0,0.00,NULL,'',69),(120,'2023-01-03 11:47:13.510679','2023-01-03 12:27:33.215904','B001 00000073',1,500.00,'2022-12-26','2023-01-16',1,0.00,'2023-01-03','',70),(121,'2023-01-03 11:47:13.521161','2023-01-03 12:14:49.540388','7779-5714',2,250.00,'2023-01-23','2023-03-16',1,0.00,NULL,'',70),(122,'2023-01-03 11:56:50.807864','2023-01-03 12:36:35.530131','B001 00000076',1,500.00,'2022-12-26','2023-01-16',1,0.00,'2023-01-03','',71),(123,'2023-01-03 11:56:50.817551','2023-01-03 12:36:14.211334','7780-5716',2,250.00,'2023-01-23','2023-03-16',1,0.00,NULL,'',71),(124,'2023-01-03 11:57:12.614644','2023-01-03 11:57:12.614672','7781-5717',1,750.00,'2022-12-26','2023-01-08',0,0.00,NULL,'',72),(125,'2023-01-03 12:05:05.139192','2023-01-03 12:05:05.139217','7782-5718',1,500.00,'2022-12-26','2023-01-16',0,0.00,NULL,'',73),(126,'2023-01-03 12:05:05.148815','2023-01-03 12:05:05.148830','7782-5719',2,250.00,'2023-01-23','2023-03-16',0,0.00,NULL,'',73),(127,'2023-01-03 12:13:02.976464','2023-01-03 21:00:29.733024','B001 00000089',1,500.00,'2022-12-26','2023-01-16',1,0.00,'2023-01-03','',74),(128,'2023-01-03 12:13:02.988570','2023-01-03 12:13:02.988590','7783-5721',2,250.00,'2023-01-23','2023-03-16',0,0.00,NULL,'',74),(129,'2023-01-03 12:24:36.572381','2023-01-03 12:24:36.572414','7784-5722',1,500.00,'2022-12-26','2023-01-16',0,0.00,NULL,'',75),(130,'2023-01-03 12:24:36.585039','2023-01-03 12:24:36.585063','7784-5723',2,250.00,'2023-01-23','2023-03-16',0,0.00,NULL,'',75),(131,'2023-01-03 12:32:19.543253','2023-01-04 06:02:02.898345','B001 00000090',1,750.00,'2022-12-26','2023-01-16',1,0.00,'2023-01-03','',76),(132,'2023-01-03 12:32:58.232519','2023-01-03 12:32:58.232553','7786-5725',1,750.00,'2022-12-26','2023-01-16',0,0.00,NULL,'',77),(134,'2023-01-03 12:41:10.742534','2023-01-03 12:41:10.742568','7788-5727',1,500.00,'2022-12-26','2023-01-16',0,0.00,NULL,'',79),(135,'2023-01-03 12:41:10.754521','2023-01-03 12:41:10.754542','7788-5728',2,250.00,'2023-01-23','2023-03-16',0,0.00,NULL,'',79),(136,'2023-01-03 12:41:27.584058','2023-01-03 12:41:27.584093','7789-5729',1,750.00,'2022-12-26','2023-01-16',0,0.00,NULL,'',80),(137,'2023-01-03 12:55:30.289456','2023-01-03 18:19:37.930413','B001 00000084',1,500.00,'2022-12-26','2023-01-16',1,0.00,'2023-01-03','',81),(138,'2023-01-03 12:55:30.300510','2023-01-03 12:55:30.300527','7790-5731',2,250.00,'2023-01-23','2023-03-16',0,0.00,NULL,'',81),(139,'2023-01-03 12:59:45.973040','2023-01-03 15:55:02.872312','B001 00000087',1,500.00,'2022-12-26','2023-01-16',1,0.00,'2023-01-03','',82),(140,'2023-01-03 12:59:45.984256','2023-01-03 12:59:45.984276','7791-5733',2,250.00,'2023-01-23','2023-03-16',0,0.00,NULL,'',82),(141,'2023-01-03 13:08:54.560911','2023-01-03 13:08:54.560942','7792-5734',1,500.00,'2022-12-26','2023-01-16',0,0.00,NULL,'',83),(142,'2023-01-03 13:08:54.571454','2023-01-03 13:08:54.571472','7792-5735',2,250.00,'2023-01-23','2023-03-16',0,0.00,NULL,'',83),(143,'2023-01-03 14:44:06.937265','2023-01-03 14:44:06.937296','7793-5736',1,750.00,'2022-12-26','2023-01-16',0,0.00,NULL,'',84),(144,'2023-01-03 15:05:17.547377','2023-01-03 15:22:41.398237','B001 00000086',1,500.00,'2022-12-26','2023-01-16',1,0.00,'2023-01-03','',85),(145,'2023-01-03 15:05:17.557298','2023-01-03 15:05:17.557317','7794-5738',2,250.00,'2023-01-23','2023-03-16',0,0.00,NULL,'',85),(146,'2023-01-03 15:24:48.212198','2023-01-03 15:24:48.212239','7795-5739',1,500.00,'2022-12-26','2023-01-16',0,0.00,NULL,'',86),(147,'2023-01-03 15:24:48.221886','2023-01-03 15:24:48.221904','7795-5740',2,250.00,'2023-01-23','2023-03-16',0,0.00,NULL,'',86),(148,'2023-01-03 15:38:13.956574','2023-01-03 15:38:13.956619','7796-5741',1,750.00,'2022-12-26','2023-01-08',0,0.00,NULL,'',87),(149,'2023-01-03 16:03:28.704638','2023-01-03 16:03:28.704665','7797-5742',1,500.00,'2022-12-26','2023-01-16',0,0.00,NULL,'',88),(150,'2023-01-03 16:03:28.713669','2023-01-03 16:03:28.713848','7797-5743',2,250.00,'2023-01-23','2023-03-16',0,0.00,NULL,'',88),(151,'2023-01-03 16:09:53.496048','2023-01-03 16:49:44.832724','7798-5744',1,500.00,'2022-12-26','2023-01-16',1,0.00,NULL,'',89),(152,'2023-01-03 16:09:53.505971','2023-01-03 16:09:53.505991','7798-5745',2,250.00,'2023-01-23','2023-03-16',0,0.00,NULL,'',89),(153,'2023-01-03 16:19:26.203869','2023-01-03 16:19:26.203909','7799-5746',1,500.00,'2022-12-26','2023-01-16',0,0.00,NULL,'',90),(154,'2023-01-03 16:19:26.214117','2023-01-03 16:19:26.214136','7799-5747',2,250.00,'2023-01-23','2023-03-16',0,0.00,NULL,'',90),(155,'2023-01-03 16:44:29.921415','2023-01-03 16:44:29.921448','7800-5748',1,750.00,'2022-12-26','2023-01-16',0,0.00,NULL,'',91),(156,'2023-01-03 18:06:03.338615','2023-01-03 18:27:39.380340','B001 00000097',1,500.00,'2022-12-26','2023-01-16',1,0.00,'2023-01-03','',92),(157,'2023-01-03 18:06:03.350178','2023-01-03 18:06:03.350200','7801-5750',2,250.00,'2023-01-23','2023-03-16',0,0.00,NULL,'',92),(158,'2023-01-03 19:11:44.597544','2023-01-03 19:11:44.597579','7802-5751',1,500.00,'2022-12-26','2023-01-16',0,0.00,NULL,'',93),(159,'2023-01-03 19:11:44.611055','2023-01-03 19:11:44.611073','7802-5752',2,250.00,'2023-01-23','2023-03-16',0,0.00,NULL,'',93),(160,'2023-01-03 23:08:40.902575','2023-01-03 23:08:40.902601','7803-5753',1,500.00,'2022-12-26','2023-01-16',0,0.00,NULL,'',94),(161,'2023-01-03 23:08:40.911246','2023-01-03 23:08:40.911261','7803-5754',2,250.00,'2023-01-23','2023-03-16',0,0.00,NULL,'',94);
/*!40000 ALTER TABLE `app_detalle_compromiso_de_pago` ENABLE KEYS */;
UNLOCK TABLES;

--
-- Table structure for table `app_detalle_pago`
--

DROP TABLE IF EXISTS `app_detalle_pago`;
/*!40101 SET @saved_cs_client     = @@character_set_client */;
/*!40101 SET character_set_client = utf8 */;
CREATE TABLE `app_detalle_pago` (
  `id` bigint(20) NOT NULL AUTO_INCREMENT,
  `fecha_registro` datetime(6) NOT NULL,
  `fecha_actualizacion` datetime(6) NOT NULL,
  `nro_cuota` int(10) unsigned NOT NULL,
  `monto_parcial` decimal(10,2) NOT NULL,
  `especie_mora` varchar(50) DEFAULT NULL,
  `monto_mora` decimal(10,2) DEFAULT NULL,
  `fecha_inicio` date NOT NULL,
  `fecha_fin` date NOT NULL,
  `id_pago_id` bigint(20) NOT NULL,
  `concepto` varchar(200) DEFAULT NULL,
  `ide_esp` int(10) unsigned DEFAULT NULL,
  `ide_itm` int(10) unsigned DEFAULT NULL,
  PRIMARY KEY (`id`),
  KEY `app_detalle_pago_id_pago_id_6560ddd8_fk_app_pago_id` (`id_pago_id`),
  CONSTRAINT `app_detalle_pago_id_pago_id_6560ddd8_fk_app_pago_id` FOREIGN KEY (`id_pago_id`) REFERENCES `app_pago` (`id`)
) ENGINE=InnoDB AUTO_INCREMENT=138 DEFAULT CHARSET=latin1;
/*!40101 SET character_set_client = @saved_cs_client */;

--
-- Dumping data for table `app_detalle_pago`
--

LOCK TABLES `app_detalle_pago` WRITE;
/*!40000 ALTER TABLE `app_detalle_pago` DISABLE KEYS */;
INSERT INTO `app_detalle_pago` VALUES (129,'2022-12-24 17:00:43.676174','2022-12-26 09:37:45.219139',1,750.00,NULL,NULL,'2022-12-26','2023-01-08',131,'CENTRO UNIVERSITARIO (CEPRE) PAGO COMPLETO',32104,2915),(130,'2022-12-24 17:01:00.673822','2022-12-26 09:50:19.245854',1,500.00,NULL,NULL,'2022-12-26','2023-01-16',132,'CENTRO UNIVERSITARIO (CEPRE) PRIMERA CUOTA',32104,3338),(131,'2022-12-24 17:01:00.778016','2022-12-26 09:50:55.324945',2,250.00,NULL,NULL,'2023-01-23','2023-03-16',132,'CENTRO UNIVERSITARIO (CEPRE) SEGUNDA CUOTA',32104,3339),(132,'2022-12-24 17:01:20.476416','2022-12-26 09:47:53.974503',1,750.00,NULL,NULL,'2022-12-26','2023-01-16',133,'CENTRO UNIVERSITARIO (CEPRE) PAGO COMPLETO',32104,2915),(133,'2022-12-24 17:01:22.694223','2022-12-26 09:48:21.047608',1,500.00,NULL,NULL,'2022-12-26','2023-01-16',134,'CENTRO UNIVERSITARIO (CEPRE) PRIMERA CUOTA',32104,3338),(134,'2022-12-24 17:01:22.697139','2022-12-26 09:51:41.245735',2,250.00,NULL,NULL,'2023-01-23','2023-03-16',134,'CENTRO UNIVERSITARIO (CEPRE) SEGUNDA CUOTA',32104,3339),(135,'2022-12-26 09:52:20.012057','2022-12-26 09:52:41.312557',1,750.00,NULL,NULL,'2022-12-26','2023-01-16',135,'CENTRO UNIVERSITARIO (CEPRE) PAGO COMPLETO',32104,2915),(136,'2022-12-26 09:52:49.828731','2022-12-26 09:53:09.764006',1,500.00,NULL,NULL,'2022-12-26','2023-01-16',136,'CENTRO UNIVERSITARIO (CEPRE) PRIMERA CUOTA',32104,3338),(137,'2022-12-26 09:52:50.188363','2022-12-26 09:53:30.439187',2,250.00,NULL,NULL,'2023-01-23','2023-03-16',136,'CENTRO UNIVERSITARIO (CEPRE) SEGUNDA CUOTA',32104,3339);
/*!40000 ALTER TABLE `app_detalle_pago` ENABLE KEYS */;
UNLOCK TABLES;

--
-- Table structure for table `app_docente`
--

DROP TABLE IF EXISTS `app_docente`;
/*!40101 SET @saved_cs_client     = @@character_set_client */;
/*!40101 SET character_set_client = utf8 */;
CREATE TABLE `app_docente` (
  `id` bigint(20) NOT NULL AUTO_INCREMENT,
  `fecha_registro` datetime(6) NOT NULL,
  `fecha_actualizacion` datetime(6) NOT NULL,
  `estado_Activo` tinyint(1) NOT NULL,
  `codigo_docente` varchar(20) DEFAULT NULL,
  `regimen_docente` varchar(3) DEFAULT NULL,
  `user_type_id` bigint(20) NOT NULL,
  PRIMARY KEY (`id`),
  UNIQUE KEY `user_type_id` (`user_type_id`),
  CONSTRAINT `app_docente_user_type_id_443e8612_fk_app_customuser_id` FOREIGN KEY (`user_type_id`) REFERENCES `app_customuser` (`id`)
) ENGINE=InnoDB DEFAULT CHARSET=latin1;
/*!40101 SET character_set_client = @saved_cs_client */;

--
-- Dumping data for table `app_docente`
--

LOCK TABLES `app_docente` WRITE;
/*!40000 ALTER TABLE `app_docente` DISABLE KEYS */;
/*!40000 ALTER TABLE `app_docente` ENABLE KEYS */;
UNLOCK TABLES;

--
-- Table structure for table `app_docente_curso`
--

DROP TABLE IF EXISTS `app_docente_curso`;
/*!40101 SET @saved_cs_client     = @@character_set_client */;
/*!40101 SET character_set_client = utf8 */;
CREATE TABLE `app_docente_curso` (
  `id` bigint(20) NOT NULL AUTO_INCREMENT,
  `fecha_registro` datetime(6) NOT NULL,
  `fecha_actualizacion` datetime(6) NOT NULL,
  `id_curso_id` bigint(20) NOT NULL,
  `id_docente_id` bigint(20) NOT NULL,
  PRIMARY KEY (`id`),
  KEY `app_docente_curso_id_curso_id_af58960a_fk_app_padron_curso_id` (`id_curso_id`),
  KEY `app_docente_curso_id_docente_id_59ac8caf_fk_app_docente_id` (`id_docente_id`),
  CONSTRAINT `app_docente_curso_id_curso_id_af58960a_fk_app_padron_curso_id` FOREIGN KEY (`id_curso_id`) REFERENCES `app_padron_curso` (`id`),
  CONSTRAINT `app_docente_curso_id_docente_id_59ac8caf_fk_app_docente_id` FOREIGN KEY (`id_docente_id`) REFERENCES `app_docente` (`id`)
) ENGINE=InnoDB DEFAULT CHARSET=latin1;
/*!40101 SET character_set_client = @saved_cs_client */;

--
-- Dumping data for table `app_docente_curso`
--

LOCK TABLES `app_docente_curso` WRITE;
/*!40000 ALTER TABLE `app_docente_curso` DISABLE KEYS */;
/*!40000 ALTER TABLE `app_docente_curso` ENABLE KEYS */;
UNLOCK TABLES;

--
-- Table structure for table `app_documento_publicacion`
--

DROP TABLE IF EXISTS `app_documento_publicacion`;
/*!40101 SET @saved_cs_client     = @@character_set_client */;
/*!40101 SET character_set_client = utf8 */;
CREATE TABLE `app_documento_publicacion` (
  `id` bigint(20) NOT NULL AUTO_INCREMENT,
  `fecha_registro` datetime(6) NOT NULL,
  `fecha_actualizacion` datetime(6) NOT NULL,
  `descripcion` longtext NOT NULL,
  `nombre_documento` varchar(100) DEFAULT NULL,
  `archivo` varchar(100) DEFAULT NULL,
  `estado` tinyint(1) NOT NULL,
  `id_ciclo_id` bigint(20) NOT NULL,
  PRIMARY KEY (`id`),
  KEY `app_documento_publicacion_id_ciclo_id_950ed660_fk_app_ciclo_id` (`id_ciclo_id`),
  CONSTRAINT `app_documento_publicacion_id_ciclo_id_950ed660_fk_app_ciclo_id` FOREIGN KEY (`id_ciclo_id`) REFERENCES `app_ciclo` (`id`)
) ENGINE=InnoDB DEFAULT CHARSET=latin1;
/*!40101 SET character_set_client = @saved_cs_client */;

--
-- Dumping data for table `app_documento_publicacion`
--

LOCK TABLES `app_documento_publicacion` WRITE;
/*!40000 ALTER TABLE `app_documento_publicacion` DISABLE KEYS */;
/*!40000 ALTER TABLE `app_documento_publicacion` ENABLE KEYS */;
UNLOCK TABLES;

--
-- Table structure for table `app_documento_solicitado_ciclo`
--

DROP TABLE IF EXISTS `app_documento_solicitado_ciclo`;
/*!40101 SET @saved_cs_client     = @@character_set_client */;
/*!40101 SET character_set_client = utf8 */;
CREATE TABLE `app_documento_solicitado_ciclo` (
  `id` bigint(20) NOT NULL AUTO_INCREMENT,
  `fecha_registro` datetime(6) NOT NULL,
  `fecha_actualizacion` datetime(6) NOT NULL,
  `id_ciclo_id` bigint(20) NOT NULL,
  `id_padron_documento_requisito_id` bigint(20) NOT NULL,
  PRIMARY KEY (`id`),
  UNIQUE KEY `app_documento_solicitado_id_padron_documento_requ_68a6b536_uniq` (`id_padron_documento_requisito_id`,`id_ciclo_id`),
  KEY `app_documento_solici_id_ciclo_id_0fa235d4_fk_app_ciclo` (`id_ciclo_id`),
  CONSTRAINT `app_documento_solici_id_ciclo_id_0fa235d4_fk_app_ciclo` FOREIGN KEY (`id_ciclo_id`) REFERENCES `app_ciclo` (`id`),
  CONSTRAINT `app_documento_solici_id_padron_documento__58656819_fk_app_padro` FOREIGN KEY (`id_padron_documento_requisito_id`) REFERENCES `app_padron_documento_requisito` (`id`)
) ENGINE=InnoDB AUTO_INCREMENT=13 DEFAULT CHARSET=latin1;
/*!40101 SET character_set_client = @saved_cs_client */;

--
-- Dumping data for table `app_documento_solicitado_ciclo`
--

LOCK TABLES `app_documento_solicitado_ciclo` WRITE;
/*!40000 ALTER TABLE `app_documento_solicitado_ciclo` DISABLE KEYS */;
INSERT INTO `app_documento_solicitado_ciclo` VALUES (1,'2022-12-27 14:44:25.555843','2022-12-27 14:44:25.555883',17,3),(2,'2022-12-27 14:44:25.571352','2022-12-27 14:44:25.571375',17,5),(3,'2022-12-27 14:44:25.578708','2022-12-27 14:44:25.578731',17,6),(4,'2022-12-27 15:10:58.840434','2022-12-27 15:10:58.840461',17,4),(5,'2022-12-27 15:11:06.789754','2022-12-27 15:11:06.789775',18,3),(6,'2022-12-27 15:11:06.795528','2022-12-27 15:11:06.795547',18,4),(7,'2022-12-27 15:11:06.801103','2022-12-27 15:11:06.801121',18,5),(8,'2022-12-27 15:11:06.806528','2022-12-27 15:11:06.806544',18,6),(9,'2022-12-27 15:11:14.087585','2022-12-27 15:11:14.087606',16,3),(10,'2022-12-27 15:11:14.093677','2022-12-27 15:11:14.093696',16,4),(11,'2022-12-27 15:11:14.099373','2022-12-27 15:11:14.099390',16,5),(12,'2022-12-27 15:11:14.105294','2022-12-27 15:11:14.105311',16,6);
/*!40000 ALTER TABLE `app_documento_solicitado_ciclo` ENABLE KEYS */;
UNLOCK TABLES;

--
-- Table structure for table `app_documentos_inscripcion`
--

DROP TABLE IF EXISTS `app_documentos_inscripcion`;
/*!40101 SET @saved_cs_client     = @@character_set_client */;
/*!40101 SET character_set_client = utf8 */;
CREATE TABLE `app_documentos_inscripcion` (
  `id` bigint(20) NOT NULL AUTO_INCREMENT,
  `fecha_registro` datetime(6) NOT NULL,
  `fecha_actualizacion` datetime(6) NOT NULL,
  `nombre_documento` varchar(100) DEFAULT NULL,
  `documento` varchar(100) DEFAULT NULL,
  `esta_aprobado` smallint(6) DEFAULT NULL,
  `observaciones` varchar(200) DEFAULT NULL,
  `id_administrador_id` bigint(20) DEFAULT NULL,
  `id_inscripcion_id` bigint(20) DEFAULT NULL,
  PRIMARY KEY (`id`),
  KEY `app_documentos_inscr_id_inscripcion_id_a9b0f8e0_fk_app_inscr` (`id_inscripcion_id`),
  KEY `app_documentos_inscr_id_administrador_id_09b65e5e_fk_app_admin` (`id_administrador_id`),
  CONSTRAINT `app_documentos_inscr_id_administrador_id_09b65e5e_fk_app_admin` FOREIGN KEY (`id_administrador_id`) REFERENCES `app_administrador` (`id`),
  CONSTRAINT `app_documentos_inscr_id_inscripcion_id_a9b0f8e0_fk_app_inscr` FOREIGN KEY (`id_inscripcion_id`) REFERENCES `app_inscripcion` (`id`)
) ENGINE=InnoDB AUTO_INCREMENT=129 DEFAULT CHARSET=latin1;
/*!40101 SET character_set_client = @saved_cs_client */;

--
-- Dumping data for table `app_documentos_inscripcion`
--

LOCK TABLES `app_documentos_inscripcion` WRITE;
/*!40000 ALTER TABLE `app_documentos_inscripcion` DISABLE KEYS */;
INSERT INTO `app_documentos_inscripcion` VALUES (5,'2022-12-28 12:22:33.873073','2022-12-29 11:34:46.290191','DNI','docs_inscripcion/73977841_MAMANIJHORDY/CamScanner_09-07-2022_13.30.pdf',1,'',4,2),(6,'2022-12-28 12:22:33.877225','2022-12-29 11:34:48.872949','Constancia de Estudios','docs_inscripcion/73977841_MAMANIJHORDY/Certificado_de_estudios_JJMH.pdf',1,'',4,2),(7,'2022-12-28 12:22:33.881152','2022-12-29 11:34:51.533885','Recibo de Caja','docs_inscripcion/73977841_MAMANIJHORDY/WhatsApp_Image_2022-12-28_at_12.43.04.jpeg',1,'',4,2),(8,'2022-12-28 12:22:33.884486','2022-12-29 11:34:54.058524','foto','docs_inscripcion/73977841_MAMANIJHORDY/Foto_Jhordy.pdf',1,'',4,2),(9,'2022-12-28 15:41:04.659392','2022-12-29 11:37:48.797839','DNI','docs_inscripcion/76059357_ROJASFRANDY/DNI.pdf',1,'',4,3),(10,'2022-12-28 15:41:04.662314','2022-12-29 11:37:51.360746','Constancia de Estudios','docs_inscripcion/76059357_ROJASFRANDY/rojas_abarca.pdf',1,'',4,3),(11,'2022-12-28 15:41:04.665132','2022-12-29 11:37:59.481310','Recibo de Caja','docs_inscripcion/76059357_ROJASFRANDY/WhatsApp_Image_2022-12-28_at_16.25.16.jpeg',1,'',4,3),(12,'2022-12-28 15:41:04.667538','2022-12-29 11:38:01.751935','foto','docs_inscripcion/76059357_ROJASFRANDY/FRANCY.png',1,'',4,3),(13,'2022-12-28 19:17:01.966267','2022-12-29 15:49:30.341110','DNI','docs_inscripcion/73587594_CCONISLLAKIARA/identificacion.pdf',1,'',4,4),(14,'2022-12-28 19:17:01.969626','2022-12-29 15:49:32.651859','Constancia de Estudios','docs_inscripcion/73587594_CCONISLLAKIARA/certificado.pdf',1,'',4,4),(15,'2022-12-28 19:17:01.972796','2022-12-29 15:49:35.187657','Recibo de Caja','docs_inscripcion/73587594_CCONISLLAKIARA/recibo.pdf',1,'',4,4),(16,'2022-12-28 19:17:01.975729','2022-12-29 15:49:37.374779','foto','docs_inscripcion/73587594_CCONISLLAKIARA/foto.pdf',1,'',4,4),(17,'2022-12-28 19:17:23.067902','2022-12-31 18:36:23.502332','DNI','docs_inscripcion/76677714_HANCCOENRIQUE/WhatsApp_Image_2022-12-29_at_8.57.05_AM_2_9094SAP.jpeg',0,'solo envió la parte de atras del DNI',4,5),(18,'2022-12-28 19:17:23.072832','2022-12-31 20:33:30.669891','Constancia de Estudios','docs_inscripcion/76677714_HANCCOENRIQUE/WhatsApp_Image_2022-12-29_at_8.57.04_AM_ZCdQ0wJ.jpeg',0,'Adjuntar Certificado o constancia de estudios completo',4,5),(19,'2022-12-28 19:17:23.076420','2022-12-30 11:10:59.162528','Recibo de Caja','docs_inscripcion/76677714_HANCCOENRIQUE/WhatsApp_Image_2022-12-29_at_8.58.31_AM.jpeg',1,'',4,5),(20,'2022-12-28 19:17:23.079844','2022-12-30 11:41:17.883904','foto','docs_inscripcion/76677714_HANCCOENRIQUE/WhatsApp_Image_2022-12-29_at_8.57.05_AM.jpeg',1,'',4,5),(21,'2022-12-28 19:17:42.922703','2022-12-30 11:08:32.825995','DNI','',2,'No ha subido documento',4,6),(22,'2022-12-28 19:17:42.927006','2022-12-30 11:08:37.886557','Constancia de Estudios','',2,'No ha subido documento',4,6),(23,'2022-12-28 19:17:42.930061','2022-12-30 11:08:41.844054','Recibo de Caja','',2,'No ha subido documento',4,6),(24,'2022-12-28 19:17:42.933539','2022-12-30 11:08:45.711977','foto','',2,'No ha subido documento',4,6),(25,'2022-12-29 08:40:13.834652','2022-12-29 15:50:28.161913','DNI','docs_inscripcion/76095755_GONZALESCARLOS/dni.pdf',1,'',4,7),(26,'2022-12-29 08:40:13.838265','2022-12-29 15:50:24.728962','Constancia de Estudios','docs_inscripcion/76095755_GONZALESCARLOS/certificado_de_estudios.pdf',1,'',4,7),(27,'2022-12-29 08:40:13.841245','2022-12-29 15:50:21.852884','Recibo de Caja','docs_inscripcion/76095755_GONZALESCARLOS/WhatsApp_Image_2022-12-29_at_11.31.43_AM.jpeg',1,'',4,7),(28,'2022-12-29 08:40:13.844522','2022-12-29 15:50:19.762554','foto','docs_inscripcion/76095755_GONZALESCARLOS/IMG_20220405_081345.jpg',1,'',4,7),(29,'2022-12-29 10:48:32.937024','2022-12-29 11:35:18.602807','DNI','docs_inscripcion/73430178_ROMANMAX/DNI.PDF',1,'',4,8),(30,'2022-12-29 10:48:32.941133','2022-12-29 11:35:21.230328','Constancia de Estudios','docs_inscripcion/73430178_ROMANMAX/certificado.PDF',1,'',4,8),(31,'2022-12-29 10:48:32.944841','2022-12-29 11:35:23.569500','Recibo de Caja','docs_inscripcion/73430178_ROMANMAX/WhatsApp_Image_2022-12-29_at_10.52.47.jpeg',1,'',4,8),(32,'2022-12-29 10:48:32.948437','2022-12-29 11:35:25.464510','foto','docs_inscripcion/73430178_ROMANMAX/WhatsApp_Image_2022-12-29_at_10.52.34.jpeg',1,'',4,8),(33,'2022-12-29 12:55:00.379699','2022-12-29 12:59:17.853918','DNI','docs_inscripcion/76352061_APAZAMARICIELO/DNIV2.pdf',1,'',4,9),(34,'2022-12-29 12:55:00.383562','2022-12-29 12:59:20.266017','Constancia de Estudios','docs_inscripcion/76352061_APAZAMARICIELO/certificado_2022122913434850.pdf',1,'',4,9),(35,'2022-12-29 12:55:00.386656','2022-12-29 12:59:22.747379','Recibo de Caja','docs_inscripcion/76352061_APAZAMARICIELO/WhatsApp_Image_2022-12-29_at_12.57.10.jpeg',1,'',4,9),(36,'2022-12-29 12:55:00.390181','2022-12-29 12:59:25.553757','foto','docs_inscripcion/76352061_APAZAMARICIELO/MARICIELO.png',1,'',4,9),(37,'2022-12-29 15:26:00.671017','2022-12-31 07:57:29.585764','DNI','docs_inscripcion/72009303_CCORIMANYABRAYAN/DNI_-_ALBERT.pdf',0,'No ha subido documento',4,10),(38,'2022-12-29 15:26:00.674504','2022-12-31 07:59:14.312938','Constancia de Estudios','docs_inscripcion/72009303_CCORIMANYABRAYAN/CERTIFICADO_DE_ESTUDIOS_.pdf',0,'No ha subido documento',4,10),(39,'2022-12-29 15:26:00.677847','2022-12-31 08:24:36.652209','Recibo de Caja','docs_inscripcion/72009303_CCORIMANYABRAYAN/RECIBO.jpg',0,'No ha subido documento',4,10),(40,'2022-12-29 15:26:00.681550','2022-12-31 08:06:59.876370','foto','docs_inscripcion/72009303_CCORIMANYABRAYAN/fot.jpg',0,'No ha subido documento',4,10),(41,'2022-12-29 15:27:46.255792','2022-12-30 11:52:40.946971','DNI','docs_inscripcion/76175833_SORIAMICHAEL/dni.docx',1,'',4,11),(42,'2022-12-29 15:27:46.258798','2022-12-30 11:52:43.259639','Constancia de Estudios','docs_inscripcion/76175833_SORIAMICHAEL/certifi.docx',1,'',4,11),(43,'2022-12-29 15:27:46.261242','2022-12-30 11:52:45.409210','Recibo de Caja','docs_inscripcion/76175833_SORIAMICHAEL/pago.docx',1,'',4,11),(44,'2022-12-29 15:27:46.264150','2022-12-30 11:52:56.551761','foto','docs_inscripcion/76175833_SORIAMICHAEL/michael.jpg',1,'',4,11),(45,'2022-12-29 15:28:41.823632','2022-12-30 11:09:23.340711','DNI','',2,'No ha subido documento',4,12),(46,'2022-12-29 15:28:41.827543','2022-12-30 11:09:27.415591','Constancia de Estudios','',2,'No ha subido documento',4,12),(47,'2022-12-29 15:28:41.830358','2022-12-30 11:09:30.995729','Recibo de Caja','',2,'No ha subido documento',4,12),(48,'2022-12-29 15:28:41.833189','2022-12-30 11:09:34.701001','foto','',2,'No ha subido documento',4,12),(49,'2022-12-29 18:50:36.747758','2022-12-30 11:53:43.291940','DNI','docs_inscripcion/77799740_TTITOJOHAN/dni_ww.pdf',1,'',4,13),(50,'2022-12-29 18:50:36.755418','2022-12-30 11:53:41.178777','Constancia de Estudios','docs_inscripcion/77799740_TTITOJOHAN/constancia_de_estudios.pdf',1,'',4,13),(51,'2022-12-29 18:50:36.758068','2022-12-30 11:53:39.495045','Recibo de Caja','docs_inscripcion/77799740_TTITOJOHAN/recibo.pdf',1,'',4,13),(52,'2022-12-29 18:50:36.761111','2022-12-30 11:53:37.752484','foto','docs_inscripcion/77799740_TTITOJOHAN/foto_xx.jpg',1,'',4,13),(53,'2022-12-30 11:56:03.772945','2022-12-30 15:35:01.197064','DNI','docs_inscripcion/60293690_TTITOYULFER/dni.pdf',1,'',4,14),(54,'2022-12-30 11:56:03.777111','2022-12-30 15:35:15.342298','Constancia de Estudios','docs_inscripcion/60293690_TTITOYULFER/certificado_de_estudios.pdf',1,'',4,14),(55,'2022-12-30 11:56:03.780925','2022-12-30 15:35:40.400132','Recibo de Caja','docs_inscripcion/60293690_TTITOYULFER/WhatsApp_Image_2022-12-30_at_1.45.32_PM.jpeg',1,'',4,14),(56,'2022-12-30 11:56:03.784652','2022-12-30 15:35:47.215925','foto','docs_inscripcion/60293690_TTITOYULFER/jpg.jpg',1,'',4,14),(57,'2022-12-30 20:18:47.882473','2022-12-30 20:18:47.882489','DNI','',0,NULL,NULL,15),(58,'2022-12-30 20:18:47.886440','2022-12-30 20:18:47.886456','Recibo de Caja','',0,NULL,NULL,15),(59,'2022-12-30 20:18:47.890532','2022-12-30 20:18:47.890549','foto','',0,NULL,NULL,15),(60,'2022-12-30 20:18:47.894270','2022-12-30 20:18:47.894285','Constancia de Estudios','',0,NULL,NULL,15),(61,'2023-01-03 09:50:00.209311','2023-01-03 10:38:52.510721','DNI','docs_inscripcion/76077489_VARGASEMERSON/dni.docx',0,NULL,NULL,17),(62,'2023-01-03 09:50:00.213530','2023-01-03 10:45:43.287729','Constancia de Estudios','docs_inscripcion/76077489_VARGASEMERSON/WhatsApp_Image_2023-01-03_at_10.32.26_AM.jpeg',0,NULL,NULL,17),(63,'2023-01-03 09:50:00.217003','2023-01-03 10:46:18.783490','Recibo de Caja','docs_inscripcion/76077489_VARGASEMERSON/WhatsApp_Image_2023-01-03_at_10.34.31_AM.jpeg',0,NULL,NULL,17),(64,'2023-01-03 09:50:00.220418','2023-01-03 10:46:22.972352','foto','docs_inscripcion/76077489_VARGASEMERSON/WhatsApp_Image_2023-01-03_at_10.38.01_AM_exjfYWG.jpeg',0,NULL,NULL,17),(65,'2023-01-03 10:10:06.250171','2023-01-03 10:21:06.160190','DNI','docs_inscripcion/73020303_HUAMANJORGE/DNI.pdf',0,NULL,NULL,18),(66,'2023-01-03 10:10:06.253484','2023-01-03 10:21:17.106105','Constancia de Estudios','docs_inscripcion/73020303_HUAMANJORGE/Certificado__Estudio.pdf',0,NULL,NULL,18),(67,'2023-01-03 10:10:06.256736','2023-01-03 10:22:09.340533','Recibo de Caja','docs_inscripcion/73020303_HUAMANJORGE/Recibo_Caja.pdf',0,NULL,NULL,18),(68,'2023-01-03 10:10:06.259890','2023-01-03 10:22:27.416709','foto','docs_inscripcion/73020303_HUAMANJORGE/Foto.jpg',0,NULL,NULL,18),(69,'2022-12-30 20:18:47.882473','2023-01-03 16:07:37.179980','DNI','docs_inscripcion/71975932_PAREDESENRIQUE/DNI_AkvepHP.pdf',0,NULL,NULL,16),(70,'2022-12-30 20:18:47.886440','2023-01-03 16:07:53.360489','Recibo de Caja','docs_inscripcion/71975932_PAREDESENRIQUE/Voucher_PfAqkUL.pdf',0,NULL,NULL,16),(71,'2022-12-30 20:18:47.890532','2023-01-03 16:08:14.566401','foto','docs_inscripcion/71975932_PAREDESENRIQUE/Fotografia_ZzpKkRT.jpg',0,NULL,NULL,16),(72,'2022-12-30 20:18:47.894270','2023-01-03 16:08:19.410555','Constancia de Estudios','docs_inscripcion/71975932_PAREDESENRIQUE/Constancia_de_estudios_kIKXLcn.pdf',0,NULL,NULL,16),(73,'2023-01-03 12:03:39.525299','2023-01-03 12:09:45.647251','DNI','docs_inscripcion/76825333_SANCHEZJOSSHET/DNI_Sanhez.pdf',0,NULL,NULL,19),(74,'2023-01-03 12:03:39.529175','2023-01-03 12:09:54.238193','Constancia de Estudios','docs_inscripcion/76825333_SANCHEZJOSSHET/Estudio_Sanchez.pdf',0,NULL,NULL,19),(75,'2023-01-03 12:03:39.532625','2023-01-03 12:10:17.710595','Recibo de Caja','docs_inscripcion/76825333_SANCHEZJOSSHET/Pago_Sanchez.pdf',0,NULL,NULL,19),(76,'2023-01-03 12:03:39.537374','2023-01-03 12:10:25.159913','foto','docs_inscripcion/76825333_SANCHEZJOSSHET/Foto_Sanchez.jpg',0,NULL,NULL,19),(77,'2023-01-03 12:14:48.844907','2023-01-03 12:28:16.494874','DNI','docs_inscripcion/75434083_LOPEZRODRIGO/DNI_Lopez.pdf',0,NULL,NULL,20),(78,'2023-01-03 12:14:48.847737','2023-01-03 12:28:24.198427','Constancia de Estudios','docs_inscripcion/75434083_LOPEZRODRIGO/Estudio_Lopez.pdf',0,NULL,NULL,20),(79,'2023-01-03 12:14:48.850169','2023-01-03 12:28:39.875720','Recibo de Caja','docs_inscripcion/75434083_LOPEZRODRIGO/Caja_Lopez.pdf',0,NULL,NULL,20),(80,'2023-01-03 12:14:48.852662','2023-01-03 12:28:47.296228','foto','docs_inscripcion/75434083_LOPEZRODRIGO/Foto_Lopez.JPG',0,NULL,NULL,20),(81,'2023-01-03 12:36:13.437724','2023-01-03 12:39:30.014131','DNI','docs_inscripcion/74436859_MELLADOSTHEFANNY/DNI_Mellado.pdf',0,NULL,NULL,21),(82,'2023-01-03 12:36:13.441449','2023-01-03 12:40:06.423677','Constancia de Estudios','docs_inscripcion/74436859_MELLADOSTHEFANNY/Estudio_Mellado.pdf',0,NULL,NULL,21),(83,'2023-01-03 12:36:13.444998','2023-01-03 12:40:15.992327','Recibo de Caja','docs_inscripcion/74436859_MELLADOSTHEFANNY/Caja_Mellado.pdf',0,NULL,NULL,21),(84,'2023-01-03 12:36:13.448361','2023-01-03 12:39:17.330343','foto','docs_inscripcion/74436859_MELLADOSTHEFANNY/Foto_Mellado.jpg',0,NULL,NULL,21),(85,'2023-01-03 15:16:05.684417','2023-01-03 15:16:05.684434','DNI','',0,NULL,NULL,22),(86,'2023-01-03 15:16:05.688170','2023-01-03 15:16:05.688186','Constancia de Estudios','',0,NULL,NULL,22),(87,'2023-01-03 15:16:05.694884','2023-01-03 15:16:05.694901','Recibo de Caja','',0,NULL,NULL,22),(88,'2023-01-03 15:16:05.697717','2023-01-03 15:16:05.697733','foto','',0,NULL,NULL,22),(89,'2023-01-03 15:21:25.519668','2023-01-03 15:21:25.519683','DNI','',0,NULL,NULL,23),(90,'2023-01-03 15:21:25.522945','2023-01-03 15:21:25.522960','Recibo de Caja','',0,NULL,NULL,23),(91,'2023-01-03 15:21:25.526015','2023-01-03 15:21:25.526030','foto','',0,NULL,NULL,23),(92,'2023-01-03 15:21:25.529310','2023-01-03 15:21:25.529324','Constancia de Estudios','',0,NULL,NULL,23),(93,'2023-01-03 15:29:04.538013','2023-01-03 15:42:01.327899','DNI','docs_inscripcion/62724766_CORNEJOMARCO/Screenshot_20230103-154258_Drive.jpg',0,NULL,NULL,24),(94,'2023-01-03 15:29:04.541586','2023-01-03 15:47:49.496954','Constancia de Estudios','docs_inscripcion/62724766_CORNEJOMARCO/20230103_155014.jpg',0,NULL,NULL,24),(95,'2023-01-03 15:29:04.545039','2023-01-03 15:51:30.526006','Recibo de Caja','docs_inscripcion/62724766_CORNEJOMARCO/20230103_155329.jpg',0,NULL,NULL,24),(96,'2023-01-03 15:29:04.548388','2023-01-03 15:55:29.200674','foto','docs_inscripcion/62724766_CORNEJOMARCO/20230103_155557.jpg',0,NULL,NULL,24),(97,'2023-01-03 15:48:23.379105','2023-01-03 16:23:58.688499','DNI','docs_inscripcion/73421218_ESPINOZAADRIANA/Doc1.pdf',0,NULL,NULL,25),(98,'2023-01-03 15:48:23.385309','2023-01-03 16:35:43.197559','Constancia de Estudios','docs_inscripcion/73421218_ESPINOZAADRIANA/Constancia_de_logros_de_apredizaje.pdf',0,NULL,NULL,25),(99,'2023-01-03 15:48:23.389081','2023-01-03 16:27:15.071945','Recibo de Caja','docs_inscripcion/73421218_ESPINOZAADRIANA/Recibo_de_caja.pdf',0,NULL,NULL,25),(100,'2023-01-03 15:48:23.392872','2023-01-03 16:35:06.672412','foto','docs_inscripcion/73421218_ESPINOZAADRIANA/a.jpg',0,NULL,NULL,25),(101,'2023-01-03 15:49:01.588816','2023-01-03 15:49:01.588834','DNI','',0,NULL,NULL,26),(102,'2023-01-03 15:49:01.592855','2023-01-03 15:49:01.592873','Recibo de Caja','',0,NULL,NULL,26),(103,'2023-01-03 15:49:01.596634','2023-01-03 15:49:01.596656','foto','',0,NULL,NULL,26),(104,'2023-01-03 15:49:01.601391','2023-01-03 15:49:01.601412','Constancia de Estudios','',0,NULL,NULL,26),(105,'2023-01-03 16:13:53.199110','2023-01-03 16:13:53.199123','DNI','',0,NULL,NULL,27),(106,'2023-01-03 16:13:53.202463','2023-01-03 16:13:53.202476','Constancia de Estudios','',0,NULL,NULL,27),(107,'2023-01-03 16:13:53.205312','2023-01-03 16:13:53.205325','Recibo de Caja','',0,NULL,NULL,27),(108,'2023-01-03 16:13:53.208193','2023-01-03 16:13:53.208206','foto','',0,NULL,NULL,27),(109,'2023-01-03 16:28:51.647403','2023-01-03 16:28:51.647419','DNI','',0,NULL,NULL,28),(110,'2023-01-03 16:28:51.651407','2023-01-03 16:28:51.651423','Constancia de Estudios','',0,NULL,NULL,28),(111,'2023-01-03 16:28:51.654511','2023-01-03 16:28:51.654526','Recibo de Caja','',0,NULL,NULL,28),(112,'2023-01-03 16:28:51.657971','2023-01-03 16:28:51.657986','foto','',0,NULL,NULL,28),(113,'2023-01-03 16:49:44.847014','2023-01-03 16:49:44.847028','DNI','',0,NULL,NULL,29),(114,'2023-01-03 16:49:44.850730','2023-01-03 16:49:44.850744','Constancia de Estudios','',0,NULL,NULL,29),(115,'2023-01-03 16:49:44.853987','2023-01-03 16:49:44.854001','Recibo de Caja','',0,NULL,NULL,29),(116,'2023-01-03 16:49:44.857330','2023-01-03 16:49:44.857344','foto','',0,NULL,NULL,29),(117,'2023-01-03 16:54:05.341760','2023-01-03 19:00:37.457711','DNI','docs_inscripcion/75257192_CONDORIBRUNO/DNI.pdf',0,NULL,NULL,30),(118,'2023-01-03 16:54:05.345225','2023-01-03 19:00:51.113143','Constancia de Estudios','docs_inscripcion/75257192_CONDORIBRUNO/certificado_de_estudio.jpg',0,NULL,NULL,30),(119,'2023-01-03 16:54:05.348359','2023-01-03 19:00:57.973897','Recibo de Caja','docs_inscripcion/75257192_CONDORIBRUNO/recibo.jpg',0,NULL,NULL,30),(120,'2023-01-03 16:54:05.351348','2023-01-03 19:01:11.621052','foto','docs_inscripcion/75257192_CONDORIBRUNO/yo.jpg',0,NULL,NULL,30),(121,'2023-01-03 18:11:26.449171','2023-01-03 18:19:59.851329','DNI','docs_inscripcion/60119251_CALDERONEDNILSSON/DNI_Calderon.pdf',0,NULL,NULL,31),(122,'2023-01-03 18:11:26.452476','2023-01-03 18:20:04.472184','Constancia de Estudios','docs_inscripcion/60119251_CALDERONEDNILSSON/Estudio_Calderon.pdf',0,NULL,NULL,31),(123,'2023-01-03 18:11:26.456931','2023-01-03 18:20:08.515399','Recibo de Caja','docs_inscripcion/60119251_CALDERONEDNILSSON/Caja_Calderon.pdf',0,NULL,NULL,31),(124,'2023-01-03 18:11:26.459940','2023-01-03 18:22:00.584610','foto','docs_inscripcion/60119251_CALDERONEDNILSSON/Foto_Calderon.jpeg',0,NULL,NULL,31),(125,'2023-01-03 18:27:00.682449','2023-01-03 18:32:39.597803','DNI','docs_inscripcion/77321527_PUMAJENNIFER/DNI_Puma.pdf',0,NULL,NULL,32),(126,'2023-01-03 18:27:00.686254','2023-01-03 18:32:46.021258','Constancia de Estudios','docs_inscripcion/77321527_PUMAJENNIFER/Estudio_Puma.pdf',0,NULL,NULL,32),(127,'2023-01-03 18:27:00.689691','2023-01-03 18:32:57.850945','Recibo de Caja','docs_inscripcion/77321527_PUMAJENNIFER/Caja_Puma.pdf',0,NULL,NULL,32),(128,'2023-01-03 18:27:00.693020','2023-01-03 18:33:01.265189','foto','docs_inscripcion/77321527_PUMAJENNIFER/Foto_Puma.jpeg',0,NULL,NULL,32);
/*!40000 ALTER TABLE `app_documentos_inscripcion` ENABLE KEYS */;
UNLOCK TABLES;

--
-- Table structure for table `app_documentos_inscripcion_revision`
--

DROP TABLE IF EXISTS `app_documentos_inscripcion_revision`;
/*!40101 SET @saved_cs_client     = @@character_set_client */;
/*!40101 SET character_set_client = utf8 */;
CREATE TABLE `app_documentos_inscripcion_revision` (
  `id` bigint(20) NOT NULL AUTO_INCREMENT,
  `fecha_registro` datetime(6) NOT NULL,
  `fecha_actualizacion` datetime(6) NOT NULL,
  `esta_aprobado` tinyint(1) NOT NULL,
  `id_administrador_id` bigint(20) DEFAULT NULL,
  `id_documento_inscripcion_id` bigint(20) NOT NULL,
  PRIMARY KEY (`id`),
  KEY `app_documentos_inscr_id_administrador_id_0b5b222b_fk_app_admin` (`id_administrador_id`),
  KEY `app_documentos_inscr_id_documento_inscrip_d0d34482_fk_app_docum` (`id_documento_inscripcion_id`),
  CONSTRAINT `app_documentos_inscr_id_administrador_id_0b5b222b_fk_app_admin` FOREIGN KEY (`id_administrador_id`) REFERENCES `app_administrador` (`id`),
  CONSTRAINT `app_documentos_inscr_id_documento_inscrip_d0d34482_fk_app_docum` FOREIGN KEY (`id_documento_inscripcion_id`) REFERENCES `app_documentos_inscripcion` (`id`)
) ENGINE=InnoDB DEFAULT CHARSET=latin1;
/*!40101 SET character_set_client = @saved_cs_client */;

--
-- Dumping data for table `app_documentos_inscripcion_revision`
--

LOCK TABLES `app_documentos_inscripcion_revision` WRITE;
/*!40000 ALTER TABLE `app_documentos_inscripcion_revision` DISABLE KEYS */;
/*!40000 ALTER TABLE `app_documentos_inscripcion_revision` ENABLE KEYS */;
UNLOCK TABLES;

--
-- Table structure for table `app_escuela_profesional`
--

DROP TABLE IF EXISTS `app_escuela_profesional`;
/*!40101 SET @saved_cs_client     = @@character_set_client */;
/*!40101 SET character_set_client = utf8 */;
CREATE TABLE `app_escuela_profesional` (
  `id` bigint(20) NOT NULL AUTO_INCREMENT,
  `fecha_registro` datetime(6) NOT NULL,
  `fecha_actualizacion` datetime(6) NOT NULL,
  `codigo_escuela` varchar(10) DEFAULT NULL,
  `nombre_escuela_profesional` varchar(40) NOT NULL,
  `abreviacion` varchar(10) DEFAULT NULL,
  `descripcion` longtext,
  `id_grupo_academico_id` bigint(20) DEFAULT NULL,
  PRIMARY KEY (`id`),
  UNIQUE KEY `codigo_escuela` (`codigo_escuela`),
  KEY `app_escuela_profesio_id_grupo_academico_i_00aa1c6a_fk_app_grupo` (`id_grupo_academico_id`),
  CONSTRAINT `app_escuela_profesio_id_grupo_academico_i_00aa1c6a_fk_app_grupo` FOREIGN KEY (`id_grupo_academico_id`) REFERENCES `app_grupo_academico` (`id`)
) ENGINE=InnoDB AUTO_INCREMENT=5 DEFAULT CHARSET=latin1;
/*!40101 SET character_set_client = @saved_cs_client */;

--
-- Dumping data for table `app_escuela_profesional`
--

LOCK TABLES `app_escuela_profesional` WRITE;
/*!40000 ALTER TABLE `app_escuela_profesional` DISABLE KEYS */;
INSERT INTO `app_escuela_profesional` VALUES (1,'2022-06-15 00:16:54.308907','2022-10-24 11:27:46.250115','ET','ECOTURISMO','ET',NULL,2),(2,'2022-06-15 00:16:54.402146','2022-10-24 11:27:46.299184','IA','INGENIERIA DE ALIMENTOS','IA',NULL,1),(3,'2022-06-15 00:16:54.502140','2022-10-24 11:27:46.349528','IC','INGENIERIA CIVIL','IC',NULL,1),(4,'2022-06-15 00:16:54.602558','2022-10-24 11:27:46.399741','IT','INGENIERIA AGRONOMICA TROPICAL','IT',NULL,1);
/*!40000 ALTER TABLE `app_escuela_profesional` ENABLE KEYS */;
UNLOCK TABLES;

--
-- Table structure for table `app_estudiante`
--

DROP TABLE IF EXISTS `app_estudiante`;
/*!40101 SET @saved_cs_client     = @@character_set_client */;
/*!40101 SET character_set_client = utf8 */;
CREATE TABLE `app_estudiante` (
  `id` bigint(20) NOT NULL AUTO_INCREMENT,
  `fecha_registro` datetime(6) NOT NULL,
  `fecha_actualizacion` datetime(6) NOT NULL,
  `tema_personalizado` int(10) unsigned NOT NULL,
  `id_aula_id` bigint(20) DEFAULT NULL,
  `id_inscripcion_id` bigint(20) NOT NULL,
  `user_type_id` bigint(20) NOT NULL,
  PRIMARY KEY (`id`),
  UNIQUE KEY `id_inscripcion_id` (`id_inscripcion_id`),
  UNIQUE KEY `user_type_id` (`user_type_id`),
  KEY `app_estudiante_id_aula_id_f83f8a93_fk_app_aula_id` (`id_aula_id`),
  CONSTRAINT `app_estudiante_id_aula_id_f83f8a93_fk_app_aula_id` FOREIGN KEY (`id_aula_id`) REFERENCES `app_aula` (`id`),
  CONSTRAINT `app_estudiante_id_inscripcion_id_d91a7062_fk_app_inscripcion_id` FOREIGN KEY (`id_inscripcion_id`) REFERENCES `app_inscripcion` (`id`),
  CONSTRAINT `app_estudiante_user_type_id_9fed874a_fk_app_customuser_id` FOREIGN KEY (`user_type_id`) REFERENCES `app_customuser` (`id`)
) ENGINE=InnoDB AUTO_INCREMENT=10 DEFAULT CHARSET=latin1;
/*!40101 SET character_set_client = @saved_cs_client */;

--
-- Dumping data for table `app_estudiante`
--

LOCK TABLES `app_estudiante` WRITE;
/*!40000 ALTER TABLE `app_estudiante` DISABLE KEYS */;
INSERT INTO `app_estudiante` VALUES (1,'2022-12-29 11:34:55.673244','2022-12-29 11:34:55.673265',1,NULL,2,35),(2,'2022-12-29 11:35:27.224763','2022-12-29 11:35:27.224780',1,NULL,8,36),(3,'2022-12-29 11:38:04.273825','2022-12-29 11:38:04.273847',1,NULL,3,37),(4,'2022-12-29 12:59:27.241088','2022-12-29 12:59:27.241112',1,NULL,9,38),(5,'2022-12-29 15:49:38.709072','2022-12-29 15:49:38.709087',1,NULL,4,39),(6,'2022-12-29 15:50:29.367300','2022-12-29 15:50:29.367320',1,NULL,7,40),(7,'2022-12-30 11:52:57.864907','2022-12-30 11:52:57.864923',1,NULL,11,44),(8,'2022-12-30 11:53:44.150280','2022-12-30 11:53:44.150297',1,NULL,13,45),(9,'2022-12-30 15:36:10.381127','2022-12-30 15:36:10.381147',1,NULL,14,46);
/*!40000 ALTER TABLE `app_estudiante` ENABLE KEYS */;
UNLOCK TABLES;

--
-- Table structure for table `app_estudiante_horario`
--

DROP TABLE IF EXISTS `app_estudiante_horario`;
/*!40101 SET @saved_cs_client     = @@character_set_client */;
/*!40101 SET character_set_client = utf8 */;
CREATE TABLE `app_estudiante_horario` (
  `id` bigint(20) NOT NULL AUTO_INCREMENT,
  `fecha_registro` datetime(6) NOT NULL,
  `fecha_actualizacion` datetime(6) NOT NULL,
  `id_estudiante_id` bigint(20) NOT NULL,
  `id_horario_id` bigint(20) NOT NULL,
  PRIMARY KEY (`id`),
  KEY `app_estudiante_horar_id_estudiante_id_359332ff_fk_app_estud` (`id_estudiante_id`),
  KEY `app_estudiante_horario_id_horario_id_73f9b5e8_fk_app_horario_id` (`id_horario_id`),
  CONSTRAINT `app_estudiante_horar_id_estudiante_id_359332ff_fk_app_estud` FOREIGN KEY (`id_estudiante_id`) REFERENCES `app_estudiante` (`id`),
  CONSTRAINT `app_estudiante_horario_id_horario_id_73f9b5e8_fk_app_horario_id` FOREIGN KEY (`id_horario_id`) REFERENCES `app_horario` (`id`)
) ENGINE=InnoDB DEFAULT CHARSET=latin1;
/*!40101 SET character_set_client = @saved_cs_client */;

--
-- Dumping data for table `app_estudiante_horario`
--

LOCK TABLES `app_estudiante_horario` WRITE;
/*!40000 ALTER TABLE `app_estudiante_horario` DISABLE KEYS */;
/*!40000 ALTER TABLE `app_estudiante_horario` ENABLE KEYS */;
UNLOCK TABLES;

--
-- Table structure for table `app_estudiante_notas_por_curso`
--

DROP TABLE IF EXISTS `app_estudiante_notas_por_curso`;
/*!40101 SET @saved_cs_client     = @@character_set_client */;
/*!40101 SET character_set_client = utf8 */;
CREATE TABLE `app_estudiante_notas_por_curso` (
  `id` bigint(20) NOT NULL AUTO_INCREMENT,
  `fecha_registro` datetime(6) NOT NULL,
  `fecha_actualizacion` datetime(6) NOT NULL,
  `notas_curso` decimal(5,3) NOT NULL,
  `id_examen_estudiante_id` bigint(20) NOT NULL,
  `id_padron_curso_id` bigint(20) NOT NULL,
  PRIMARY KEY (`id`),
  KEY `app_estudiante_notas_id_examen_estudiante_2b4e575f_fk_app_exame` (`id_examen_estudiante_id`),
  KEY `app_estudiante_notas_id_padron_curso_id_3cc3a6fb_fk_app_padro` (`id_padron_curso_id`),
  CONSTRAINT `app_estudiante_notas_id_examen_estudiante_2b4e575f_fk_app_exame` FOREIGN KEY (`id_examen_estudiante_id`) REFERENCES `app_examen_estudiante` (`id`),
  CONSTRAINT `app_estudiante_notas_id_padron_curso_id_3cc3a6fb_fk_app_padro` FOREIGN KEY (`id_padron_curso_id`) REFERENCES `app_padron_cursos_grupo` (`id`)
) ENGINE=InnoDB DEFAULT CHARSET=latin1;
/*!40101 SET character_set_client = @saved_cs_client */;

--
-- Dumping data for table `app_estudiante_notas_por_curso`
--

LOCK TABLES `app_estudiante_notas_por_curso` WRITE;
/*!40000 ALTER TABLE `app_estudiante_notas_por_curso` DISABLE KEYS */;
/*!40000 ALTER TABLE `app_estudiante_notas_por_curso` ENABLE KEYS */;
UNLOCK TABLES;

--
-- Table structure for table `app_examen`
--

DROP TABLE IF EXISTS `app_examen`;
/*!40101 SET @saved_cs_client     = @@character_set_client */;
/*!40101 SET character_set_client = utf8 */;
CREATE TABLE `app_examen` (
  `id` bigint(20) NOT NULL AUTO_INCREMENT,
  `fecha_registro` datetime(6) NOT NULL,
  `fecha_actualizacion` datetime(6) NOT NULL,
  `fecha_examen` date NOT NULL,
  `denominacion_examen` varchar(50) NOT NULL,
  `tipo_examen` varchar(20) NOT NULL,
  `nro_examen` int(10) unsigned NOT NULL,
  `hora_inicio` time(6) NOT NULL,
  `hora_fin` time(6) NOT NULL,
  `examen_rendido` tinyint(1) NOT NULL,
  `lanzar_examen` tinyint(1) NOT NULL,
  PRIMARY KEY (`id`)
) ENGINE=InnoDB AUTO_INCREMENT=21 DEFAULT CHARSET=latin1;
/*!40101 SET character_set_client = @saved_cs_client */;

--
-- Dumping data for table `app_examen`
--

LOCK TABLES `app_examen` WRITE;
/*!40000 ALTER TABLE `app_examen` DISABLE KEYS */;
INSERT INTO `app_examen` VALUES (16,'2022-10-10 11:15:11.466557','2022-10-10 11:15:11.466613','2022-11-13','1er Examen Simulacro Ciclo 2023 1ra Opcion','SIMULACRO',1,'09:00:00.000000','11:00:00.000000',0,0),(18,'2022-10-10 11:17:32.496436','2022-10-10 11:17:32.496489','2022-11-20','1er Examen Parcial Ciclo 2023 1ra Opcion','PARCIAL',1,'09:00:00.000000','11:00:00.000000',0,0),(19,'2022-10-11 09:50:51.192364','2022-10-11 09:50:51.192418','2022-11-13','Primera Parcial 1ra opcion Verano 2023','PARCIAL',1,'09:00:00.000000','11:00:00.000000',0,0),(20,'2022-10-11 09:51:58.109419','2022-10-11 09:51:58.109473','2022-12-17','1er Simulacro de Examen de admision 2022','SIMULACRO',1,'11:00:00.000000','13:00:00.000000',0,0);
/*!40000 ALTER TABLE `app_examen` ENABLE KEYS */;
UNLOCK TABLES;

--
-- Table structure for table `app_examen_estudiante`
--

DROP TABLE IF EXISTS `app_examen_estudiante`;
/*!40101 SET @saved_cs_client     = @@character_set_client */;
/*!40101 SET character_set_client = utf8 */;
CREATE TABLE `app_examen_estudiante` (
  `id` bigint(20) NOT NULL AUTO_INCREMENT,
  `fecha_registro` datetime(6) NOT NULL,
  `fecha_actualizacion` datetime(6) NOT NULL,
  `nota_promedio` varchar(10) NOT NULL,
  `id_estudiante_id` bigint(20) NOT NULL,
  `id_examen_id` bigint(20) NOT NULL,
  `esta_finalizado` tinyint(1) NOT NULL,
  `esta_iniciado` tinyint(1) NOT NULL,
  PRIMARY KEY (`id`),
  KEY `app_examen_estudiant_id_estudiante_id_05c02f3d_fk_app_estud` (`id_estudiante_id`),
  KEY `app_examen_estudiante_id_examen_id_59b892f9` (`id_examen_id`),
  CONSTRAINT `app_examen_estudiant_id_estudiante_id_05c02f3d_fk_app_estud` FOREIGN KEY (`id_estudiante_id`) REFERENCES `app_estudiante` (`id`),
  CONSTRAINT `app_examen_estudiante_id_examen_id_59b892f9_fk_app_examen_id` FOREIGN KEY (`id_examen_id`) REFERENCES `app_examen` (`id`)
) ENGINE=InnoDB DEFAULT CHARSET=latin1;
/*!40101 SET character_set_client = @saved_cs_client */;

--
-- Dumping data for table `app_examen_estudiante`
--

LOCK TABLES `app_examen_estudiante` WRITE;
/*!40000 ALTER TABLE `app_examen_estudiante` DISABLE KEYS */;
/*!40000 ALTER TABLE `app_examen_estudiante` ENABLE KEYS */;
UNLOCK TABLES;

--
-- Table structure for table `app_examen_grupo`
--

DROP TABLE IF EXISTS `app_examen_grupo`;
/*!40101 SET @saved_cs_client     = @@character_set_client */;
/*!40101 SET character_set_client = utf8 */;
CREATE TABLE `app_examen_grupo` (
  `id` bigint(20) NOT NULL AUTO_INCREMENT,
  `fecha_registro` datetime(6) NOT NULL,
  `fecha_actualizacion` datetime(6) NOT NULL,
  `finalizado` tinyint(1) DEFAULT NULL,
  `id_examen_id` bigint(20) NOT NULL,
  `id_grupo_academico_id` bigint(20) NOT NULL,
  `permitir_blancos` tinyint(1) NOT NULL,
  `puntaje_blanco` decimal(5,2) NOT NULL,
  `puntaje_correcto` decimal(5,2) NOT NULL,
  `puntaje_errado` decimal(5,2) NOT NULL,
  PRIMARY KEY (`id`),
  KEY `app_examen_grupo_id_grupo_academico_i_f2883cf8_fk_app_grupo` (`id_grupo_academico_id`),
  KEY `app_examen_grupo_id_examen_id_25a53a31_fk_app_examen_id` (`id_examen_id`),
  CONSTRAINT `app_examen_grupo_id_examen_id_25a53a31_fk_app_examen_id` FOREIGN KEY (`id_examen_id`) REFERENCES `app_examen` (`id`),
  CONSTRAINT `app_examen_grupo_id_grupo_academico_i_f2883cf8_fk_app_grupo` FOREIGN KEY (`id_grupo_academico_id`) REFERENCES `app_grupo_academico` (`id`)
) ENGINE=InnoDB AUTO_INCREMENT=37 DEFAULT CHARSET=latin1;
/*!40101 SET character_set_client = @saved_cs_client */;

--
-- Dumping data for table `app_examen_grupo`
--

LOCK TABLES `app_examen_grupo` WRITE;
/*!40000 ALTER TABLE `app_examen_grupo` DISABLE KEYS */;
INSERT INTO `app_examen_grupo` VALUES (31,'2022-10-10 11:15:11.772648','2022-10-10 11:19:09.446237',0,16,1,0,0.00,5.00,0.00),(32,'2022-10-10 11:15:11.924084','2022-10-10 11:15:11.924135',0,16,2,0,0.00,4.00,0.00),(35,'2022-10-11 09:51:58.172445','2022-10-11 09:51:58.172634',0,20,1,0,0.00,4.00,0.00),(36,'2022-10-11 09:51:58.292561','2022-10-11 09:51:58.292611',0,20,2,0,0.00,4.00,0.00);
/*!40000 ALTER TABLE `app_examen_grupo` ENABLE KEYS */;
UNLOCK TABLES;

--
-- Table structure for table `app_examen_grupo_estudiante`
--

DROP TABLE IF EXISTS `app_examen_grupo_estudiante`;
/*!40101 SET @saved_cs_client     = @@character_set_client */;
/*!40101 SET character_set_client = utf8 */;
CREATE TABLE `app_examen_grupo_estudiante` (
  `id` bigint(20) NOT NULL AUTO_INCREMENT,
  `fecha_registro` datetime(6) NOT NULL,
  `fecha_actualizacion` datetime(6) NOT NULL,
  `ultima_pregunta` int(11) NOT NULL,
  `id_estudiante_id` bigint(20) NOT NULL,
  `id_examen_grupo_id` bigint(20) NOT NULL,
  PRIMARY KEY (`id`),
  KEY `app_examen_grupo_est_id_estudiante_id_dd995cfc_fk_app_estud` (`id_estudiante_id`),
  KEY `app_examen_grupo_est_id_examen_grupo_id_2727f446_fk_app_exame` (`id_examen_grupo_id`),
  CONSTRAINT `app_examen_grupo_est_id_estudiante_id_dd995cfc_fk_app_estud` FOREIGN KEY (`id_estudiante_id`) REFERENCES `app_estudiante` (`id`),
  CONSTRAINT `app_examen_grupo_est_id_examen_grupo_id_2727f446_fk_app_exame` FOREIGN KEY (`id_examen_grupo_id`) REFERENCES `app_examen_grupo` (`id`)
) ENGINE=InnoDB DEFAULT CHARSET=latin1;
/*!40101 SET character_set_client = @saved_cs_client */;

--
-- Dumping data for table `app_examen_grupo_estudiante`
--

LOCK TABLES `app_examen_grupo_estudiante` WRITE;
/*!40000 ALTER TABLE `app_examen_grupo_estudiante` DISABLE KEYS */;
/*!40000 ALTER TABLE `app_examen_grupo_estudiante` ENABLE KEYS */;
UNLOCK TABLES;

--
-- Table structure for table `app_examenciclo`
--

DROP TABLE IF EXISTS `app_examenciclo`;
/*!40101 SET @saved_cs_client     = @@character_set_client */;
/*!40101 SET character_set_client = utf8 */;
CREATE TABLE `app_examenciclo` (
  `id` bigint(20) NOT NULL AUTO_INCREMENT,
  `fecha_registro` datetime(6) NOT NULL,
  `fecha_actualizacion` datetime(6) NOT NULL,
  `id_ciclo_id` bigint(20) NOT NULL,
  `id_examen_id` bigint(20) NOT NULL,
  PRIMARY KEY (`id`),
  KEY `app_examenciclo_id_ciclo_id_83459aab_fk_app_ciclo_id` (`id_ciclo_id`),
  KEY `app_examenciclo_id_examen_id_6f6c3578_fk_app_examen_id` (`id_examen_id`),
  CONSTRAINT `app_examenciclo_id_ciclo_id_83459aab_fk_app_ciclo_id` FOREIGN KEY (`id_ciclo_id`) REFERENCES `app_ciclo` (`id`),
  CONSTRAINT `app_examenciclo_id_examen_id_6f6c3578_fk_app_examen_id` FOREIGN KEY (`id_examen_id`) REFERENCES `app_examen` (`id`)
) ENGINE=InnoDB DEFAULT CHARSET=latin1;
/*!40101 SET character_set_client = @saved_cs_client */;

--
-- Dumping data for table `app_examenciclo`
--

LOCK TABLES `app_examenciclo` WRITE;
/*!40000 ALTER TABLE `app_examenciclo` DISABLE KEYS */;
/*!40000 ALTER TABLE `app_examenciclo` ENABLE KEYS */;
UNLOCK TABLES;

--
-- Table structure for table `app_grupo_academico`
--

DROP TABLE IF EXISTS `app_grupo_academico`;
/*!40101 SET @saved_cs_client     = @@character_set_client */;
/*!40101 SET character_set_client = utf8 */;
CREATE TABLE `app_grupo_academico` (
  `id` bigint(20) NOT NULL AUTO_INCREMENT,
  `fecha_registro` datetime(6) NOT NULL,
  `fecha_actualizacion` datetime(6) NOT NULL,
  `denominacion` varchar(40) NOT NULL,
  `abreviacion` varchar(10) NOT NULL,
  `descripcion` longtext NOT NULL,
  PRIMARY KEY (`id`)
) ENGINE=InnoDB AUTO_INCREMENT=3 DEFAULT CHARSET=latin1;
/*!40101 SET character_set_client = @saved_cs_client */;

--
-- Dumping data for table `app_grupo_academico`
--

LOCK TABLES `app_grupo_academico` WRITE;
/*!40000 ALTER TABLE `app_grupo_academico` DISABLE KEYS */;
INSERT INTO `app_grupo_academico` VALUES (1,'2022-06-15 11:56:24.718270','2022-09-30 08:16:35.876856','Grupo A','A','Grupo academico A con cursos especializados para las carreras.'),(2,'2022-06-15 11:56:57.890405','2022-06-15 11:56:57.890458','Grupo B','B','Grupo B con cursos especializados para las carreras asociadas.');
/*!40000 ALTER TABLE `app_grupo_academico` ENABLE KEYS */;
UNLOCK TABLES;

--
-- Table structure for table `app_horario`
--

DROP TABLE IF EXISTS `app_horario`;
/*!40101 SET @saved_cs_client     = @@character_set_client */;
/*!40101 SET character_set_client = utf8 */;
CREATE TABLE `app_horario` (
  `id` bigint(20) NOT NULL AUTO_INCREMENT,
  `fecha_registro` datetime(6) NOT NULL,
  `fecha_actualizacion` datetime(6) NOT NULL,
  `enlace_meet` varchar(200) DEFAULT NULL,
  `id_aula_id` bigint(20) NOT NULL,
  `id_ciclo_id` bigint(20) NOT NULL,
  `id_docente_id` bigint(20) NOT NULL,
  `id_padron_cursos_grupo_id` bigint(20) DEFAULT NULL,
  PRIMARY KEY (`id`),
  KEY `app_horario_id_padron_cursos_gru_f8655325_fk_app_padro` (`id_padron_cursos_grupo_id`),
  KEY `app_horario_id_aula_id_58ac3ebe_fk_app_aula_id` (`id_aula_id`),
  KEY `app_horario_id_ciclo_id_22140a66_fk_app_ciclo_id` (`id_ciclo_id`),
  KEY `app_horario_id_docente_id_d5eb5261_fk_app_docente_id` (`id_docente_id`),
  CONSTRAINT `app_horario_id_aula_id_58ac3ebe_fk_app_aula_id` FOREIGN KEY (`id_aula_id`) REFERENCES `app_aula` (`id`),
  CONSTRAINT `app_horario_id_ciclo_id_22140a66_fk_app_ciclo_id` FOREIGN KEY (`id_ciclo_id`) REFERENCES `app_ciclo` (`id`),
  CONSTRAINT `app_horario_id_docente_id_d5eb5261_fk_app_docente_id` FOREIGN KEY (`id_docente_id`) REFERENCES `app_docente` (`id`),
  CONSTRAINT `app_horario_id_padron_cursos_gru_f8655325_fk_app_padro` FOREIGN KEY (`id_padron_cursos_grupo_id`) REFERENCES `app_padron_cursos_grupo` (`id`)
) ENGINE=InnoDB DEFAULT CHARSET=latin1;
/*!40101 SET character_set_client = @saved_cs_client */;

--
-- Dumping data for table `app_horario`
--

LOCK TABLES `app_horario` WRITE;
/*!40000 ALTER TABLE `app_horario` DISABLE KEYS */;
/*!40000 ALTER TABLE `app_horario` ENABLE KEYS */;
UNLOCK TABLES;

--
-- Table structure for table `app_horario_curso`
--

DROP TABLE IF EXISTS `app_horario_curso`;
/*!40101 SET @saved_cs_client     = @@character_set_client */;
/*!40101 SET character_set_client = utf8 */;
CREATE TABLE `app_horario_curso` (
  `id` bigint(20) NOT NULL AUTO_INCREMENT,
  `fecha_registro` datetime(6) NOT NULL,
  `fecha_actualizacion` datetime(6) NOT NULL,
  `dia_dictado` varchar(15) NOT NULL,
  `hora_inicio` time(6) NOT NULL,
  `hora_fin` time(6) NOT NULL,
  `id_horario_id` bigint(20) NOT NULL,
  PRIMARY KEY (`id`),
  KEY `app_horario_curso_id_horario_id_57f51cea_fk_app_horario_id` (`id_horario_id`),
  CONSTRAINT `app_horario_curso_id_horario_id_57f51cea_fk_app_horario_id` FOREIGN KEY (`id_horario_id`) REFERENCES `app_horario` (`id`)
) ENGINE=InnoDB DEFAULT CHARSET=latin1;
/*!40101 SET character_set_client = @saved_cs_client */;

--
-- Dumping data for table `app_horario_curso`
--

LOCK TABLES `app_horario_curso` WRITE;
/*!40000 ALTER TABLE `app_horario_curso` DISABLE KEYS */;
/*!40000 ALTER TABLE `app_horario_curso` ENABLE KEYS */;
UNLOCK TABLES;

--
-- Table structure for table `app_inscripcion`
--

DROP TABLE IF EXISTS `app_inscripcion`;
/*!40101 SET @saved_cs_client     = @@character_set_client */;
/*!40101 SET character_set_client = utf8 */;
CREATE TABLE `app_inscripcion` (
  `id` bigint(20) NOT NULL AUTO_INCREMENT,
  `fecha_registro` datetime(6) NOT NULL,
  `fecha_actualizacion` datetime(6) NOT NULL,
  `estado_finalizado` tinyint(1) NOT NULL,
  `id_compromiso_pago_id` bigint(20) NOT NULL,
  PRIMARY KEY (`id`),
  UNIQUE KEY `id_compromiso_pago_id` (`id_compromiso_pago_id`),
  CONSTRAINT `app_inscripcion_id_compromiso_pago_i_87a598f3_fk_app_compr` FOREIGN KEY (`id_compromiso_pago_id`) REFERENCES `app_compromiso_pago` (`id`)
) ENGINE=InnoDB AUTO_INCREMENT=33 DEFAULT CHARSET=latin1;
/*!40101 SET character_set_client = @saved_cs_client */;

--
-- Dumping data for table `app_inscripcion`
--

LOCK TABLES `app_inscripcion` WRITE;
/*!40000 ALTER TABLE `app_inscripcion` DISABLE KEYS */;
INSERT INTO `app_inscripcion` VALUES (2,'2022-12-28 12:22:33.863356','2022-12-29 11:34:55.675073',1,14),(3,'2022-12-28 15:41:04.651910','2022-12-29 11:38:04.274782',1,18),(4,'2022-12-28 19:17:01.958107','2022-12-29 15:49:38.710171',1,19),(5,'2022-12-28 19:17:23.058892','2022-12-28 19:17:23.058910',0,20),(6,'2022-12-28 19:17:42.913662','2022-12-28 19:17:42.913680',0,23),(7,'2022-12-29 08:40:13.825949','2022-12-29 15:50:29.368340',1,8),(8,'2022-12-29 10:48:32.927638','2022-12-29 11:35:27.225951',1,25),(9,'2022-12-29 12:55:00.370513','2022-12-29 12:59:27.242299',1,28),(10,'2022-12-29 15:26:00.663215','2022-12-29 15:26:00.663231',0,27),(11,'2022-12-29 15:27:46.248963','2022-12-30 11:52:57.866037',1,26),(12,'2022-12-29 15:28:41.806462','2022-12-29 15:28:41.806507',0,5),(13,'2022-12-29 18:50:36.739654','2022-12-30 11:53:44.151461',1,30),(14,'2022-12-30 11:56:03.763070','2022-12-30 15:36:10.382192',1,32),(15,'2022-12-30 20:18:47.872872','2022-12-30 20:18:47.872889',0,36),(16,'2022-12-31 00:00:00.000000','2022-12-31 00:00:00.000000',0,13),(17,'2023-01-03 09:50:00.200254','2023-01-03 09:50:00.200272',0,54),(18,'2023-01-03 10:10:06.241863','2023-01-03 10:10:06.241878',0,40),(19,'2023-01-03 12:03:39.516431','2023-01-03 12:03:39.516448',0,43),(20,'2023-01-03 12:14:48.838733','2023-01-03 12:14:48.838746',0,70),(21,'2023-01-03 12:36:13.429006','2023-01-03 12:36:13.429024',0,71),(22,'2023-01-03 15:16:05.674937','2023-01-03 15:16:05.674956',0,44),(23,'2023-01-03 15:21:25.511180','2023-01-03 15:21:25.511197',0,85),(24,'2023-01-03 15:29:04.529453','2023-01-03 15:29:04.529471',0,82),(25,'2023-01-03 15:48:23.369285','2023-01-03 15:48:23.369305',0,61),(26,'2023-01-03 15:49:01.579122','2023-01-03 15:49:01.579141',0,76),(27,'2023-01-03 16:13:53.191370','2023-01-03 16:13:53.191386',0,59),(28,'2023-01-03 16:28:51.638631','2023-01-03 16:28:51.638666',0,53),(29,'2023-01-03 16:49:44.839173','2023-01-03 16:49:44.839189',0,89),(30,'2023-01-03 16:54:05.333474','2023-01-03 16:54:05.333494',0,74),(31,'2023-01-03 18:11:26.440777','2023-01-03 18:11:26.440791',0,81),(32,'2023-01-03 18:27:00.673541','2023-01-03 18:27:00.673559',0,92);
/*!40000 ALTER TABLE `app_inscripcion` ENABLE KEYS */;
UNLOCK TABLES;

--
-- Table structure for table `app_material_curso`
--

DROP TABLE IF EXISTS `app_material_curso`;
/*!40101 SET @saved_cs_client     = @@character_set_client */;
/*!40101 SET character_set_client = utf8 */;
CREATE TABLE `app_material_curso` (
  `id` bigint(20) NOT NULL AUTO_INCREMENT,
  `fecha_registro` datetime(6) NOT NULL,
  `fecha_actualizacion` datetime(6) NOT NULL,
  `descripcion_material` longtext NOT NULL,
  `enlace_recurso` varchar(200) DEFAULT NULL,
  `archivo_adjunto` varchar(100) DEFAULT NULL,
  `tipo_recurso` varchar(10) NOT NULL,
  `id_horario_id` bigint(20) NOT NULL,
  PRIMARY KEY (`id`),
  KEY `app_material_curso_id_horario_id_ea57875c_fk_app_horario_id` (`id_horario_id`),
  CONSTRAINT `app_material_curso_id_horario_id_ea57875c_fk_app_horario_id` FOREIGN KEY (`id_horario_id`) REFERENCES `app_horario` (`id`)
) ENGINE=InnoDB DEFAULT CHARSET=latin1;
/*!40101 SET character_set_client = @saved_cs_client */;

--
-- Dumping data for table `app_material_curso`
--

LOCK TABLES `app_material_curso` WRITE;
/*!40000 ALTER TABLE `app_material_curso` DISABLE KEYS */;
/*!40000 ALTER TABLE `app_material_curso` ENABLE KEYS */;
UNLOCK TABLES;

--
-- Table structure for table `app_pabellon`
--

DROP TABLE IF EXISTS `app_pabellon`;
/*!40101 SET @saved_cs_client     = @@character_set_client */;
/*!40101 SET character_set_client = utf8 */;
CREATE TABLE `app_pabellon` (
  `id` bigint(20) NOT NULL AUTO_INCREMENT,
  `fecha_registro` datetime(6) NOT NULL,
  `fecha_actualizacion` datetime(6) NOT NULL,
  `codigo_pabellon` varchar(10) DEFAULT NULL,
  `nombre_pabellon` varchar(50) NOT NULL,
  `numero_pisos` int(10) unsigned DEFAULT NULL,
  `id_sede_id` bigint(20) DEFAULT NULL,
  PRIMARY KEY (`id`),
  KEY `app_pabellon_id_sede_id_63a167f2_fk_app_sede_id` (`id_sede_id`),
  CONSTRAINT `app_pabellon_id_sede_id_63a167f2_fk_app_sede_id` FOREIGN KEY (`id_sede_id`) REFERENCES `app_sede` (`id`)
) ENGINE=InnoDB AUTO_INCREMENT=6 DEFAULT CHARSET=latin1;
/*!40101 SET character_set_client = @saved_cs_client */;

--
-- Dumping data for table `app_pabellon`
--

LOCK TABLES `app_pabellon` WRITE;
/*!40000 ALTER TABLE `app_pabellon` DISABLE KEYS */;
INSERT INTO `app_pabellon` VALUES (1,'2022-06-15 00:16:51.154018','2022-09-30 08:21:46.424833','P-02','PABELLON 02',NULL,NULL),(2,'2022-06-15 00:16:51.295035','2022-09-30 08:21:46.478681','P-03','PABELLON 03',NULL,NULL),(3,'2022-06-15 00:16:51.378538','2022-09-30 08:21:46.545558','P-04','PABELLON 04',NULL,NULL),(4,'2022-06-15 00:16:51.648481','2022-09-30 08:21:46.603911','P-05','PABELLON 05',NULL,NULL),(5,'2022-06-15 00:16:51.731474','2022-09-30 08:21:46.671044','P-08','TALLER PROCESOS ALIMENTICIOS',NULL,NULL);
/*!40000 ALTER TABLE `app_pabellon` ENABLE KEYS */;
UNLOCK TABLES;

--
-- Table structure for table `app_padron_curso`
--

DROP TABLE IF EXISTS `app_padron_curso`;
/*!40101 SET @saved_cs_client     = @@character_set_client */;
/*!40101 SET character_set_client = utf8 */;
CREATE TABLE `app_padron_curso` (
  `id` bigint(20) NOT NULL AUTO_INCREMENT,
  `fecha_registro` datetime(6) NOT NULL,
  `fecha_actualizacion` datetime(6) NOT NULL,
  `nombre_curso` varchar(50) NOT NULL,
  `abreviacion` varchar(10) NOT NULL,
  `descripcion` longtext NOT NULL,
  `estado` tinyint(1) NOT NULL,
  PRIMARY KEY (`id`)
) ENGINE=InnoDB AUTO_INCREMENT=17 DEFAULT CHARSET=latin1;
/*!40101 SET character_set_client = @saved_cs_client */;

--
-- Dumping data for table `app_padron_curso`
--

LOCK TABLES `app_padron_curso` WRITE;
/*!40000 ALTER TABLE `app_padron_curso` DISABLE KEYS */;
INSERT INTO `app_padron_curso` VALUES (1,'2022-06-15 11:15:51.026885','2022-09-05 22:00:42.097777','FISICA','FI','Curso de Fisica',1),(3,'2022-09-05 21:17:03.594758','2022-09-05 21:17:03.594796','QUIMICA','QM','',1),(4,'2022-09-05 21:17:17.876233','2022-09-05 21:17:17.876283','GEOMETRIA','GEO','',1),(5,'2022-09-05 21:17:29.879439','2022-09-05 21:17:29.879490','ALGEBRA','AL','',1),(6,'2022-09-05 21:17:41.005827','2022-09-05 21:17:41.005883','ARITMETICA','AR','',1),(7,'2022-09-05 21:17:57.037833','2022-09-05 21:17:57.037866','COMPETENCIA COMUNICATIVA','CCM','',1),(8,'2022-09-05 21:18:49.681194','2022-09-05 21:18:49.681248','BIOLOGÍA','BIO','',1),(9,'2022-09-05 21:17:17.876233','2022-09-05 21:17:17.876233','TRIGONOMETRIA','TRI','Trigo',1),(10,'2022-12-24 16:02:45.138842','2022-12-24 16:02:45.138898','LENGUAJE - LITERATURA','LGL','',1),(11,'2022-12-24 16:03:00.975628','2022-12-24 16:03:00.975737','HISTORIA DEL PERÚ','HPE','',1),(12,'2022-12-24 16:03:18.124094','2022-12-24 16:03:18.124156','GEOGRAFÍA','GEG','',1),(13,'2022-12-24 16:03:29.131815','2022-12-24 16:03:29.131869','ECONOMÍA','ECO','',1),(14,'2022-12-24 16:03:49.105728','2022-12-24 16:03:49.105771','EDUCACIÓN CÍVICA Y FILOSOFÍA','CIV','',1),(15,'2022-12-24 16:04:46.976026','2022-12-24 16:04:46.976093','RAZONAMIENTO VERBAL','RZV','',1),(16,'2022-12-24 16:04:56.835010','2022-12-24 16:04:56.835101','RAZONAMIENTO MATEMÁTICA','RZM','',1);
/*!40000 ALTER TABLE `app_padron_curso` ENABLE KEYS */;
UNLOCK TABLES;

--
-- Table structure for table `app_padron_cursos_grupo`
--

DROP TABLE IF EXISTS `app_padron_cursos_grupo`;
/*!40101 SET @saved_cs_client     = @@character_set_client */;
/*!40101 SET character_set_client = utf8 */;
CREATE TABLE `app_padron_cursos_grupo` (
  `id` bigint(20) NOT NULL AUTO_INCREMENT,
  `fecha_registro` datetime(6) NOT NULL,
  `fecha_actualizacion` datetime(6) NOT NULL,
  `hora_semana` int(10) unsigned NOT NULL,
  `estado` tinyint(1) NOT NULL,
  `nro_preguntas_examen` int(10) unsigned DEFAULT NULL,
  `id_grupo_academico_id` bigint(20) NOT NULL,
  `id_padron_curso_id` bigint(20) NOT NULL,
  PRIMARY KEY (`id`),
  UNIQUE KEY `app_padron_cursos_grupo_id_padron_curso_id_id_gr_a75b2c4c_uniq` (`id_padron_curso_id`,`id_grupo_academico_id`),
  KEY `app_padron_cursos_gr_id_grupo_academico_i_fe00326a_fk_app_grupo` (`id_grupo_academico_id`),
  CONSTRAINT `app_padron_cursos_gr_id_grupo_academico_i_fe00326a_fk_app_grupo` FOREIGN KEY (`id_grupo_academico_id`) REFERENCES `app_grupo_academico` (`id`),
  CONSTRAINT `app_padron_cursos_gr_id_padron_curso_id_950c3cb7_fk_app_padro` FOREIGN KEY (`id_padron_curso_id`) REFERENCES `app_padron_curso` (`id`)
) ENGINE=InnoDB AUTO_INCREMENT=8 DEFAULT CHARSET=latin1;
/*!40101 SET character_set_client = @saved_cs_client */;

--
-- Dumping data for table `app_padron_cursos_grupo`
--

LOCK TABLES `app_padron_cursos_grupo` WRITE;
/*!40000 ALTER TABLE `app_padron_cursos_grupo` DISABLE KEYS */;
INSERT INTO `app_padron_cursos_grupo` VALUES (1,'2022-06-15 11:57:11.421255','2022-10-10 11:19:33.616311',5,1,3,1,1),(2,'2022-06-15 11:57:32.150257','2022-07-11 23:26:37.438387',5,1,3,2,1),(3,'2022-09-05 21:23:50.548836','2022-10-10 10:06:35.260852',5,1,NULL,2,3),(4,'2022-09-05 21:24:14.494526','2022-10-10 11:19:33.684319',5,1,0,1,4),(5,'2022-09-05 21:24:33.502621','2022-10-10 11:19:33.751244',5,1,2,1,6),(6,'2022-09-05 21:24:43.561947','2022-10-10 11:19:33.939563',4,1,3,1,7),(7,'2022-12-24 15:59:33.934627','2022-12-24 15:59:33.934665',4,1,NULL,1,5);
/*!40000 ALTER TABLE `app_padron_cursos_grupo` ENABLE KEYS */;
UNLOCK TABLES;

--
-- Table structure for table `app_padron_documento_requisito`
--

DROP TABLE IF EXISTS `app_padron_documento_requisito`;
/*!40101 SET @saved_cs_client     = @@character_set_client */;
/*!40101 SET character_set_client = utf8 */;
CREATE TABLE `app_padron_documento_requisito` (
  `id` bigint(20) NOT NULL AUTO_INCREMENT,
  `fecha_registro` datetime(6) NOT NULL,
  `fecha_actualizacion` datetime(6) NOT NULL,
  `estado` tinyint(1) NOT NULL,
  `nombre_documento` varchar(150) DEFAULT NULL,
  `descripcion` longtext,
  `documento` varchar(100) DEFAULT NULL,
  PRIMARY KEY (`id`)
) ENGINE=InnoDB AUTO_INCREMENT=7 DEFAULT CHARSET=latin1;
/*!40101 SET character_set_client = @saved_cs_client */;

--
-- Dumping data for table `app_padron_documento_requisito`
--

LOCK TABLES `app_padron_documento_requisito` WRITE;
/*!40000 ALTER TABLE `app_padron_documento_requisito` DISABLE KEYS */;
INSERT INTO `app_padron_documento_requisito` VALUES (3,'2022-06-15 11:25:19.547074','2022-06-15 11:35:11.012808',1,'DNI','Imagen del DNI en formato PDF','docrequisitos/VZ7ZJMZOSNGFPAC6453I7TWQ2M_0N52U2f.jpg'),(4,'2022-06-15 11:36:14.511903','2022-06-15 11:36:18.057594',1,'Constancia de Estudios','Constancia de cursar el 5to de secundaria o certificado de estudios secundarios concluídos','docrequisitos/descarga_i3Glsia.jpg'),(5,'2022-09-12 18:32:30.982693','2022-09-12 18:33:14.185359',1,'Recibo de Caja','Recibo de Caja ','docrequisitos/estudiar_idiomas_en_el_extranjero.jpg'),(6,'2022-09-28 08:29:42.120647','2022-09-28 08:29:57.872783',1,'foto','Fotografia de Alumno','');
/*!40000 ALTER TABLE `app_padron_documento_requisito` ENABLE KEYS */;
UNLOCK TABLES;

--
-- Table structure for table `app_pago`
--

DROP TABLE IF EXISTS `app_pago`;
/*!40101 SET @saved_cs_client     = @@character_set_client */;
/*!40101 SET character_set_client = utf8 */;
CREATE TABLE `app_pago` (
  `id` bigint(20) NOT NULL AUTO_INCREMENT,
  `fecha_registro` datetime(6) NOT NULL,
  `fecha_actualizacion` datetime(6) NOT NULL,
  `nro_cuotas` int(10) unsigned NOT NULL,
  `tipo_colegio` varchar(10) NOT NULL,
  `monto_total` decimal(10,2) DEFAULT NULL,
  `id_ciclo_id` bigint(20) NOT NULL,
  PRIMARY KEY (`id`),
  UNIQUE KEY `app_pago_id_id_ciclo_id_2253621d_uniq` (`id`,`id_ciclo_id`),
  KEY `app_pago_id_ciclo_id_ec4de195_fk_app_ciclo_id` (`id_ciclo_id`),
  CONSTRAINT `app_pago_id_ciclo_id_ec4de195_fk_app_ciclo_id` FOREIGN KEY (`id_ciclo_id`) REFERENCES `app_ciclo` (`id`)
) ENGINE=InnoDB AUTO_INCREMENT=137 DEFAULT CHARSET=latin1;
/*!40101 SET character_set_client = @saved_cs_client */;

--
-- Dumping data for table `app_pago`
--

LOCK TABLES `app_pago` WRITE;
/*!40000 ALTER TABLE `app_pago` DISABLE KEYS */;
INSERT INTO `app_pago` VALUES (131,'2022-12-24 17:00:43.614244','2022-12-26 09:37:45.725377',1,'---',750.00,16),(132,'2022-12-24 17:01:00.607913','2022-12-26 09:50:55.599496',2,'---',750.00,16),(133,'2022-12-24 17:01:20.414008','2022-12-26 09:47:54.274180',1,'---',750.00,17),(134,'2022-12-24 17:01:22.622841','2022-12-26 09:51:41.521927',2,'---',750.00,17),(135,'2022-12-26 09:52:19.588513','2022-12-26 09:52:41.716938',1,'---',750.00,18),(136,'2022-12-26 09:52:49.694106','2022-12-26 09:53:30.733692',2,'---',750.00,18);
/*!40000 ALTER TABLE `app_pago` ENABLE KEYS */;
UNLOCK TABLES;

--
-- Table structure for table `app_persona`
--

DROP TABLE IF EXISTS `app_persona`;
/*!40101 SET @saved_cs_client     = @@character_set_client */;
/*!40101 SET character_set_client = utf8 */;
CREATE TABLE `app_persona` (
  `id` bigint(20) NOT NULL AUTO_INCREMENT,
  `fecha_registro` datetime(6) NOT NULL,
  `fecha_actualizacion` datetime(6) NOT NULL,
  `dni` varchar(8) NOT NULL,
  `nombres` varchar(50) NOT NULL,
  `apellido_paterno` varchar(50) NOT NULL,
  `apellido_materno` varchar(50) NOT NULL,
  `sexo` varchar(5) NOT NULL,
  `fecha_nacimiento` date DEFAULT NULL,
  `lugar_nacimiento_id` varchar(6) DEFAULT NULL,
  PRIMARY KEY (`id`),
  UNIQUE KEY `dni` (`dni`),
  KEY `app_persona_lugar_nacimiento_id_05bfd1bb_fk_app_ubige` (`lugar_nacimiento_id`),
  CONSTRAINT `app_persona_lugar_nacimiento_id_05bfd1bb_fk_app_ubige` FOREIGN KEY (`lugar_nacimiento_id`) REFERENCES `app_ubigeo` (`codigo_ubigeo`)
) ENGINE=InnoDB AUTO_INCREMENT=146 DEFAULT CHARSET=latin1;
/*!40101 SET character_set_client = @saved_cs_client */;

--
-- Dumping data for table `app_persona`
--

LOCK TABLES `app_persona` WRITE;
/*!40000 ALTER TABLE `app_persona` DISABLE KEYS */;
INSERT INTO `app_persona` VALUES (1,'2022-06-15 16:22:14.461875','2022-09-02 17:52:04.931428','40065708','RENAN FERDINAND','LEVA','SALAS','M','1998-08-14','080301'),(2,'2022-08-29 16:49:30.751641','2022-10-09 23:35:35.757072','72712946','FERNANDO RAFAEL','CALLA','YARIHUAMAN','M','1999-07-27','080101'),(3,'2022-08-30 11:35:48.207292','2022-08-30 11:37:56.981492','46222007','ELIZABETH CRISTINA','ABANTO','CARMEN','F','1999-01-01','080106'),(4,'2022-08-30 11:48:07.808302','2022-08-30 11:49:16.438502','42413796','LLANETH','ACOSTA','MONTOYA DE GUTIERREZ','F','1999-01-01','080101'),(5,'2022-08-30 11:52:20.366159','2022-08-30 11:53:40.672708','47478285','JOSÉ EDGARDO','ACUÑA','MARRUFO','M','1999-01-01','080101'),(6,'2022-08-30 12:01:03.897656','2022-08-30 12:02:12.491769','43346228','CECY LUCY','AGUILAR','CORONADO','F','1999-01-01','080101'),(7,'2022-08-30 12:05:28.899371','2022-08-30 12:06:43.314033','77341568','AYDEE','AGUINAGA','ARRASCUE','F','1999-01-01','080101'),(8,'2022-08-30 12:20:04.364058','2022-08-30 12:21:01.500153','44729740','LUPITA KRISTAL','ALCANTARA','HEREDIA','F','1999-01-01','080101'),(9,'2022-08-30 12:22:25.151840','2022-08-30 12:23:42.684991','77144690','JOSE WALTER','ALTAMIRANO','CORONEL','M','1999-01-01','080101'),(10,'2022-08-30 12:27:02.076953','2022-08-30 12:34:13.307025','72278655','MIRELY SULMARITA','ALVARADO','RISCO','F','1999-01-01','080101'),(12,'2022-09-05 21:31:13.802655','2022-09-05 21:32:48.766339','70214206','CARMEN MARIA ELENA','RELAIZA','SALCEDO','F','2001-01-01','080401'),(13,'2022-09-05 21:39:20.174265','2022-09-05 21:41:58.504839','47667807','EDWIN','RAMON','HUAMAN','M','2001-01-01','080101'),(14,'2022-09-08 15:09:01.582004','2022-09-08 15:13:35.177915','80180301','CAROLINA','CAYO','BUSTINZA','F','2003-05-28','081301'),(15,'2022-09-08 15:36:03.250312','2022-12-27 12:30:22.508990','41844870','EDITH ELIZABETH','ALFARO','GONZALES','F','1983-01-19','230101'),(16,'2022-09-08 15:59:06.370903','2022-09-08 16:01:50.240041','80402533','ADRIANA PATRICIA','CHAPARRO','BUSTINZA','F','2000-04-20','080902'),(17,'2022-09-09 00:50:04.039046','2022-09-09 01:04:02.753820','66334124','ALLISON','HUANCA','PALERMO','F','2001-01-01','080102'),(18,'2022-09-09 01:06:39.513788','2022-09-09 01:07:16.751173','66234341','Carla','AYMA','ROJAS','F','2001-01-01','110303'),(19,'2022-09-09 01:14:49.901226','2022-09-09 01:15:30.320389','41083122','GIULIANA KAREN','GUEVARA','SALVATIERRA','M','2001-01-01','060304'),(20,'2022-09-09 09:23:17.523775','2022-12-26 08:34:45.754334','41443959','PACO WILSON','MARCONI','QUISPE','M','1981-12-19','210801'),(21,'2022-09-09 09:26:41.258015','2022-09-09 09:28:12.300649','48317359','IHELIN DIONE','PIMENTEL','LUQUE','F','1994-05-25','080104'),(22,'2022-09-09 09:54:54.337187','2022-09-09 09:57:02.209664','45806372','DIONE','CANAYO','MACUYAMA','F','2000-01-01','080901'),(23,'2022-09-09 10:22:26.976778','2022-09-09 10:22:59.529433','74119320','MIRELI','HERNANDEZ','VASQUEZ','F','2001-01-01','040201'),(24,'2022-09-09 10:22:54.059710','2022-09-09 10:24:00.824098','42334595','CLAUDIA DIONE','AIVAR','DEL PINO','F','2000-01-01','080908'),(25,'2022-09-09 11:34:36.266218','2022-09-09 11:38:15.807451','88423122','JUAN','Mariscal','Acuña','M','2001-01-01','150114'),(26,'2022-09-12 11:39:41.769737','2022-09-12 19:00:31.117946','23975001','ROGER','NUÑEZ','VALDEZ','M','2000-01-01','081002'),(27,'2022-09-12 15:46:33.489130','2022-10-11 08:29:55.111650','41385381','JOSE MARIA','ESPINOZA','BUENO','M','2000-02-01','080908'),(28,'2022-09-12 15:54:45.847036','2022-09-12 15:55:37.700736','40521248','RUDMERY','SALAS','DAVILA','F','2000-01-01','100307'),(29,'2022-09-12 16:19:16.028026','2022-09-12 16:20:34.655391','40521240','WELFINA','RAMOS','DE LA CRUZ','F','2001-01-01','080602'),(30,'2022-09-12 17:20:18.383716','2022-09-20 18:16:36.041958','09956256','ARTURO','MIRANDA','VERA','M','1990-01-01','030712'),(31,'2022-09-12 17:24:22.508742','2022-09-12 19:01:30.168716','40525871','JOSE LUIS','SEQUEIROS','MEDINA','M','1979-12-12','050101'),(32,'2022-09-12 17:39:36.366334','2022-12-26 08:48:58.795323','23992236','DENNYS','ORDOÑEZ','PALOMINO','M','1990-01-01','080402'),(33,'2022-09-12 17:58:25.358993','2022-09-12 18:00:44.775242','44650559','ROSA ELENA','TORRES','HUAMAN','F','1986-09-25','030712'),(34,'2022-09-12 18:35:08.461152','2022-09-21 11:15:58.806277','40402927','JESSI CELEDONIO','BUSTAMANTE','RODRIGUEZ','M','1979-12-28','050101'),(35,'2022-09-13 19:24:57.821197','2022-09-20 19:05:57.919396','71497535','FIORELA KATHERINE','NUÑEZ','PEREZ','F','2001-01-01','090202'),(36,'2022-09-13 21:39:06.128427','2022-09-13 21:39:06.128463','33589102','JANETTE ALBINA','QUISPE','PEREZ','M','2001-01-01',NULL),(37,'2022-09-20 16:46:30.283523','2022-09-20 17:30:53.470562','32138720','SANDRA FLORENCIA','CHANG','RONDAN','F','2000-01-01','100202'),(38,'2022-09-20 17:38:28.733578','2022-09-20 17:39:03.930921','40521255','ELIZABETH','LUCERO','TRILLO','F','2000-01-01','100202'),(39,'2022-09-20 18:18:25.361539','2022-09-20 18:20:31.041996','25062750','VICENTE','NUÑEZ','GUZMAN','M','1990-09-07','081002'),(40,'2022-09-20 18:32:55.808959','2022-09-20 18:34:05.996464','45503974','NANCY MAGALY','EURIBE','BLAS','F','2001-01-01','100203'),(41,'2022-09-20 19:07:12.902495','2022-09-20 19:17:47.166599','46290130','VIRGINIA SELENE','MIRANDA','CABRERA','F','2000-01-01',NULL),(42,'2022-09-20 19:31:00.533007','2022-09-20 19:33:23.263940','73182345','MAYRA ALEJANDRA','PISFIL','SALINAS','M','2000-01-01','100313'),(43,'2022-09-21 08:36:15.886942','2022-09-21 08:36:15.886975','44556677','JOSEFA','VASQUEZ','DOMINGUEZ','F','0001-01-01',NULL),(44,'2022-09-21 08:43:41.239873','2022-09-21 09:02:17.181854','72712947','FRANCO JHAMITH','HURTADO','ARCOS','M','2001-01-01','080101'),(45,'2022-09-21 09:08:56.262502','2022-09-21 09:10:12.805875','72712948','JAIV','SANCHEZ','TACO','M','2001-01-01','080101'),(46,'2022-09-21 10:58:52.731017','2022-09-21 10:59:30.852656','44556688','KARINA','ATUNGA','DIAZ','F','2000-11-09','120206'),(47,'2022-09-21 11:07:34.548646','2022-09-21 11:09:06.190776','47619990','LEIDY YULIANA','ARIAS','RIVERA','F','1988-11-04','080101'),(48,'2022-09-21 11:32:49.503499','2022-09-21 11:34:13.248976','76327834','ARACELI','MITMA','CARRION','F','2000-01-01','080914'),(49,'2022-09-21 12:22:37.512029','2022-09-21 12:25:15.035943','23970152','CELIA','CRUZ','COLLANTES DE BERNALDEZ','M','1980-01-01','080201'),(50,'2022-09-21 15:21:50.297894','2022-09-21 15:23:18.855601','61994755','LUZ CLARITA','GOMEZ','ROJAS','F','2000-01-01','080101'),(51,'2022-09-27 11:14:23.350463','2022-09-27 11:30:39.473350','42501258','JOSE ALBERTO','AVILES','GUTIERREZ','M','0001-01-01','130402'),(52,'2022-09-28 08:33:22.064693','2022-09-28 08:49:29.309275','73392290','MARIA FERNANDA','CABALLERO','ZEGARRA','F','2000-01-01','080101'),(53,'2022-09-28 08:50:48.073412','2022-09-28 08:51:51.420621','76265366','ALEXA MARIA FERNANDA','VILCHEZ','MEDINA','M','2001-01-01','080910'),(54,'2022-09-29 11:02:02.730783','2022-09-29 11:04:33.569324','47436764','ABEL FERNANDO','LUNA','PUMA','M','2000-01-01','080901'),(55,'2022-10-10 09:30:10.684583','2022-10-10 09:57:08.354484','74596321','ANA CRISTINA','GARCIA','CASTILLO','F','2000-01-01','080904'),(56,'2022-10-10 11:28:24.935777','2022-10-10 11:30:11.238784','73513331','DAVID FERDINAN','FLORES','QUISPE','M','2001-01-01','080303'),(57,'2022-10-11 08:24:31.140153','2022-10-11 08:29:16.366162','71828790','ALCIDO JOSE','SUCAPUCA','CCOTALUQUE','M','2000-01-01','080902'),(58,'2022-10-11 09:30:23.518553','2022-10-11 09:31:53.798938','25309500','ALFREDO MODESTO','MARCAVILLACA','LUNA','M','1965-06-15','081303'),(59,'2022-10-11 11:10:23.426123','2022-10-11 11:12:07.229202','75313549','ANGEL JOSE','CAMA','CAMA','M','2001-01-01','080102'),(60,'2022-10-11 11:41:34.279215','2022-10-11 11:42:49.135823','49100294','MARTHA','SULLA','BACA','F','2000-01-01','110106'),(61,'2022-12-27 08:09:56.691672','2022-12-29 08:11:23.262001','73878573','SEIMI YAMILA','BUSTAMANTE','SUNI','F','1997-04-05','080101'),(62,'2022-12-27 08:28:30.899862','2022-12-28 18:00:35.583122','76677714','ENRIQUE','HANCCO','YAURI','M','2005-03-12','080101'),(63,'2022-12-27 08:46:34.195880','2022-12-27 13:59:39.827651','76125512','Hector Luis','Huañahui','López','M','2005-06-16','080901'),(64,'2022-12-27 10:46:16.567035','2022-12-28 17:57:36.395335','73587594','KIARA MILENE','CCONISLLA','SUCA','F','2005-08-26','080901'),(65,'2022-12-27 11:10:23.762507','2023-01-02 12:10:32.565239','73423589','ALDO ANTHONI','LOVON','ORTEGA','M','0001-04-18','080901'),(66,'2022-12-27 11:21:18.249209','2022-12-27 11:23:32.337480','73251618','ANTHONY ALDAIR','CCONISLLA','MEDINA','M','1999-11-24','150103'),(67,'2022-12-27 11:24:39.003745','2022-12-31 11:41:04.610600','71975932','ENRIQUE SANTIAGO','PAREDES','BUSTAMANTE','M','2004-09-08','080901'),(68,'2022-12-27 12:09:30.115156','2022-12-27 12:12:35.807906','74363534','JUNIOR','ANDIA','FORTON','M','2005-02-25','080901'),(69,'2022-12-27 13:51:30.206485','2022-12-27 13:52:26.828479','43117324','MARIELA','VILCA','CHURATA','M','1985-08-15','080101'),(70,'2022-12-27 14:19:30.541260','2022-12-27 14:20:16.216974','43117314','MARIELA','VILCA','CHURATA','F','1985-08-15','070106'),(71,'2022-12-27 14:49:10.558883','2022-12-30 15:49:06.288924','62637059','MIGUEL ANGEL','RAMOS','MINA','M','2001-04-16','080106'),(72,'2022-12-27 15:06:30.068234','2022-12-27 15:08:22.988273','44148101','MARIA MAGDALENA','ANCASSI','HUANCA','F','1987-01-01','210809'),(73,'2022-12-27 18:10:46.793958','2022-12-27 18:20:02.788821','76095755','CARLOS MANUEL','GONZALES','BERROCAL','M','2005-09-12','080904'),(74,'2022-12-27 18:51:17.355343','2022-12-28 07:51:52.135468','76878329','JIMMY JOSEPH','GERVASSI','QUEA','M','2005-07-07','080101'),(75,'2022-12-27 22:49:30.208898','2022-12-27 22:50:16.463236','43932198','JIMMY DAVYS','ORDOÑEZ','PALOMINO','M','2000-12-12','080602'),(76,'2022-12-27 23:18:07.957706','2022-12-27 23:18:48.346577','43932178','JIMMY DAVYS','ORDOÑEZ','PALOMINO','M','2000-12-15','080101'),(77,'2022-12-28 07:26:24.072057','2022-12-28 07:30:16.330878','73980199','JUNIOR HERNAN','TOQUE','PEREZ','M','2004-03-31','081106'),(78,'2022-12-28 09:45:22.949862','2022-12-28 09:48:04.580207','73977841','JHORDY JHEISON','MAMANI','HUAMAN','M','2005-05-10','080901'),(79,'2022-12-28 09:50:12.677654','2022-12-28 09:52:43.553679','73233314','JUAN FERNANDO','MEZA','BEGAZO','M','2000-01-21','080904'),(80,'2022-12-28 09:56:26.701695','2022-12-28 12:06:05.137304','76059357','FRANDY','ROJAS','ABRACA','M','2004-10-26','080408'),(81,'2022-12-28 11:36:33.885317','2022-12-28 11:41:15.114067','75522052','MAURICIO KEVIN','VASQUEZ','HUAMAN','M','2004-12-01','080901'),(82,'2022-12-28 16:09:16.320969','2022-12-28 18:08:58.517558','74367136','Yudith','OTUMBRE','Ataulluco','F','1998-12-03','080902'),(83,'2022-12-28 18:27:48.877821','2022-12-28 18:28:51.594304','76977680','SAUL','VALERIANO','VALENCIA','M','2005-01-01','080908'),(84,'2022-12-28 18:50:19.059787','2022-12-28 18:51:05.275939','76976680','SAUL','VALERIANO','VALENCIA','M','2005-01-01','080908'),(85,'2022-12-29 10:34:03.625511','2022-12-29 10:35:03.724135','73430178','MAX JOSMER','ROMAN','UGARTE','M','2004-06-20','080901'),(86,'2022-12-29 11:53:49.662032','2022-12-29 11:59:39.785447','76175833','MICHAEL','SORIA','FERNANDEZ','M','2001-10-14','080902'),(87,'2022-12-29 12:06:47.435360','2022-12-29 12:10:33.152410','72009303','BRAYAN ALBERT','CCORIMANYA','QUISPE','M','2004-10-20','080906'),(88,'2022-12-29 12:41:22.589313','2022-12-29 12:42:33.280690','76352061','MARICIELO','APAZA','ASTETE','F','2005-04-13','080901'),(89,'2022-12-29 16:14:09.225959','2022-12-29 16:16:38.399724','74085892','FRESSHYA DENISSE','LUQUE','ILLAPUMA','F','2005-06-11','080901'),(90,'2022-12-29 18:20:31.410932','2022-12-29 18:22:03.216524','77799740','JOHAN ESIDIO','TTITO','NOGUIERA','M','2001-02-17','080902'),(91,'2022-12-29 19:54:21.683275','2022-12-29 19:57:02.668009','76585715','LUCERO BILAY','CHAMPI','FORTON','F','1999-03-06','080901'),(92,'2022-12-29 22:18:42.160738','2022-12-30 11:41:00.494577','77069754','GHIUNMY CAMILA','HUAMAN','ARISACA','F','2005-07-16','080901'),(93,'2022-12-30 08:07:45.075889','2022-12-30 10:45:44.239226','70506109','REDY MARCELO','CENTENO','CHAVEZ','M','2002-12-17','080901'),(94,'2022-12-30 09:18:04.645638','2022-12-30 09:30:56.354688','60293690','YULFER RIVALDO','TTITO','CCALA','M','2004-11-03','080902'),(95,'2022-12-30 14:31:44.179100','2022-12-30 14:35:26.420250','74437620','YAJAIRA CANDY','HUILLCA','ZANABRIA','F','2005-02-08','080906'),(96,'2022-12-30 15:48:39.108589','2022-12-30 15:50:11.437653','76846465','RUTH NELY','CHECCA','QUISPE','F','2000-03-11','080906'),(97,'2022-12-30 18:53:03.926270','2022-12-30 19:03:51.465064','77229537','JEAN CARLO','TORRES','CRUZ','M','2002-04-26','080901'),(98,'2022-12-31 06:44:10.629290','2022-12-31 06:47:44.294899','73032154','LIZ YANETH','RODRIGUEZ','TTITO','F','1997-03-27','080901'),(99,'2022-12-31 10:15:16.709907','2023-01-03 16:38:10.913226','75193856','Anghyelina Valeria','Chavez','Quintana','F','0006-03-19','080901'),(100,'2022-12-31 17:31:03.813600','2023-01-03 15:24:47.763984','76431193','JHON KEVIN','CHUCTAYA','CCOTO','M','2003-03-01','080902'),(101,'2023-01-01 10:13:35.019384','2023-01-01 10:15:39.542986','73020303','JORGE DI STEFANO','HUAMAN','FRANCO','M','2001-02-27','080106'),(102,'2023-01-01 15:51:55.760305','2023-01-01 15:59:33.955402','60419497','SEELER JAFET','QUISPE','ALVAREZ','M','2004-02-08','080901'),(103,'2023-01-02 08:37:09.305674','2023-01-02 08:49:05.943672','76236173','JOSE MARCELO','TORRES','JIMENEZ','M','2003-05-18','080101'),(104,'2023-01-02 08:39:25.037099','2023-01-02 08:48:03.424369','76825333','JOSSHET ANTHONY','SANCHEZ','CUTI','M','2004-10-01','080901'),(105,'2023-01-02 10:54:00.839805','2023-01-02 11:07:34.326628','45410250','FREDY','MENDOZA','AYQUIPA','M','1987-06-18','080404'),(106,'2023-01-02 12:49:45.400402','2023-01-02 12:52:03.397600','72903973','MARVIN RODRIGO','BUSTAMANTE','CUADROS','M','2004-09-11','080901'),(107,'2023-01-02 13:55:34.573819','2023-01-02 14:00:32.751113','77426928','YURI','ESCALANTE','DUEÑAS','M','0001-01-01','080902'),(108,'2023-01-02 14:04:56.733285','2023-01-02 14:07:42.516015','60242851','THALIA','ESCALANTE','DUEÑAS','F','2001-07-11','080902'),(109,'2023-01-02 15:23:58.173376','2023-01-02 15:26:43.561634','47125250','ROSBEL','MAMANI','NINAHUILLCA','M','1992-02-12','080404'),(110,'2023-01-02 17:41:34.917664','2023-01-02 17:43:54.266649','72093759','WILMER','RIVERA','CHAUCA','M','1999-04-30','080909'),(111,'2023-01-02 22:16:59.488879','2023-01-03 09:39:56.370347','60338952','ADERLY','ROMERO','CAHUANA','M','0001-01-01','080909'),(112,'2023-01-03 06:24:47.965300','2023-01-03 09:15:32.522941','76077489','EMERSON FERNANDO','VARGAS','PATILLA','M','2004-08-25','080906'),(113,'2023-01-03 08:59:17.467006','2023-01-03 09:02:29.335279','75658148','GERARDO ELIAS','QUISPE','RICALDE','M','2005-03-06','080904'),(114,'2023-01-03 08:59:29.614772','2023-01-03 08:59:29.614808','72887078','Angel Neyddan','Ramos','Bustamante','M','2005-06-11',NULL),(115,'2023-01-03 09:02:24.676530','2023-01-03 11:39:54.247722','73222616','Carlewis','Carpio','Quispe','M','0004-11-22','080901'),(116,'2023-01-03 09:46:08.441497','2023-01-03 10:46:54.607668','74882106','CARLOS DANIEL','QUISPE','QUISPE','M','2005-08-13','080901'),(117,'2023-01-03 09:53:59.967193','2023-01-03 09:57:37.886857','77503094','WINDER ALVARO','PEDRAZA','ESPINOZA','M','0001-01-01','080901'),(118,'2023-01-03 10:04:37.335003','2023-01-03 11:00:46.065817','74873538','Edi Josep','Huamán','Achahui','M','2005-09-11','080901'),(119,'2023-01-03 10:08:39.044370','2023-01-03 10:17:15.358396','76096149','LUZ MARIELA','GONZALES','OSCCO','F','2004-11-03','080909'),(120,'2023-01-03 10:21:59.795776','2023-01-03 10:25:05.736448','73421218','ADRIANA IROSKA','ESPINOZA','CHUNCA','F','2004-12-17','080901'),(121,'2023-01-03 10:50:13.348560','2023-01-03 10:52:46.377370','76081155','ROBERT EDMUNDO','PALACIOS','URRUTIA','M','0001-01-01','080902'),(122,'2023-01-03 10:55:45.325873','2023-01-03 10:57:49.651061','73676403','MARI CARMEN','PUMA','MEZA','F','0001-01-01','080901'),(123,'2023-01-03 11:04:38.737222','2023-01-03 11:07:32.256859','76754293','MANUEL CESAR','MARCA','ZAVALETA','M','1997-01-02','080901'),(124,'2023-01-03 11:44:53.850497','2023-01-03 11:47:12.209669','75434083','RODRIGO','LOPEZ','ITUSACA','M','2003-11-24','080901'),(125,'2023-01-03 11:52:33.728286','2023-01-03 11:57:09.759312','73906999','FRANK LENINS','SOTO','VARGAS','M','2004-08-10','080902'),(126,'2023-01-03 11:53:02.973638','2023-01-03 11:56:49.501914','74436859','STHEFANNY','MELLADO','DUEÑAS','F','2004-03-15','080901'),(127,'2023-01-03 12:03:30.922658','2023-01-03 12:05:04.552659','71793487','FABRIZIO','RIVAS','MUÑOZ','M','2004-06-09','030201'),(128,'2023-01-03 12:04:59.637595','2023-01-03 12:13:01.537527','75257192','BRUNO','CONDORI','LEON','M','2002-06-21','210608'),(129,'2023-01-03 12:21:18.754919','2023-01-03 12:24:35.272385','76185703','MARCO ANTONIO','TORRES','SANTOS','M','2003-08-16','080906'),(130,'2023-01-03 12:30:35.262921','2023-01-03 15:38:08.431839','76755691','JUAN WALDIR','DAVALOS','MENDOZA','M','2004-08-12','080909'),(131,'2023-01-03 12:34:14.153994','2023-01-03 15:05:16.796329','76352031','KENYI RAUL','LIRA','ESPINOZA','M','2005-07-03','080902'),(132,'2023-01-03 12:39:10.024940','2023-01-03 12:41:09.045289','61054094','Flor Melani','Vega','Huaman','F','2007-06-26','080901'),(133,'2023-01-03 12:50:28.444970','2023-01-03 14:07:50.331654','60119251','EDNILSSON NICOLAS','CALDERON','CUSIHUAMAN','M','2006-06-07','080906'),(134,'2023-01-03 12:55:08.096701','2023-01-03 12:59:45.623104','62724766','MARCO ANTONIO','CORNEJO','HUAMAN','M','2005-08-22','080903'),(135,'2023-01-03 13:01:56.096549','2023-01-03 13:08:47.979480','61054155','Harry maicol','Huillcahuaman','Yllanes','M','2007-07-12','080901'),(136,'2023-01-03 14:40:34.573851','2023-01-03 14:44:05.398836','74854735','ALEXANDER','LUQUE','ALVAREZ','M','2004-10-07','080909'),(137,'2023-01-03 16:01:12.244443','2023-01-03 16:03:15.002102','77818075','JIMENA KIARA','ALVA','TAYPE','F','2005-03-11','150106'),(138,'2023-01-03 16:06:33.138269','2023-01-03 16:09:52.972568','75550092','XIMENA','TINTAYA','RIVERA','F','2005-03-17','080901'),(139,'2023-01-03 16:17:01.686251','2023-01-03 16:19:16.432602','75550115','Andrea Esmeralda','Enciso','Canchi','F','2006-03-22','080901'),(140,'2023-01-03 16:41:32.293485','2023-01-03 16:44:26.598339','74363831','GONZALO','CJUNO','PAQUILLO','M','2003-08-10','080106'),(141,'2023-01-03 16:59:24.689687','2023-01-03 17:26:18.807091','77476456','Brayan','Contreras','Palomino','M','2003-03-11','080901'),(142,'2023-01-03 17:10:49.739855','2023-01-03 18:06:01.865349','77321527','JENNIFER MILAGROS','PUMA','CABRERA','F','2003-11-16','080901'),(143,'2023-01-03 17:39:06.902055','2023-01-03 17:40:42.097295','61051856','Andrés Avelino','Caceres','Bolege','M','2007-03-27','150115'),(144,'2023-01-03 19:08:28.799339','2023-01-03 19:11:42.899454','60419561','Jean Paul','Molina','Bocangel','M','2005-12-06','080901'),(145,'2023-01-03 23:00:28.371079','2023-01-03 23:08:40.311883','77054082','YHINNIVA VIANEY','GONZALES','MAMANI','F','2004-04-27','040520');
/*!40000 ALTER TABLE `app_persona` ENABLE KEYS */;
UNLOCK TABLES;

--
-- Table structure for table `app_preguntas_examen_grupo`
--

DROP TABLE IF EXISTS `app_preguntas_examen_grupo`;
/*!40101 SET @saved_cs_client     = @@character_set_client */;
/*!40101 SET character_set_client = utf8 */;
CREATE TABLE `app_preguntas_examen_grupo` (
  `id` bigint(20) NOT NULL AUTO_INCREMENT,
  `fecha_registro` datetime(6) NOT NULL,
  `fecha_actualizacion` datetime(6) NOT NULL,
  `id_balota_curso_id` bigint(20) NOT NULL,
  `id_examen_grupo_id` bigint(20) NOT NULL,
  PRIMARY KEY (`id`),
  UNIQUE KEY `app_preguntas_examen_gru_id_examen_grupo_id_id_ba_e58f6cf2_uniq` (`id_examen_grupo_id`,`id_balota_curso_id`),
  KEY `app_preguntas_examen_id_balota_curso_id_94d1c793_fk_app_balot` (`id_balota_curso_id`),
  CONSTRAINT `app_preguntas_examen_id_balota_curso_id_94d1c793_fk_app_balot` FOREIGN KEY (`id_balota_curso_id`) REFERENCES `app_balota_preguntas_curso` (`id`),
  CONSTRAINT `app_preguntas_examen_id_examen_grupo_id_b23428aa_fk_app_exame` FOREIGN KEY (`id_examen_grupo_id`) REFERENCES `app_examen_grupo` (`id`)
) ENGINE=InnoDB DEFAULT CHARSET=latin1;
/*!40101 SET character_set_client = @saved_cs_client */;

--
-- Dumping data for table `app_preguntas_examen_grupo`
--

LOCK TABLES `app_preguntas_examen_grupo` WRITE;
/*!40000 ALTER TABLE `app_preguntas_examen_grupo` DISABLE KEYS */;
/*!40000 ALTER TABLE `app_preguntas_examen_grupo` ENABLE KEYS */;
UNLOCK TABLES;

--
-- Table structure for table `app_preinscripcion`
--

DROP TABLE IF EXISTS `app_preinscripcion`;
/*!40101 SET @saved_cs_client     = @@character_set_client */;
/*!40101 SET character_set_client = utf8 */;
CREATE TABLE `app_preinscripcion` (
  `id` bigint(20) NOT NULL AUTO_INCREMENT,
  `fecha_registro` datetime(6) NOT NULL,
  `fecha_actualizacion` datetime(6) NOT NULL,
  `estado` tinyint(1) NOT NULL,
  `idioma` varchar(30) DEFAULT NULL,
  `progreso_preinscripcion` smallint(6) DEFAULT NULL,
  `direccion` varchar(120) DEFAULT NULL,
  `esta_enviado` tinyint(1) DEFAULT NULL,
  `telefono_personal` varchar(15) DEFAULT NULL,
  `email_respaldo` varchar(254) DEFAULT NULL,
  `nombres_apoderado` varchar(200) DEFAULT NULL,
  `telefono_apoderado` varchar(12) DEFAULT NULL,
  `condicion_discapacidad` tinyint(1) NOT NULL,
  `detalle_discapacidad` varchar(100) DEFAULT NULL,
  `es_extranjero` tinyint(1) NOT NULL,
  `anio_egreso` int(10) unsigned DEFAULT NULL,
  `dni_persona_id` bigint(20) NOT NULL,
  `id_ciclo_id` bigint(20) NOT NULL,
  `id_colegio_id` bigint(20) DEFAULT NULL,
  `id_escuela_profesional_id` bigint(20) DEFAULT NULL,
  `id_pago_id` bigint(20) DEFAULT NULL,
  `id_ubigeo_id` varchar(6) DEFAULT NULL,
  PRIMARY KEY (`id`),
  KEY `app_preinscripcion_dni_persona_id_0278662f_fk_app_persona_id` (`dni_persona_id`),
  KEY `app_preinscripcion_id_ciclo_id_ed3ed86e_fk_app_ciclo_id` (`id_ciclo_id`),
  KEY `app_preinscripcion_id_colegio_id_920da244_fk_app_colegio_id` (`id_colegio_id`),
  KEY `app_preinscripcion_id_escuela_profesion_3e1cf7d1_fk_app_escue` (`id_escuela_profesional_id`),
  KEY `app_preinscripcion_id_pago_id_e2a65557_fk_app_pago_id` (`id_pago_id`),
  KEY `app_preinscripcion_id_ubigeo_id_93b10489_fk_app_ubige` (`id_ubigeo_id`),
  CONSTRAINT `app_preinscripcion_dni_persona_id_0278662f_fk_app_persona_id` FOREIGN KEY (`dni_persona_id`) REFERENCES `app_persona` (`id`),
  CONSTRAINT `app_preinscripcion_id_ciclo_id_ed3ed86e_fk_app_ciclo_id` FOREIGN KEY (`id_ciclo_id`) REFERENCES `app_ciclo` (`id`),
  CONSTRAINT `app_preinscripcion_id_colegio_id_920da244_fk_app_colegio_id` FOREIGN KEY (`id_colegio_id`) REFERENCES `app_colegio` (`id`),
  CONSTRAINT `app_preinscripcion_id_escuela_profesion_3e1cf7d1_fk_app_escue` FOREIGN KEY (`id_escuela_profesional_id`) REFERENCES `app_escuela_profesional` (`id`),
  CONSTRAINT `app_preinscripcion_id_pago_id_e2a65557_fk_app_pago_id` FOREIGN KEY (`id_pago_id`) REFERENCES `app_pago` (`id`),
  CONSTRAINT `app_preinscripcion_id_ubigeo_id_93b10489_fk_app_ubige` FOREIGN KEY (`id_ubigeo_id`) REFERENCES `app_ubigeo` (`codigo_ubigeo`)
) ENGINE=InnoDB AUTO_INCREMENT=206 DEFAULT CHARSET=latin1;
/*!40101 SET character_set_client = @saved_cs_client */;

--
-- Dumping data for table `app_preinscripcion`
--

LOCK TABLES `app_preinscripcion` WRITE;
/*!40000 ALTER TABLE `app_preinscripcion` DISABLE KEYS */;
INSERT INTO `app_preinscripcion` VALUES (88,'2022-12-26 08:14:27.824359','2022-12-26 08:34:45.747652',1,'ES',4,'edgar la torre 334',1,'989481513','wilsonmarconi19@gmail.com','wilson','989481513',0,'',0,1997,20,16,260,3,132,'080901'),(89,'2022-12-26 08:22:15.947751','2022-12-27 12:30:22.503360',1,'ES',4,'2 de mayo',1,'952013723','edithalg@gmail.com','X','952013723',0,'',0,1999,15,16,219,3,131,'080901'),(90,'2022-12-26 08:33:21.274638','2022-12-26 08:48:58.789010',1,'ES',4,'apv lA MOLINA B2',1,'967000998','user.89793238@gmail.com','','',0,'',0,2000,32,16,746,3,132,'090307'),(92,'2022-12-27 08:28:30.908694','2022-12-28 18:00:35.576236',1,'ES',4,'Quillabamba _ jaramilluyoc',1,'982277569','hanccoyaurienrique@gmail.com','Hilda','951919370',0,'',0,2021,62,16,753,4,132,'080906'),(93,'2022-12-27 08:46:34.206225','2022-12-27 08:48:07.026809',1,'ES',3,'Mandor',0,'979367194','hector.luis.201916@gmail.com','Lourdes','974293010',1,'',0,2021,63,16,707,NULL,NULL,'080904'),(94,'2022-12-27 10:46:16.576158','2022-12-28 17:57:36.388933',1,'ES',4,'Idma - Calderón alta',1,'951851235','kiaramilencconisllasuca@gmail.com','Lida Suca Hancco','997208645',0,'',0,2021,64,16,122,1,131,'080901'),(96,'2022-12-27 11:10:23.771860','2023-01-02 12:10:32.557659',1,'ES',4,'jr: ollanta',1,'935243124','lovovanthoni@gmail.com','','',0,'',0,2019,65,16,122,3,132,'080901'),(97,'2022-12-27 11:21:18.257287','2022-12-27 11:23:32.331751',1,'ES',4,'San Isidro',1,'918382675','tonyccm2@gmail.com','','',0,'',0,2015,66,17,36,1,134,'080101'),(98,'2022-12-27 11:24:39.012506','2022-12-31 11:41:04.604816',1,'ES',4,'Serranuyoc bajo',1,'984111317','santiagoparedes08092004@gmail.com','Henry Hudson Paredes','950191295',0,'',0,2021,67,16,105,3,131,'080901'),(99,'2022-12-27 12:09:30.124301','2022-12-27 12:12:35.801088',1,'ES',4,'Huayanay',1,'902055904','Jandiaforton@gmail.com','Wilbert Andia Castillo','943921678',0,'',0,2021,68,18,108,4,136,'080901'),(100,'2022-12-27 13:42:23.820483','2022-12-27 13:44:22.275408',1,'ES',3,'Mandor',0,'979367194','hector.luis.201916@gmail.com','Lourdes','974293010',1,'',0,2021,63,16,707,NULL,NULL,'080904'),(101,'2022-12-27 13:51:30.217227','2022-12-27 13:52:26.822386',1,'ES',4,'APV LA MOLINA B2',1,'941412520','user.89793238@gmail.com','','',0,'',0,2000,69,16,53,2,132,'080101'),(102,'2022-12-27 13:58:41.213661','2022-12-27 13:59:39.820997',1,'ES',4,'Mandor',1,'979367194','hector.luis.201916@gmail.com','Lourdes','974293010',0,'',0,2021,63,16,707,3,131,'080904'),(103,'2022-12-27 14:19:30.553924','2022-12-27 14:20:16.210589',1,'ES',4,'apv cusco',1,'967000998','user.89793238@gmail.com','','',0,'',0,2000,70,16,768,3,132,'050504'),(104,'2022-12-27 14:49:10.570005','2022-12-30 15:49:06.281453',1,'ES',3,'LA CONVENCION- ECHARATI-SECTOR MIRAFLORES',0,'918231149','miguelangel19mina04@gmail.com','AURELIA MINA QUISPE','984510725',0,'',0,2018,71,17,729,NULL,NULL,'080902'),(105,'2022-12-27 15:06:30.078048','2022-12-27 15:08:22.981918',1,'ES',4,'edgar la torre 335',1,'951335869','maydaancassi01@gmail.com','maria','951335869',0,'',0,2004,72,16,801,2,132,'080901'),(106,'2022-12-27 18:10:46.802739','2022-12-27 18:20:02.781652',1,'ES',4,'UCHUMAYO',1,'999658798','carlosmanuelgonzalesberrocal@gmail.com','Yesenia','941101887',0,'',0,2021,73,16,705,3,131,'080904'),(107,'2022-12-27 18:51:17.370115','2022-12-27 18:51:17.370159',1,'ES',1,NULL,0,'991898127','meliodas1xd@gmail.com','JIMMY LUIS GERVASSI PEZO','965983730',0,'',0,NULL,74,16,NULL,NULL,NULL,NULL),(108,'2022-12-27 22:49:30.217117','2022-12-27 22:50:16.456092',1,'ES',4,'apv b2',1,'967000998','user.89793238@gmail.com','','',0,'',0,2000,75,16,840,3,132,'100506'),(109,'2022-12-27 23:18:07.969234','2022-12-27 23:18:48.339856',1,'ES',4,'APV B2',1,'967000998','user.89793238@gmail.com','','',0,'',0,2000,76,16,844,4,132,'080101'),(110,'2022-12-28 07:03:29.008303','2022-12-28 07:51:52.129817',1,'ES',4,'via sambaray S/N',1,'991898127','jimmygervassiq@gmail.com','JIMMY LUIS GERVASSI PEZO','965983730',0,'',0,2021,74,16,129,3,131,'080901'),(111,'2022-12-28 07:26:24.081044','2022-12-28 07:30:16.324033',1,'ES',4,'Palmeras',1,'954571801','toqueperezj@gmail.com','Vilma perez','936938230',0,'',0,2020,77,16,873,4,131,'081106'),(112,'2022-12-28 09:45:22.958467','2022-12-28 09:48:04.571803',1,'ES',4,'Potrero, Poblado Idma, Comunidad Esmeralda s/n',1,'904584062','jhordymamani43@gmail.com','Miguel Angel Mamani Hancco','950959192',0,'',0,2021,78,16,104,3,131,'080901'),(113,'2022-12-28 09:50:12.688230','2022-12-28 09:52:43.546590',1,'ES',4,'Pintobanba chico',1,'910014198','f60186089@gmail.com','Juan Octavio Meza Gutiérrez','949406164',0,'',0,2016,79,17,705,4,133,'080904'),(114,'2022-12-28 09:56:26.710187','2022-12-28 12:06:05.131702',1,'ES',4,'Urpipata Alta s/n',1,'953492948','frandyrojas60@gmail.com','Miguel Rojas Huamani','963036829',0,'',0,2021,80,18,749,4,136,'080901'),(115,'2022-12-28 11:36:33.894286','2022-12-28 11:41:15.106646',1,'ES',4,'AV. CIRCUNVALACION',1,'978663370','vasquezmauricio664@gmail.com','Gladys Dora Huaman Pacheco','929501278',0,'',0,2021,81,16,129,2,131,'080901'),(116,'2022-12-28 16:09:16.337227','2022-12-28 18:08:58.511466',1,'ES',4,'JR confraternidad con JR Venecia a10',1,'900206298','yudithotumbreataulluco@gmail.com','......','900206298',0,'',0,2015,82,16,635,2,131,'080901'),(117,'2022-12-28 18:27:48.892133','2022-12-28 18:28:51.587713',1,'ES',4,'QUILLABAMBA',1,'999999999','saulvaleriano@gmail.com','','',0,'',0,2021,83,16,298,1,132,'080908'),(118,'2022-12-28 18:50:19.068560','2022-12-28 18:51:05.269405',1,'ES',4,'qiullabamba',1,'999999999','saulvaleriano.uniq@gmail.com','','',0,'',0,2021,84,16,295,1,132,'080908'),(119,'2022-12-29 08:10:19.198440','2022-12-29 08:11:23.255149',1,'ES',4,'fco morales bermudez b 21',1,'984709096','seimi.bustamante@hotmail.com','Elias Bustamante','984709096',0,'',0,2017,61,16,21,3,132,'080108'),(120,'2022-12-29 10:34:03.634019','2022-12-29 10:35:03.718137',1,'ES',4,'Jr. Mainique 241',1,'986664068','maxromanugarte@gmail.com','Gumercinda Ugarte Flores','920162142',0,'',0,2020,85,16,105,4,131,'080901'),(121,'2022-12-29 11:53:49.670273','2022-12-29 11:59:39.778871',1,'ES',4,'SANIRIATO',1,'939363881','michaelsoria2021@gmail.com','alvaro','942375374',0,'',0,2019,86,16,485,3,132,'080902'),(122,'2022-12-29 12:06:47.445456','2022-12-29 12:10:33.143817',1,'ES',4,'C.P. - Quellouno',1,'932226790','brayanccorimanyaquispe@gmail.com','Maria','982750399',0,'',0,2021,87,16,278,4,131,'080906'),(123,'2022-12-29 12:41:22.600151','2022-12-29 12:42:33.273141',1,'ES',4,'Sector Paccha Grande s/n',1,'951879831','maricieloapazaastete@gmail.com','Timotea Astete Nuñez','968565855',0,'',0,2020,88,16,104,4,132,'080901'),(124,'2022-12-29 16:14:09.234520','2022-12-29 16:16:38.393214',1,'ES',4,'JR. BOLIVAR B12',1,'984888933','emilseluquepuma@yahoo.es','EMILSE LUQUE PUMA','916726897',0,'',0,2021,89,16,104,3,132,'080901'),(125,'2022-12-29 18:20:31.420013','2022-12-29 18:22:03.209565',1,'ES',4,'Jr. Gamarra s/n',1,'950214488','johanttito459@gmail.com','Mauro Ttito Flores','994956458',0,'',0,2020,90,16,653,3,132,'080902'),(126,'2022-12-29 19:54:21.692224','2022-12-29 19:57:02.660968',1,'ES',4,'Quillabamba',1,'902055904','Lucerochampi6@gmail.com','Louerdes Forton sanchez','951504179',0,'',0,2015,91,18,108,2,136,'080901'),(127,'2022-12-29 22:18:42.169543','2022-12-30 11:41:00.487948',1,'ES',4,'Jr. Ollanta  237',1,'959560405','huamancamila36@gmail.com','Dora Luz Andy Arisaca Villavicencio','918473051',0,'',0,2021,92,16,104,2,132,'080901'),(128,'2022-12-30 08:07:45.083060','2022-12-30 10:45:44.231587',1,'ES',4,'Av.Edgar de la Torre 1125',1,'976508423','redymarceloc@gmail.com','Karla Ximena Centeno Chavez','962549939',0,'',0,2019,93,16,105,3,131,'080901'),(129,'2022-12-30 09:18:04.654208','2022-12-30 09:30:56.346857',1,'ES',4,'Barrial Alta calle San Carlos',1,'900868426','Personalcuent@hotmail.com','Antonina Ccala Armuto','901566595',0,'',0,2021,94,18,110,2,136,'080901'),(130,'2022-12-30 14:31:44.197432','2022-12-30 14:31:44.197461',1,'ES',1,NULL,0,'993355165','yajairahuillca08@gmail.com','Gavina Zanabria Sanchez','938958781',0,'',0,NULL,95,17,NULL,NULL,NULL,NULL),(131,'2022-12-30 14:31:44.199917','2022-12-30 14:31:44.199962',1,'ES',1,NULL,0,'993355165','yajairahuillca08@gmail.com','Gavina Zanabria Sanchez','938958781',0,'',0,NULL,95,17,NULL,NULL,NULL,NULL),(132,'2022-12-30 14:31:44.761636','2022-12-30 14:35:26.413017',1,'ES',4,'Alto santiago',1,'993355165','yajairahuillca08@gmail.com','Gavina Zanabria Sanchez','938958781',0,'',0,2021,95,17,755,2,133,'080906'),(133,'2022-12-30 15:48:39.114467','2022-12-30 15:50:11.431110',1,'ES',4,'SECTOR BOMBOHUACTANA S/N',1,'951720119','ruthnelycq@gmail.com','RUTH NELY CHECCA QUISPE','951720119',0,'',0,2016,96,17,22,4,133,'080906'),(134,'2022-12-30 18:53:03.934567','2022-12-30 19:03:51.458670',1,'ES',4,'Vía Sambaray S/N',1,'915207776','Torres2002abril@hotmail.com','','',0,'',0,2018,97,18,491,3,136,'080901'),(135,'2022-12-31 06:44:10.639000','2022-12-31 06:47:44.288709',1,'ES',4,'Jr esmeralda',1,'992076253','lizrodriguezttito2703@gmail.com','cirila ttito salas','967946885',0,'',0,2013,98,16,105,4,132,'080902'),(136,'2022-12-31 10:15:16.718817','2022-12-31 10:15:16.718836',1,'ES',1,NULL,0,'996608636','Clumv@hotmail.com','Yesica quintana morales','932242354',0,'',0,NULL,99,16,NULL,NULL,NULL,NULL),(137,'2022-12-31 17:31:03.826149','2022-12-31 17:35:13.867429',1,'ES',4,'30 de agosto man2',1,'928310598','chuctayaccoto@gmail.com','asunta ccoto luque','969118226',0,'',0,2020,100,18,655,4,136,'080901'),(138,'2023-01-01 10:13:35.028263','2023-01-01 10:15:39.536407',1,'ES',4,'Chinche',1,'912197081','Jorgedatos321@gmail.com','Maritza Franco huaman','99603115',0,'',0,2018,101,16,36,4,131,'080904'),(139,'2023-01-01 15:51:55.768750','2023-01-01 15:59:33.948581',1,'ES',4,'Jr.26 de Julio',1,'904422055','seelerjafet@gmail.com','Bernice','984252688',0,'',0,2020,102,18,105,3,136,'080901'),(141,'2023-01-02 08:39:25.045876','2023-01-02 08:48:03.418606',1,'ES',4,'JR.4 DE NOVIEMBRE K-13 SANTA ANA LA',1,'980973028','sanchezjosshet@gmail.com','Claudia','941083066',0,'',0,2021,104,16,104,3,131,'080901'),(143,'2023-01-02 08:47:43.927061','2023-01-02 08:49:05.937175',1,'ES',4,'echarate',1,'994938329','Mt4235882@gmail.com','rene','',0,'',0,2019,103,16,631,2,132,'080902'),(144,'2023-01-02 10:54:00.846822','2023-01-02 11:07:34.320961',1,'ES',4,'Geranios 765 qorichancha',1,'957302286','Mendoza18ayquipa@gmail.com','Luzmila ayquipa navarrete','930101495',0,'',0,2005,105,16,593,2,131,'080401'),(145,'2023-01-02 12:49:45.407019','2023-01-02 12:52:03.390633',1,'ES',4,'Jr. Ricardo Palma Y8',1,'953412513','ersutederpo@gmail.com','Yony Cuadros Rojas','964752606',0,'',0,2021,106,16,129,3,132,'080901'),(146,'2023-01-02 13:55:34.582228','2023-01-02 14:00:32.745339',1,'ES',4,'Psj glorieta',1,'927410263','ehuleryurie@gmail.com','Thalia','993075321',0,'',0,2021,107,18,122,4,136,'080901'),(147,'2023-01-02 14:04:56.741271','2023-01-02 14:07:42.508343',1,'ES',4,'Psj glorieta',1,'993075321','duenasthalia1@gmail.com','Jorge Armando','974526143',0,'',0,2017,108,18,107,4,136,'080901'),(148,'2023-01-02 15:23:58.186222','2023-01-02 15:26:43.555630',1,'ES',4,'Urbanización las joyas AA-1',1,'969537124','gmail.comMamanirosbel4@gmail.com','Casiana','973913376',0,'',0,2008,109,17,876,3,134,'080105'),(149,'2023-01-02 17:41:34.927789','2023-01-02 17:43:54.259007',1,'ES',4,'APV VIRGEN ROSARIO',1,'963154560','wilmerrivera316@gmail.com','MAXIMILIANO','',0,'',0,2015,110,17,883,3,134,'080106'),(150,'2023-01-02 22:16:59.498120','2023-01-03 09:39:56.363915',1,'ES',4,'Jr Luis Nieto Miranda',1,'951526110','ruthdayana1992@gmail.com','RUTH DAYAN ROMERO CAHUANA','967095368',0,'',0,2021,111,16,110,4,132,'080901'),(152,'2023-01-03 08:59:17.480831','2023-01-03 09:02:29.329450',1,'ES',4,'Mandor Maranura',1,'917406524','gerardoqricalde@gmail.com','Elias Quispe Torres','925894831',0,'',0,2021,113,18,707,3,136,'080904'),(153,'2023-01-03 08:59:29.623498','2023-01-03 08:59:29.623520',1,'ES',1,NULL,0,'973676475','Neyddanrb@gmail.com','Dacely','973676475',0,'',0,NULL,114,17,NULL,NULL,NULL,NULL),(154,'2023-01-03 09:02:24.687248','2023-01-03 09:06:10.265793',1,'ES',4,'Jirón pangoa N-17',1,'974399276','Carlewis2004carpio1@gmail.com','Laura Carpio quispe','950352855',0,'',0,2021,115,18,121,3,136,'080901'),(155,'2023-01-03 09:13:42.889487','2023-01-03 09:15:32.517466',1,'ES',4,'C.p.pavayoc',1,'993956431','emersonfernandovargaspatilla@gmail.com','Fructuoso vargas','984137450',0,'',0,2020,112,16,278,2,132,'080901'),(156,'2023-01-03 09:20:51.785776','2023-01-03 09:20:51.785832',1,'ES',1,NULL,0,'974399276','Carlewis2004carpio1@gmail.com','Laura Carpio quispe','950352855',0,'',0,NULL,115,18,NULL,NULL,NULL,NULL),(157,'2023-01-03 09:20:51.844217','2023-01-03 09:21:58.376519',1,'ES',4,'Jirón pangoa N-17',1,'974399276','Carlewis2004carpio1@gmail.com','Laura Carpio quispe','950352855',0,'',0,2021,115,18,121,3,136,'080901'),(158,'2023-01-03 09:46:08.450605','2023-01-03 09:49:54.620608',1,'ES',4,'Mazapata',1,'902213064','Cquispeflorez@gmail.com','Urbano Quispe Marcavillaca','915066882',0,'',0,2021,116,18,129,4,136,'080901'),(159,'2023-01-03 09:53:59.980409','2023-01-03 09:57:37.875041',1,'ES',4,'mandor',1,'938191388','winderespinoza20@gmail.com','alicia','966202585',0,'',0,2019,117,16,105,4,132,'080901'),(160,'2023-01-03 10:04:37.344448','2023-01-03 10:06:19.079725',1,'ES',4,'jr.Vilcabamba',1,'941015403','edijosephuamanachahui@gmail.com','Edith Achahui Balta','935264799',0,'',0,2021,118,16,105,3,132,'080901'),(161,'2023-01-03 10:08:39.053924','2023-01-03 10:17:15.352017',1,'ES',4,'circunvalacion nª',1,'914274754','gonzalesosccoluzmariela@gmail.com','francisco gonzales quinto','993096179',0,'',0,2021,119,16,107,2,131,'080901'),(162,'2023-01-03 10:21:59.805912','2023-01-03 10:25:05.730915',1,'ES',4,'Jr. Urpipata T-4',1,'982709397','aespinozachunquita@gmail.com','Jercy Espinoza Quiñones','984186160',0,'',0,2021,120,16,105,3,132,'080901'),(163,'2023-01-03 10:26:26.904412','2023-01-03 10:27:29.069942',1,'ES',4,'jr.Vilcabamba',1,'941015403','edijosephuamanachahui@gmail.com','Edith Achahui Balta','935264799',0,'',0,2021,118,16,105,3,132,'080901'),(164,'2023-01-03 10:31:32.157902','2023-01-03 10:33:14.640856',1,'ES',4,'Jr. Vilcabamba',1,'941015403','edijosephuamanachahui@gmail.com','Edith Achahui Balta','935264799',0,'',0,2021,118,16,105,3,132,'080901'),(165,'2023-01-03 10:45:16.606506','2023-01-03 10:46:54.601535',1,'ES',4,'Mazapata',1,'902213064','Cquispeflorez@gmail.com','Urbano Quispe Marcavillaca','915066882',0,'',0,2021,116,16,129,4,132,'080901'),(166,'2023-01-03 10:50:13.357106','2023-01-03 10:52:46.369089',1,'ES',4,'macamango',1,'974699366','robertepu02@gmail.com','maria miluzca','974699366',0,'',0,2019,121,16,633,3,132,'080902'),(167,'2023-01-03 10:55:45.335781','2023-01-03 10:57:49.645537',1,'ES',4,'Santa ana',1,'967252504','maripuma1999@gmail.com','Valeria Meza Riveros','975514925',0,'',0,2016,122,16,111,2,132,'080901'),(168,'2023-01-03 10:59:54.454048','2023-01-03 11:00:46.057978',1,'ES',4,'jr.Vilcabamba',1,'941015403','edijosephuamanachahui@gmail.com','Edith Achahui Balta','935264799',0,'',0,2021,118,16,105,3,132,'080901'),(169,'2023-01-03 11:04:38.746182','2023-01-03 11:07:32.249782',1,'ES',4,'Serranuyoc Bajo s/n.',1,'944637142','manuelcesarmarcazavaleta@gmail.com','Judith Zavaleta Vergara','984933403',0,'',0,2013,123,16,896,3,132,'080901'),(170,'2023-01-03 11:37:45.248938','2023-01-03 11:37:45.248965',1,'ES',1,NULL,0,'974399276','Carlewis2004carpio1@gmail.com','Laura Carpio quispe','950352855',0,'',0,NULL,115,18,NULL,NULL,NULL,NULL),(171,'2023-01-03 11:37:45.710098','2023-01-03 11:37:45.710121',1,'ES',1,NULL,0,'974399276','Carlewis2004carpio1@gmail.com','Laura Carpio quispe','950352855',0,'',0,NULL,115,18,NULL,NULL,NULL,NULL),(172,'2023-01-03 11:37:46.081482','2023-01-03 11:37:46.081505',1,'ES',1,NULL,0,'974399276','Carlewis2004carpio1@gmail.com','Laura Carpio quispe','950352855',0,'',0,NULL,115,18,NULL,NULL,NULL,NULL),(173,'2023-01-03 11:37:46.855539','2023-01-03 11:37:46.855566',1,'ES',1,NULL,0,'974399276','Carlewis2004carpio1@gmail.com','Laura Carpio quispe','950352855',0,'',0,NULL,115,18,NULL,NULL,NULL,NULL),(174,'2023-01-03 11:37:51.871584','2023-01-03 11:37:51.871617',1,'ES',1,NULL,0,'974399276','Carlewis2004carpio1@gmail.com','Laura Carpio quispe','950352855',0,'',0,NULL,115,18,NULL,NULL,NULL,NULL),(175,'2023-01-03 11:38:05.296915','2023-01-03 11:39:54.241588',1,'ES',4,'Jirón pangoa N-17',1,'974399276','Carlewis2004carpio1@gmail.com','Laura Carpio quispe','950352855',0,'',0,2021,115,18,121,3,136,'080901'),(176,'2023-01-03 11:44:53.858879','2023-01-03 11:47:12.203519',1,'ES',4,'Jr. Jaramilluyoc - Los Heroes',1,'974230414','lopezitusacarodrigo@gmail.com','Ines Itusaca Condori','984982831',0,'',0,2019,124,18,104,3,136,'080901'),(177,'2023-01-03 11:52:33.738048','2023-01-03 11:57:09.753214',1,'ES',4,'cochapampa-echarate',1,'954865155','frankleninssotovargas@gmail.com','','',0,'',0,2020,125,16,631,4,131,'080902'),(178,'2023-01-03 11:53:02.981802','2023-01-03 11:56:49.495485',1,'ES',4,'Calle. Pachacutec  #J-23',1,'932742193','fhertq@gmail.com','Copertina Dueñas Parqui','920642579',0,'',0,2020,126,18,112,3,136,'080901'),(179,'2023-01-03 12:03:30.931483','2023-01-03 12:05:04.546495',1,'ES',4,'Psj. Pachiri S-5',1,'946124198','fabriziorivas69@gmail.com','Zoila Sadyth Muñoz Jara','944906324',0,'',0,2020,127,16,118,3,132,'080901'),(180,'2023-01-03 12:04:59.647117','2023-01-03 12:13:01.528663',1,'ES',4,'Jr. 4 de noviembre',1,'929998304','bcondori340@gmail.com','Norma Leon Alvarez','910394456',0,'',0,2019,128,16,912,2,132,'080901'),(181,'2023-01-03 12:21:18.764739','2023-01-03 12:24:35.265719',1,'ES',4,'barrial alta por centencia',1,'940458516','marcotorressantos76@gmail.com','Hilda santos sarmiento','989380458',0,'',0,2020,129,16,278,3,132,'080906'),(182,'2023-01-03 12:26:50.692153','2023-01-03 12:32:56.582802',1,'ES',4,'JR. LOS GIRASOLES S/N URB. MOTEMOTE',1,'996608636','clumv@hotmail.com','YESICA QUINTANA MORALES','932242354',0,'',0,2021,99,17,506,3,133,'080901'),(183,'2023-01-03 12:30:35.271743','2023-01-03 12:32:17.673877',1,'ES',4,'Vilcabamba',1,'948797300','juanwaldirdavalosmendoza83@gmail.com','Astelia Davalos Mendoza','987667839',0,'',0,2021,130,17,886,2,133,'080909'),(184,'2023-01-03 12:34:14.215955','2023-01-03 15:05:16.789349',1,'ES',4,'centro poblado de echarati',1,'951093152','kenyijameslogan@gmail.com','raul lira huaita','951093150',0,'',0,2021,131,17,631,3,134,'080902'),(185,'2023-01-03 12:39:10.033749','2023-01-03 12:41:09.037716',1,'ES',4,'Mariscal caceres  C7',1,'974258955','flormelvega@gmail.com','Areli Huaman Pedraza','944075555',0,'',0,2023,132,16,104,3,132,'080901'),(186,'2023-01-03 12:40:31.514942','2023-01-03 12:41:27.028221',1,'ES',4,'JR. LOS GIRASOLES S/N URB. MOTEMOTE',1,'996608636','CLUMV@HOTMAIL.COM','YESICA QUINTANA MORALES','932242354',0,'',0,2021,99,18,506,3,135,'080901'),(187,'2023-01-03 12:50:28.456275','2023-01-03 12:55:29.981650',1,'ES',4,'Sector Alto Putucusi',1,'942248633','nickolascalderon1236@gmail.com','NEIL CALDERON PAREDES','940820320',0,'',0,2022,133,16,753,3,132,'080906'),(188,'2023-01-03 12:55:08.104168','2023-01-03 12:59:45.615282',1,'ES',4,'amaybamba',1,'931229354','marcocornejohuaman324@gmail.com','francisco cornejo salas','974466755',0,'',0,2021,134,16,702,3,132,'080903'),(189,'2023-01-03 13:01:56.104876','2023-01-03 13:02:50.779698',1,'ES',2,'Jirón aputinya',0,'937561660','maritsajm@gmail.com','Libia','940840698',0,'',0,NULL,135,16,NULL,NULL,NULL,'080902'),(190,'2023-01-03 13:06:46.827587','2023-01-03 13:08:47.972217',1,'ES',4,'Jirón aputinya',1,'937561660','maritsajm@gmail.com','Libia','940840698',0,'',0,2023,135,16,631,3,132,'080902'),(193,'2023-01-03 14:40:34.589129','2023-01-03 14:44:05.392295',1,'ES',4,'Centro Poblado de Huancacalle',1,'981952906','alexanderluquealvarez0710@gmail.com','mayte luque alvarez','962178384',0,'',0,2021,136,18,892,3,135,'080909'),(194,'2023-01-03 15:14:04.075034','2023-01-03 15:24:47.757471',1,'ES',4,'30 de agosto con psj manco segundo',1,'928310598','Chuctayaccoto@gmail.com','Asunta','987009484',0,'',0,2016,100,16,655,4,132,'080901'),(195,'2023-01-03 15:35:46.873755','2023-01-03 15:38:08.423721',1,'ES',4,'vilcabamba',1,'948797300','juanwaldirdavalosmendoza83@gmail.com','astelia davalos mendoza','987667839',0,'',0,2021,130,16,886,2,131,'080909'),(196,'2023-01-03 16:01:12.252960','2023-01-03 16:03:14.995791',1,'ES',4,'Jr. 4 de noviembre',1,'901783483','jalvataype@gmail.com','Diana Carolina Alva Taype','900955805',0,'',0,2021,137,16,104,2,132,'080901'),(197,'2023-01-03 16:06:33.148683','2023-01-03 16:09:52.965829',1,'ES',4,'PAVAYOC-tomasa tito condemayta',1,'942216749','ximenatintayarivera@gmail.com','JULIA RIVERA QUIPE','953780584',0,'',0,2021,138,16,105,4,132,'080901'),(198,'2023-01-03 16:17:01.696314','2023-01-03 16:19:16.426389',1,'ES',4,'sector Aranjuez',1,'944502434','andreaenciso583@gmail.com','Tomas Enciso Huaman','974384228',0,'',0,2021,139,16,127,2,132,'080901'),(199,'2023-01-03 16:36:44.568693','2023-01-03 16:38:10.907030',1,'ES',3,'Jr. Los girasoles S/N',0,'996608636','valeriachavezquintana@gmail.com','Yesica Quintana Morales','932242354',0,'',0,2021,99,18,506,NULL,NULL,'080901'),(200,'2023-01-03 16:41:32.303769','2023-01-03 16:44:26.592463',1,'ES',4,'Poblado echarati',1,'961685012','darwinsanchezlaura14@gmail.com','Ana sofia','926485886',0,'',0,2020,140,18,631,3,135,'080902'),(201,'2023-01-03 16:59:24.699715','2023-01-03 17:26:18.799915',1,'ES',4,'JR MANDOR',1,'961682162','Brayan.bc147852@gmail.com','Maribel Contreras Palomino','962233243',0,'',0,2019,141,16,104,2,132,'080901'),(202,'2023-01-03 17:10:49.748315','2023-01-03 18:06:01.858466',1,'ES',4,'Idma Esmeralda',1,'947648958','pumacabrerajennifermilagros@gmail.com','Diana Puma Cabrera','945147944',0,'',0,2020,142,16,104,4,132,'080901'),(203,'2023-01-03 17:39:06.911292','2023-01-03 17:40:42.090209',1,'ES',2,'Pasaje florida',0,'920731946','andresavelinocaceresbolege@gmail.com','Karina','986092215',0,'',0,NULL,143,18,NULL,NULL,NULL,'080901'),(204,'2023-01-03 19:08:28.807674','2023-01-03 19:11:42.892446',1,'ES',4,'Urpipata Alta - Quillabamba',1,'941900617','pedromolinacenteno@gmail.com','Juan Pedro Molina Centeno','941900617',0,'',0,2018,144,16,105,3,132,'080901'),(205,'2023-01-03 23:00:28.379516','2023-01-03 23:08:40.306154',1,'ES',4,'Pintobamba',1,'928808447','sheccidponce@gmail.com','José Antonio Gonzales Garcia','925642476',0,'',0,2020,145,16,118,3,132,'080901');
/*!40000 ALTER TABLE `app_preinscripcion` ENABLE KEYS */;
UNLOCK TABLES;

--
-- Table structure for table `app_registro_tesoreria`
--

DROP TABLE IF EXISTS `app_registro_tesoreria`;
/*!40101 SET @saved_cs_client     = @@character_set_client */;
/*!40101 SET character_set_client = utf8 */;
CREATE TABLE `app_registro_tesoreria` (
  `id` bigint(20) NOT NULL AUTO_INCREMENT,
  `fecha_registro` datetime(6) NOT NULL,
  `fecha_actualizacion` datetime(6) NOT NULL,
  `esta_pagado` tinyint(1) NOT NULL,
  `modalidad_pago` varchar(40) DEFAULT NULL,
  `fecha_pago` date DEFAULT NULL,
  `admin_id` bigint(20) DEFAULT NULL,
  `id_detalle_compromiso_id` bigint(20) NOT NULL,
  PRIMARY KEY (`id`),
  KEY `app_registro_tesoreria_admin_id_e6d77f86_fk_app_administrador_id` (`admin_id`),
  KEY `app_registro_tesorer_id_detalle_compromis_668a208f_fk_app_detal` (`id_detalle_compromiso_id`),
  CONSTRAINT `app_registro_tesorer_id_detalle_compromis_668a208f_fk_app_detal` FOREIGN KEY (`id_detalle_compromiso_id`) REFERENCES `app_detalle_compromiso_de_pago` (`id`),
  CONSTRAINT `app_registro_tesoreria_admin_id_e6d77f86_fk_app_administrador_id` FOREIGN KEY (`admin_id`) REFERENCES `app_administrador` (`id`)
) ENGINE=InnoDB AUTO_INCREMENT=162 DEFAULT CHARSET=latin1;
/*!40101 SET character_set_client = @saved_cs_client */;

--
-- Dumping data for table `app_registro_tesoreria`
--

LOCK TABLES `app_registro_tesoreria` WRITE;
/*!40000 ALTER TABLE `app_registro_tesoreria` DISABLE KEYS */;
INSERT INTO `app_registro_tesoreria` VALUES (1,'2022-12-26 08:48:59.443906','2022-12-26 08:48:59.443929',0,'',NULL,NULL,1),(2,'2022-12-26 08:48:59.459163','2022-12-26 08:48:59.459209',0,'',NULL,NULL,2),(3,'2022-12-27 12:12:38.077929','2022-12-27 12:12:38.077950',0,'',NULL,NULL,3),(4,'2022-12-27 12:12:38.087661','2022-12-27 12:12:38.087677',0,'',NULL,NULL,4),(5,'2022-12-27 12:30:27.771762','2022-12-27 12:30:27.771782',0,'',NULL,NULL,5),(6,'2022-12-27 13:52:27.521522','2022-12-27 13:52:27.521550',0,'',NULL,NULL,6),(7,'2022-12-27 13:52:27.530551','2022-12-27 13:52:27.530564',0,'',NULL,NULL,7),(8,'2022-12-27 13:59:41.346062','2022-12-29 15:28:53.304164',1,'','2022-12-29',4,8),(9,'2022-12-27 14:20:16.598050','2022-12-27 14:20:16.598078',0,'',NULL,NULL,9),(10,'2022-12-27 14:20:16.607822','2022-12-27 14:20:16.607840',0,'',NULL,NULL,10),(11,'2022-12-27 15:08:29.670715','2022-12-27 15:08:29.670744',0,'',NULL,NULL,11),(12,'2022-12-27 15:08:29.678268','2022-12-27 15:08:29.678283',0,'',NULL,NULL,12),(13,'2022-12-27 18:20:08.732559','2022-12-29 08:40:13.822490',1,'','2022-12-29',4,13),(14,'2022-12-27 22:50:27.072345','2022-12-27 22:50:27.072364',0,'',NULL,NULL,14),(15,'2022-12-27 22:50:27.082705','2022-12-27 22:50:27.082720',0,'',NULL,NULL,15),(16,'2022-12-27 23:18:48.666276','2022-12-27 23:18:48.666294',0,'',NULL,NULL,16),(17,'2022-12-27 23:18:48.674672','2022-12-27 23:18:48.674688',0,'',NULL,NULL,17),(18,'2022-12-28 07:30:22.584777','2022-12-28 07:30:22.584795',0,'',NULL,NULL,18),(19,'2022-12-28 07:51:52.638381','2022-12-28 07:51:52.638407',0,'',NULL,NULL,19),(20,'2022-12-28 09:03:20.916056','2022-12-28 09:03:20.916079',0,'',NULL,NULL,20),(21,'2022-12-28 09:03:20.924901','2022-12-28 09:03:20.924922',0,'',NULL,NULL,21),(22,'2022-12-28 09:48:10.896047','2022-12-28 12:22:33.859268',1,'','2022-12-28',4,22),(23,'2022-12-28 09:52:44.209033','2022-12-28 09:52:44.209057',0,'',NULL,NULL,23),(26,'2022-12-28 11:41:28.200985','2022-12-28 11:41:28.201012',0,'',NULL,NULL,26),(27,'2022-12-28 12:06:10.511938','2022-12-28 15:44:22.464694',1,'','2022-12-28',4,27),(28,'2022-12-28 12:06:10.520255','2022-12-28 12:06:10.520271',0,'',NULL,NULL,28),(29,'2022-12-28 17:57:36.903135','2022-12-29 08:55:02.106386',1,'','2022-12-29',4,29),(30,'2022-12-28 18:00:35.906201','2022-12-28 19:17:23.055223',1,'','2022-12-28',2,30),(31,'2022-12-28 18:00:35.915234','2022-12-28 18:00:35.915251',0,'',NULL,NULL,31),(32,'2022-12-28 18:08:58.897411','2022-12-28 18:08:58.897437',0,'',NULL,NULL,32),(33,'2022-12-28 18:28:52.925624','2022-12-28 18:28:52.925641',0,'',NULL,NULL,33),(34,'2022-12-28 18:28:52.932228','2022-12-28 18:28:52.932242',0,'',NULL,NULL,34),(35,'2022-12-28 18:51:05.599167','2022-12-28 19:17:42.910055',1,'','2022-12-28',2,35),(36,'2022-12-28 18:51:05.608385','2022-12-28 18:51:05.608401',0,'',NULL,NULL,36),(37,'2022-12-29 08:11:28.647297','2022-12-29 08:11:28.647331',0,'',NULL,NULL,37),(38,'2022-12-29 08:11:28.656270','2022-12-29 08:11:28.656290',0,'',NULL,NULL,38),(39,'2022-12-29 10:35:04.003106','2022-12-29 10:48:32.923628',1,'','2022-12-29',4,39),(40,'2022-12-29 11:59:41.188460','2022-12-29 15:27:46.246218',1,'','2022-12-29',4,40),(41,'2022-12-29 11:59:41.196911','2022-12-29 15:27:46.886228',1,'','2022-12-29',4,41),(42,'2022-12-29 12:10:34.618492','2022-12-29 15:26:00.659490',1,'','2022-12-29',4,42),(43,'2022-12-29 12:42:34.622156','2022-12-29 12:55:00.366385',1,'','2022-12-29',4,43),(44,'2022-12-29 12:42:34.630715','2022-12-29 12:42:34.630729',0,'',NULL,NULL,44),(45,'2022-12-29 16:16:38.668316','2022-12-29 16:16:38.668335',0,'',NULL,NULL,45),(46,'2022-12-29 16:16:38.676743','2022-12-29 16:16:38.676773',0,'',NULL,NULL,46),(47,'2022-12-29 18:22:08.591438','2022-12-29 18:50:36.735908',1,'','2022-12-29',4,47),(48,'2022-12-29 18:22:08.599140','2022-12-29 18:22:08.599156',0,'',NULL,NULL,48),(49,'2022-12-29 19:57:03.970928','2022-12-29 19:57:03.970954',0,'',NULL,NULL,49),(50,'2022-12-29 19:57:03.979324','2022-12-29 19:57:03.979340',0,'',NULL,NULL,50),(51,'2022-12-30 09:30:57.803141','2022-12-30 11:56:03.758239',1,'','2022-12-30',4,51),(52,'2022-12-30 09:30:57.812833','2022-12-30 09:30:57.812850',0,'',NULL,NULL,52),(53,'2022-12-30 10:45:45.959179','2022-12-30 10:45:45.959206',0,'',NULL,NULL,53),(54,'2022-12-30 11:41:00.945279','2022-12-30 11:41:00.945326',0,'',NULL,NULL,54),(55,'2022-12-30 11:41:00.955910','2022-12-30 11:41:00.955932',0,'',NULL,NULL,55),(56,'2022-12-30 14:35:28.066001','2022-12-30 14:35:28.066032',0,'',NULL,NULL,56),(57,'2022-12-30 15:50:18.570176','2022-12-30 20:18:47.868512',1,'','2022-12-30',4,57),(58,'2022-12-30 19:03:52.931642','2022-12-30 19:03:52.931667',0,'',NULL,NULL,58),(59,'2022-12-30 19:03:52.940867','2022-12-30 19:03:52.940885',0,'',NULL,NULL,59),(60,'2022-12-31 06:47:51.384888','2022-12-31 06:47:51.384911',0,'',NULL,NULL,60),(61,'2022-12-31 06:47:51.394348','2022-12-31 06:47:51.394365',0,'',NULL,NULL,61),(62,'2022-12-31 17:35:20.044862','2022-12-31 17:35:20.044884',0,'',NULL,NULL,62),(63,'2022-12-31 17:35:20.053954','2022-12-31 17:35:20.053973',0,'',NULL,NULL,63),(64,'2023-01-01 10:15:46.522755','2023-01-03 10:10:06.238608',1,'','2023-01-03',7,64),(65,'2023-01-01 15:59:39.550982','2023-01-01 15:59:39.551007',0,'',NULL,NULL,65),(66,'2023-01-01 15:59:39.559263','2023-01-01 15:59:39.559279',0,'',NULL,NULL,66),(69,'2023-01-02 08:48:03.922909','2023-01-03 12:03:39.512680',1,'','2023-01-03',7,69),(70,'2023-01-02 08:49:06.371204','2023-01-03 15:16:05.671138',1,'','2023-01-03',4,70),(71,'2023-01-02 08:49:06.379807','2023-01-02 08:49:06.379821',0,'',NULL,NULL,71),(72,'2023-01-02 11:07:35.694716','2023-01-02 11:07:35.694747',0,'',NULL,NULL,72),(73,'2023-01-02 12:10:34.015325','2023-01-02 12:10:34.015351',0,'',NULL,NULL,73),(74,'2023-01-02 12:10:34.023729','2023-01-02 12:10:34.023746',0,'',NULL,NULL,74),(75,'2023-01-02 12:52:04.928532','2023-01-02 12:52:04.928562',0,'',NULL,NULL,75),(76,'2023-01-02 12:52:04.938810','2023-01-02 12:52:04.938829',0,'',NULL,NULL,76),(77,'2023-01-02 14:00:38.942627','2023-01-02 14:00:38.942648',0,'',NULL,NULL,77),(78,'2023-01-02 14:00:38.950852','2023-01-02 14:00:38.950865',0,'',NULL,NULL,78),(79,'2023-01-02 14:07:44.065488','2023-01-02 14:07:44.065518',0,'',NULL,NULL,79),(80,'2023-01-02 14:07:44.075463','2023-01-02 14:07:44.075483',0,'',NULL,NULL,80),(81,'2023-01-02 15:26:44.975191','2023-01-02 15:26:44.975217',0,'',NULL,NULL,81),(82,'2023-01-02 15:26:44.984641','2023-01-02 15:26:44.984659',0,'',NULL,NULL,82),(83,'2023-01-02 17:44:01.106620','2023-01-02 17:44:01.106646',0,'',NULL,NULL,83),(84,'2023-01-02 17:44:01.115658','2023-01-02 17:44:01.115675',0,'',NULL,NULL,84),(85,'2023-01-03 09:02:34.566051','2023-01-03 09:02:34.566069',0,'',NULL,NULL,85),(86,'2023-01-03 09:02:34.573315','2023-01-03 09:02:34.573330',0,'',NULL,NULL,86),(87,'2023-01-03 09:06:11.961932','2023-01-03 16:28:51.635184',1,'','2023-01-03',7,87),(88,'2023-01-03 09:06:11.969937','2023-01-03 09:06:11.969951',0,'',NULL,NULL,88),(89,'2023-01-03 09:15:33.976674','2023-01-03 09:50:00.196110',1,'','2023-01-03',4,89),(90,'2023-01-03 09:15:33.985340','2023-01-03 09:15:33.985356',0,'',NULL,NULL,90),(91,'2023-01-03 09:21:58.740639','2023-01-03 09:21:58.740667',0,'',NULL,NULL,91),(92,'2023-01-03 09:21:58.748806','2023-01-03 09:21:58.748823',0,'',NULL,NULL,92),(93,'2023-01-03 09:39:57.643125','2023-01-03 09:39:57.643151',0,'',NULL,NULL,93),(94,'2023-01-03 09:39:57.652876','2023-01-03 09:39:57.652894',0,'',NULL,NULL,94),(95,'2023-01-03 09:49:55.122584','2023-01-03 09:49:55.122607',0,'',NULL,NULL,95),(96,'2023-01-03 09:49:55.131932','2023-01-03 09:49:55.131949',0,'',NULL,NULL,96),(97,'2023-01-03 09:57:38.193360','2023-01-03 09:57:38.193382',0,'',NULL,NULL,97),(98,'2023-01-03 09:57:38.201415','2023-01-03 09:57:38.201428',0,'',NULL,NULL,98),(99,'2023-01-03 10:06:21.008669','2023-01-03 16:13:53.187826',1,'','2023-01-03',7,99),(100,'2023-01-03 10:06:21.017151','2023-01-03 10:06:21.017168',0,'',NULL,NULL,100),(101,'2023-01-03 10:17:16.677513','2023-01-03 10:17:16.677539',0,'',NULL,NULL,101),(102,'2023-01-03 10:25:07.171152','2023-01-03 15:48:23.364965',1,'','2023-01-03',4,102),(103,'2023-01-03 10:25:07.178779','2023-01-03 10:25:07.178797',0,'',NULL,NULL,103),(104,'2023-01-03 10:27:29.562858','2023-01-03 10:27:29.562885',0,'',NULL,NULL,104),(105,'2023-01-03 10:27:29.572168','2023-01-03 10:27:29.572185',0,'',NULL,NULL,105),(106,'2023-01-03 10:33:14.980971','2023-01-03 10:33:14.980994',0,'',NULL,NULL,106),(107,'2023-01-03 10:33:14.990698','2023-01-03 10:33:14.990712',0,'',NULL,NULL,107),(108,'2023-01-03 10:46:55.128118','2023-01-03 10:46:55.128138',0,'',NULL,NULL,108),(109,'2023-01-03 10:46:55.136872','2023-01-03 10:46:55.136888',0,'',NULL,NULL,109),(110,'2023-01-03 10:52:47.798949','2023-01-03 10:52:47.798977',0,'',NULL,NULL,110),(111,'2023-01-03 10:52:47.807228','2023-01-03 10:52:47.807245',0,'',NULL,NULL,111),(112,'2023-01-03 10:57:50.297071','2023-01-03 10:57:50.297095',0,'',NULL,NULL,112),(113,'2023-01-03 10:57:50.305106','2023-01-03 10:57:50.305120',0,'',NULL,NULL,113),(114,'2023-01-03 11:00:46.663985','2023-01-03 11:00:46.664016',0,'',NULL,NULL,114),(115,'2023-01-03 11:00:46.673862','2023-01-03 11:00:46.673881',0,'',NULL,NULL,115),(116,'2023-01-03 11:07:39.524160','2023-01-03 11:07:39.524189',0,'',NULL,NULL,116),(117,'2023-01-03 11:07:39.533541','2023-01-03 11:07:39.533560',0,'',NULL,NULL,117),(118,'2023-01-03 11:39:54.927251','2023-01-03 11:39:54.927267',0,'',NULL,NULL,118),(119,'2023-01-03 11:39:54.934437','2023-01-03 11:39:54.934451',0,'',NULL,NULL,119),(120,'2023-01-03 11:47:13.515877','2023-01-03 12:14:48.835548',1,'','2023-01-03',7,120),(121,'2023-01-03 11:47:13.524911','2023-01-03 12:14:49.542678',1,'','2023-01-03',7,121),(122,'2023-01-03 11:56:50.812807','2023-01-03 12:36:13.425100',1,'','2023-01-03',7,122),(123,'2023-01-03 11:56:50.820692','2023-01-03 12:36:14.213524',1,'','2023-01-03',7,123),(124,'2023-01-03 11:57:12.619455','2023-01-03 11:57:12.619476',0,'',NULL,NULL,124),(125,'2023-01-03 12:05:05.143670','2023-01-03 12:05:05.143692',0,'',NULL,NULL,125),(126,'2023-01-03 12:05:05.151803','2023-01-03 12:05:05.151817',0,'',NULL,NULL,126),(127,'2023-01-03 12:13:02.982011','2023-01-03 16:54:05.330278',1,'','2023-01-03',4,127),(128,'2023-01-03 12:13:02.992462','2023-01-03 12:13:02.992482',0,'',NULL,NULL,128),(129,'2023-01-03 12:24:36.578115','2023-01-03 12:24:36.578144',0,'',NULL,NULL,129),(130,'2023-01-03 12:24:36.588499','2023-01-03 12:24:36.588525',0,'',NULL,NULL,130),(131,'2023-01-03 12:32:19.548843','2023-01-03 15:49:01.574923',1,'','2023-01-03',4,131),(132,'2023-01-03 12:32:58.237726','2023-01-03 12:32:58.237755',0,'',NULL,NULL,132),(134,'2023-01-03 12:41:10.748150','2023-01-03 12:41:10.748181',0,'',NULL,NULL,134),(135,'2023-01-03 12:41:10.759361','2023-01-03 12:41:10.759380',0,'',NULL,NULL,135),(136,'2023-01-03 12:41:27.590120','2023-01-03 12:41:27.590150',0,'',NULL,NULL,136),(137,'2023-01-03 12:55:30.294821','2023-01-03 18:11:26.437202',1,'','2023-01-03',7,137),(138,'2023-01-03 12:55:30.303765','2023-01-03 12:55:30.303780',0,'',NULL,NULL,138),(139,'2023-01-03 12:59:45.979260','2023-01-03 15:29:04.525770',1,'','2023-01-03',4,139),(140,'2023-01-03 12:59:45.988883','2023-01-03 12:59:45.988901',0,'',NULL,NULL,140),(141,'2023-01-03 13:08:54.566120','2023-01-03 13:08:54.566144',0,'',NULL,NULL,141),(142,'2023-01-03 13:08:54.574940','2023-01-03 13:08:54.574957',0,'',NULL,NULL,142),(143,'2023-01-03 14:44:06.941751','2023-01-03 14:44:06.941776',0,'',NULL,NULL,143),(144,'2023-01-03 15:05:17.552404','2023-01-03 15:21:25.507579',1,'','2023-01-03',4,144),(145,'2023-01-03 15:05:17.560632','2023-01-03 15:05:17.560649',0,'',NULL,NULL,145),(146,'2023-01-03 15:24:48.217494','2023-01-03 15:24:48.217514',0,'',NULL,NULL,146),(147,'2023-01-03 15:24:48.225417','2023-01-03 15:24:48.225434',0,'',NULL,NULL,147),(148,'2023-01-03 15:38:13.962853','2023-01-03 15:38:13.962877',0,'',NULL,NULL,148),(149,'2023-01-03 16:03:28.708705','2023-01-03 16:03:28.708727',0,'',NULL,NULL,149),(150,'2023-01-03 16:03:28.716821','2023-01-03 16:03:28.716837',0,'',NULL,NULL,150),(151,'2023-01-03 16:09:53.501044','2023-01-03 16:49:44.835408',1,'','2023-01-03',4,151),(152,'2023-01-03 16:09:53.509495','2023-01-03 16:09:53.509513',0,'',NULL,NULL,152),(153,'2023-01-03 16:19:26.208926','2023-01-03 16:19:26.208948',0,'',NULL,NULL,153),(154,'2023-01-03 16:19:26.217659','2023-01-03 16:19:26.217674',0,'',NULL,NULL,154),(155,'2023-01-03 16:44:29.926485','2023-01-03 16:44:29.926514',0,'',NULL,NULL,155),(156,'2023-01-03 18:06:03.344792','2023-01-03 18:27:00.670122',1,'','2023-01-03',7,156),(157,'2023-01-03 18:06:03.354510','2023-01-03 18:06:03.354528',0,'',NULL,NULL,157),(158,'2023-01-03 19:11:44.604388','2023-01-03 19:11:44.604406',0,'',NULL,NULL,158),(159,'2023-01-03 19:11:44.615919','2023-01-03 19:11:44.615935',0,'',NULL,NULL,159),(160,'2023-01-03 23:08:40.906386','2023-01-03 23:08:40.906443',0,'',NULL,NULL,160),(161,'2023-01-03 23:08:40.913942','2023-01-03 23:08:40.913956',0,'',NULL,NULL,161);
/*!40000 ALTER TABLE `app_registro_tesoreria` ENABLE KEYS */;
UNLOCK TABLES;

--
-- Table structure for table `app_resultados_examen_estudiante`
--

DROP TABLE IF EXISTS `app_resultados_examen_estudiante`;
/*!40101 SET @saved_cs_client     = @@character_set_client */;
/*!40101 SET character_set_client = utf8 */;
CREATE TABLE `app_resultados_examen_estudiante` (
  `id` bigint(20) NOT NULL AUTO_INCREMENT,
  `fecha_registro` datetime(6) NOT NULL,
  `fecha_actualizacion` datetime(6) NOT NULL,
  `letra_respuesta` varchar(1) DEFAULT NULL,
  `estado_respuesta` tinyint(1) DEFAULT NULL,
  `id_examen_estudiante_id` bigint(20) NOT NULL,
  `id_preguntas_examen_grupo_id` bigint(20) NOT NULL,
  `nota_respuesta` decimal(5,3) DEFAULT NULL,
  `nro_pregunta` int(10) unsigned DEFAULT NULL,
  PRIMARY KEY (`id`),
  KEY `app_resultados_exame_id_examen_estudiante_8424463f_fk_app_exame` (`id_examen_estudiante_id`),
  KEY `app_resultados_exame_id_preguntas_examen__f86da7a2_fk_app_pregu` (`id_preguntas_examen_grupo_id`),
  CONSTRAINT `app_resultados_exame_id_examen_estudiante_8424463f_fk_app_exame` FOREIGN KEY (`id_examen_estudiante_id`) REFERENCES `app_examen_estudiante` (`id`),
  CONSTRAINT `app_resultados_exame_id_preguntas_examen__f86da7a2_fk_app_pregu` FOREIGN KEY (`id_preguntas_examen_grupo_id`) REFERENCES `app_preguntas_examen_grupo` (`id`)
) ENGINE=InnoDB DEFAULT CHARSET=latin1;
/*!40101 SET character_set_client = @saved_cs_client */;

--
-- Dumping data for table `app_resultados_examen_estudiante`
--

LOCK TABLES `app_resultados_examen_estudiante` WRITE;
/*!40000 ALTER TABLE `app_resultados_examen_estudiante` DISABLE KEYS */;
/*!40000 ALTER TABLE `app_resultados_examen_estudiante` ENABLE KEYS */;
UNLOCK TABLES;

--
-- Table structure for table `app_sede`
--

DROP TABLE IF EXISTS `app_sede`;
/*!40101 SET @saved_cs_client     = @@character_set_client */;
/*!40101 SET character_set_client = utf8 */;
CREATE TABLE `app_sede` (
  `id` bigint(20) NOT NULL AUTO_INCREMENT,
  `fecha_registro` datetime(6) NOT NULL,
  `fecha_actualizacion` datetime(6) NOT NULL,
  `denominacion_sede` varchar(50) NOT NULL,
  `telefono` varchar(50) NOT NULL,
  `direccion` varchar(200) DEFAULT NULL,
  `id_ubigeo_id` varchar(6) NOT NULL,
  PRIMARY KEY (`id`),
  KEY `app_sede_id_ubigeo_id_50765033_fk_app_ubigeo_codigo_ubigeo` (`id_ubigeo_id`),
  CONSTRAINT `app_sede_id_ubigeo_id_50765033_fk_app_ubigeo_codigo_ubigeo` FOREIGN KEY (`id_ubigeo_id`) REFERENCES `app_ubigeo` (`codigo_ubigeo`)
) ENGINE=InnoDB DEFAULT CHARSET=latin1;
/*!40101 SET character_set_client = @saved_cs_client */;

--
-- Dumping data for table `app_sede`
--

LOCK TABLES `app_sede` WRITE;
/*!40000 ALTER TABLE `app_sede` DISABLE KEYS */;
/*!40000 ALTER TABLE `app_sede` ENABLE KEYS */;
UNLOCK TABLES;

--
-- Table structure for table `app_tabla_configuraciones`
--

DROP TABLE IF EXISTS `app_tabla_configuraciones`;
/*!40101 SET @saved_cs_client     = @@character_set_client */;
/*!40101 SET character_set_client = utf8 */;
CREATE TABLE `app_tabla_configuraciones` (
  `id` bigint(20) NOT NULL AUTO_INCREMENT,
  `clave` varchar(100) DEFAULT NULL,
  `valor` varchar(100) DEFAULT NULL,
  `estado` tinyint(1) NOT NULL,
  PRIMARY KEY (`id`)
) ENGINE=InnoDB AUTO_INCREMENT=9 DEFAULT CHARSET=latin1;
/*!40101 SET character_set_client = @saved_cs_client */;

--
-- Dumping data for table `app_tabla_configuraciones`
--

LOCK TABLES `app_tabla_configuraciones` WRITE;
/*!40000 ALTER TABLE `app_tabla_configuraciones` DISABLE KEYS */;
INSERT INTO `app_tabla_configuraciones` VALUES (8,'ruta_sistema','https://cepre.uniq.edu.pe/',1);
/*!40000 ALTER TABLE `app_tabla_configuraciones` ENABLE KEYS */;
UNLOCK TABLES;

--
-- Table structure for table `app_ubigeo`
--

DROP TABLE IF EXISTS `app_ubigeo`;
/*!40101 SET @saved_cs_client     = @@character_set_client */;
/*!40101 SET character_set_client = utf8 */;
CREATE TABLE `app_ubigeo` (
  `fecha_registro` datetime(6) NOT NULL,
  `fecha_actualizacion` datetime(6) NOT NULL,
  `codigo_ubigeo` varchar(6) NOT NULL,
  `nombre` varchar(150) NOT NULL,
  `tipo_ubigeo` varchar(1) NOT NULL,
  PRIMARY KEY (`codigo_ubigeo`)
) ENGINE=InnoDB DEFAULT CHARSET=latin1;
/*!40101 SET character_set_client = @saved_cs_client */;

--
-- Dumping data for table `app_ubigeo`
--

LOCK TABLES `app_ubigeo` WRITE;
/*!40000 ALTER TABLE `app_ubigeo` DISABLE KEYS */;
INSERT INTO `app_ubigeo` VALUES ('2022-06-15 13:43:09.991047','2022-06-15 13:43:09.991085','010000','Amazonas','D'),('2022-09-13 08:54:41.300763','2022-09-13 08:54:41.300789','010100','Chachapoyas','P'),('2022-09-13 08:54:41.360678','2022-09-13 08:54:41.360720','010200','Bagua','P'),('2022-09-13 08:54:44.453777','2022-09-13 08:54:44.453795','010201','Bagua','I'),('2022-09-13 08:54:44.503952','2022-09-13 08:54:44.503991','010202','Aramango','I'),('2022-09-13 08:54:44.561886','2022-09-13 08:54:44.561928','010203','Copallin','I'),('2022-09-13 08:54:44.620412','2022-09-13 08:54:44.620497','010204','El Parco','I'),('2022-09-13 08:54:44.671421','2022-09-13 08:54:44.671466','010205','Imaza','I'),('2022-09-13 08:54:44.728806','2022-09-13 08:54:44.728850','010206','La Peca','I'),('2022-09-13 08:54:41.401039','2022-09-13 08:54:41.401082','010300','Bongará','P'),('2022-09-13 08:54:41.443279','2022-09-13 08:54:41.443322','010400','Condorcanqui','P'),('2022-09-13 08:54:41.484295','2022-09-13 08:54:41.484339','010500','Luya','P'),('2022-09-13 08:54:41.526212','2022-09-13 08:54:41.526256','010600','Rodríguez de Mendoza','P'),('2022-09-13 08:54:41.567981','2022-09-13 08:54:41.568026','010700','Utcubamba','P'),('2022-06-15 13:43:10.221405','2022-06-15 13:43:10.221428','020000','Áncash','D'),('2022-06-22 14:23:18.357028','2022-06-22 14:23:18.357082','020100','Huaraz','P'),('2022-06-22 14:23:18.444505','2022-06-22 14:23:18.444555','020200','Aija','P'),('2022-06-22 14:23:40.036954','2022-06-22 14:23:40.037002','020201','Aija','I'),('2022-06-22 14:23:40.113620','2022-06-22 14:23:40.113648','020202','Coris','I'),('2022-06-22 14:23:40.181172','2022-06-22 14:23:40.181204','020203','Huacllan','I'),('2022-06-22 14:23:40.257987','2022-06-22 14:23:40.258032','020204','La Merced','I'),('2022-06-22 14:23:40.324240','2022-06-22 14:23:40.324280','020205','Succha','I'),('2022-06-22 14:23:18.519559','2022-06-22 14:23:18.519609','020300','Antonio Raymondi','P'),('2022-06-22 14:23:18.594862','2022-06-22 14:23:18.594912','020400','Asunción','P'),('2022-06-22 14:23:18.668263','2022-06-22 14:23:18.668294','020500','Bolognesi','P'),('2022-06-22 14:23:18.744273','2022-06-22 14:23:18.744316','020600','Carhuaz','P'),('2022-06-22 14:23:18.820202','2022-06-22 14:23:18.820252','020700','Carlos Fermín Fitzcarrald','P'),('2022-06-22 14:23:18.953662','2022-06-22 14:23:18.953710','020800','Casma','P'),('2022-06-22 14:23:19.028313','2022-06-22 14:23:19.028361','020900','Corongo','P'),('2022-06-22 14:23:19.128584','2022-06-22 14:23:19.128633','021000','Huari','P'),('2022-06-22 14:23:19.204054','2022-06-22 14:23:19.204104','021100','Huarmey','P'),('2022-06-22 14:23:19.278985','2022-06-22 14:23:19.279035','021200','Huaylas','P'),('2022-06-22 14:23:19.354655','2022-06-22 14:23:19.354704','021300','Mariscal Luzuriaga','P'),('2022-06-22 14:23:19.435048','2022-06-22 14:23:19.435091','021400','Ocros','P'),('2022-06-22 14:23:19.543878','2022-06-22 14:23:19.543927','021500','Pallasca','P'),('2022-06-22 14:23:19.619428','2022-06-22 14:23:19.619477','021600','Pomabamba','P'),('2022-06-22 14:23:19.727608','2022-06-22 14:23:19.727660','021700','Recuay','P'),('2022-06-22 14:23:19.802153','2022-06-22 14:23:19.802201','021800','Santa','P'),('2022-06-22 14:23:19.868913','2022-06-22 14:23:19.869009','021900','Sihuas','P'),('2022-06-22 14:23:19.936076','2022-06-22 14:23:19.936125','022000','Yungay','P'),('2022-06-15 13:43:10.423883','2022-06-15 13:43:10.423934','030000','Apurímac','D'),('2022-09-12 17:20:25.157125','2022-09-12 17:20:25.157179','030100','Abancay','P'),('2022-09-12 17:58:57.615646','2022-09-12 17:58:57.615687','030101','Abancay','I'),('2022-09-12 17:58:57.676715','2022-09-12 17:58:57.676767','030102','Chacoche','I'),('2022-09-12 17:58:57.735051','2022-09-12 17:58:57.735098','030103','Circa','I'),('2022-09-12 17:58:57.784336','2022-09-12 17:58:57.784361','030104','Curahuasi','I'),('2022-09-12 17:58:57.825777','2022-09-12 17:58:57.825798','030105','Huanipaca','I'),('2022-09-12 17:58:57.868864','2022-09-12 17:58:57.868893','030106','Lambrama','I'),('2022-09-12 17:58:57.927849','2022-09-12 17:58:57.927881','030107','Pichirhua','I'),('2022-09-12 17:58:57.979801','2022-09-12 17:58:57.979846','030108','San Pedro de Cachora','I'),('2022-09-12 17:58:58.030052','2022-09-12 17:58:58.030102','030109','Tamburco','I'),('2022-09-12 17:20:25.233337','2022-09-12 17:20:25.233384','030200','Andahuaylas','P'),('2023-01-03 12:03:48.000273','2023-01-03 12:03:48.000319','030201','Andahuaylas','I'),('2023-01-03 12:03:48.005557','2023-01-03 12:03:48.005581','030202','Andarapa','I'),('2023-01-03 12:03:48.009778','2023-01-03 12:03:48.009802','030203','Chiara','I'),('2023-01-03 12:03:48.013502','2023-01-03 12:03:48.013516','030204','Huancarama','I'),('2023-01-03 12:03:48.016230','2023-01-03 12:03:48.016244','030205','Huancaray','I'),('2023-01-03 12:03:48.019040','2023-01-03 12:03:48.019054','030206','Huayana','I'),('2023-01-03 12:03:48.021478','2023-01-03 12:03:48.021493','030207','Kishuara','I'),('2023-01-03 12:03:48.024502','2023-01-03 12:03:48.024516','030208','Pacobamba','I'),('2023-01-03 12:03:48.027227','2023-01-03 12:03:48.027240','030209','Pacucha','I'),('2023-01-03 12:03:48.029891','2023-01-03 12:03:48.029905','030210','Pampachiri','I'),('2023-01-03 12:03:48.032834','2023-01-03 12:03:48.032848','030211','Pomacocha','I'),('2023-01-03 12:03:48.035574','2023-01-03 12:03:48.035588','030212','San Antonio de Cachi','I'),('2023-01-03 12:03:48.037974','2023-01-03 12:03:48.037989','030213','San Jerónimo','I'),('2023-01-03 12:03:48.040856','2023-01-03 12:03:48.040869','030214','San Miguel de Chaccrampa','I'),('2023-01-03 12:03:48.043590','2023-01-03 12:03:48.043604','030215','Santa María de Chicmo','I'),('2023-01-03 12:03:48.045942','2023-01-03 12:03:48.045956','030216','Talavera','I'),('2023-01-03 12:03:48.048725','2023-01-03 12:03:48.048834','030217','Tumay Huaraca','I'),('2023-01-03 12:03:48.051478','2023-01-03 12:03:48.051492','030218','Turpo','I'),('2023-01-03 12:03:48.053812','2023-01-03 12:03:48.053825','030219','Kaquiabamba','I'),('2023-01-03 12:03:48.056736','2023-01-03 12:03:48.056750','030220','José María Arguedas','I'),('2022-09-12 17:20:25.290022','2022-09-12 17:20:25.290051','030300','Antabamba','P'),('2022-09-12 17:20:25.341551','2022-09-12 17:20:25.341595','030400','Aymaraes','P'),('2022-09-12 17:20:25.391667','2022-09-12 17:20:25.391714','030500','Cotabambas','P'),('2022-09-12 17:20:25.455925','2022-09-12 17:20:25.455964','030600','Chincheros','P'),('2022-09-12 17:20:25.507366','2022-09-12 17:20:25.507395','030700','Grau','P'),('2022-09-12 17:20:26.930681','2022-09-20 18:14:22.368750','030701','Chuquibambilla','I'),('2022-09-12 17:20:27.009491','2022-09-20 18:14:22.430667','030702','Curpahuasi','I'),('2022-09-12 17:20:27.067570','2022-09-20 18:14:22.478123','030703','Gamarra','I'),('2022-09-12 17:20:27.127807','2022-09-20 18:14:22.527977','030704','Huayllati','I'),('2022-09-12 17:20:27.227797','2022-09-20 18:14:22.578160','030705','Mamara','I'),('2022-09-12 17:20:27.286789','2022-09-20 18:14:22.636122','030706','Micaela Bastidas','I'),('2022-09-12 17:20:27.345105','2022-09-20 18:14:22.686736','030707','Pataypampa','I'),('2022-09-12 17:20:27.404082','2022-09-20 18:14:22.736149','030708','Progreso','I'),('2022-09-12 17:20:27.460710','2022-09-20 18:14:22.786473','030709','San Antonio','I'),('2022-09-12 17:20:27.525768','2022-09-20 18:14:22.836024','030710','Santa Rosa','I'),('2022-09-12 17:20:27.569634','2022-09-20 18:14:22.889826','030711','Turpay','I'),('2022-09-12 17:20:27.628399','2022-09-20 18:14:22.965036','030712','Vilcabamba','I'),('2022-09-12 17:20:27.687151','2022-09-20 18:14:23.011307','030713','Virundo','I'),('2022-09-12 17:20:27.745844','2022-09-20 18:14:23.061089','030714','Curasco','I'),('2022-06-15 13:43:10.632822','2022-06-15 13:43:10.632871','040000','Arequipa','D'),('2022-09-09 10:22:28.987991','2022-09-09 10:22:28.988014','040100','Arequipa','P'),('2022-09-20 16:25:44.702061','2022-09-20 16:25:44.702095','040101','Arequipa','I'),('2022-09-20 16:25:44.774667','2022-09-20 16:25:44.774709','040102','Alto Selva Alegre','I'),('2022-09-20 16:25:44.841115','2022-09-20 16:25:44.841160','040103','Cayma','I'),('2022-09-20 16:25:44.900390','2022-09-20 16:25:44.900438','040104','Cerro Colorado','I'),('2022-09-20 16:25:44.950763','2022-09-20 16:25:44.950811','040105','Characato','I'),('2022-09-20 16:25:45.000064','2022-09-20 16:25:45.000162','040106','Chiguata','I'),('2022-09-20 16:25:45.050389','2022-09-20 16:25:45.050435','040107','Jacobo Hunter','I'),('2022-09-20 16:25:45.100531','2022-09-20 16:25:45.100577','040108','La Joya','I'),('2022-09-20 16:25:45.150371','2022-09-20 16:25:45.150417','040109','Mariano Melgar','I'),('2022-09-20 16:25:45.200657','2022-09-20 16:25:45.200706','040110','Miraflores','I'),('2022-09-20 16:25:45.250464','2022-09-20 16:25:45.250510','040111','Mollebaya','I'),('2022-09-20 16:25:45.300241','2022-09-20 16:25:45.300364','040112','Paucarpata','I'),('2022-09-20 16:25:45.352169','2022-09-20 16:25:45.352217','040113','Pocsi','I'),('2022-09-20 16:25:45.408983','2022-09-20 16:25:45.409029','040114','Polobaya','I'),('2022-09-20 16:25:45.458993','2022-09-20 16:25:45.459041','040115','Quequeña','I'),('2022-09-20 16:25:45.508604','2022-09-20 16:25:45.508653','040116','Sabandia','I'),('2022-09-20 16:25:45.559239','2022-09-20 16:25:45.559284','040117','Sachaca','I'),('2022-09-20 16:25:45.609466','2022-09-20 16:25:45.609513','040118','San Juan de Siguas','I'),('2022-09-20 16:25:45.691284','2022-09-20 16:25:45.691331','040119','San Juan de Tarucani','I'),('2022-09-20 16:25:45.742469','2022-09-20 16:25:45.742515','040120','Santa Isabel de Siguas','I'),('2022-09-20 16:25:45.828520','2022-09-20 16:25:45.828569','040121','Santa Rita de Siguas','I'),('2022-09-20 16:25:45.875818','2022-09-20 16:25:45.875867','040122','Socabaya','I'),('2022-09-20 16:25:45.925764','2022-09-20 16:25:45.925813','040123','Tiabaya','I'),('2022-09-20 16:25:46.026452','2022-09-20 16:25:46.026500','040124','Uchumayo','I'),('2022-09-20 16:25:46.077672','2022-09-20 16:25:46.077721','040125','Vitor','I'),('2022-09-20 16:25:46.126281','2022-09-20 16:25:46.126325','040126','Yanahuara','I'),('2022-09-20 16:25:46.175905','2022-09-20 16:25:46.175955','040127','Yarabamba','I'),('2022-09-20 16:25:46.268116','2022-09-20 16:25:46.268166','040128','Yura','I'),('2022-09-20 16:25:46.318682','2022-09-20 16:25:46.318734','040129','José Luis Bustamante Y Rivero','I'),('2022-09-09 10:22:29.049912','2022-09-09 10:22:29.049959','040200','Camaná','P'),('2022-09-09 10:22:30.128569','2022-09-09 10:22:41.522892','040201','Camaná','I'),('2022-09-09 10:22:30.178496','2022-09-09 10:22:41.571946','040202','José María Quimper','I'),('2022-09-09 10:22:30.230964','2022-09-09 10:22:41.627636','040203','Mariano Nicolás Valcárcel','I'),('2022-09-09 10:22:30.288729','2022-09-09 10:22:41.671874','040204','Mariscal Cáceres','I'),('2022-09-09 10:22:30.398197','2022-09-09 10:22:41.731122','040205','Nicolás de Pierola','I'),('2022-09-09 10:22:30.456856','2022-09-09 10:22:41.805759','040206','Ocoña','I'),('2022-09-09 10:22:30.520433','2022-09-09 10:22:41.855678','040207','Quilca','I'),('2022-09-09 10:22:30.572896','2022-09-09 10:22:41.906140','040208','Samuel Pastor','I'),('2022-09-09 10:22:29.102582','2022-09-09 10:22:29.102627','040300','Caravelí','P'),('2022-09-09 10:22:29.161527','2022-09-09 10:22:29.161576','040400','Castilla','P'),('2022-09-09 10:22:29.219752','2022-09-09 10:22:29.219803','040500','Caylloma','P'),('2023-01-03 23:00:43.182701','2023-01-03 23:00:43.182731','040501','Chivay','I'),('2023-01-03 23:00:43.187239','2023-01-03 23:00:43.187263','040502','Achoma','I'),('2023-01-03 23:00:43.191121','2023-01-03 23:00:43.191136','040503','Cabanaconde','I'),('2023-01-03 23:00:43.194084','2023-01-03 23:00:43.194098','040504','Callalli','I'),('2023-01-03 23:00:43.196912','2023-01-03 23:00:43.196925','040505','Caylloma','I'),('2023-01-03 23:00:43.199577','2023-01-03 23:00:43.199590','040506','Coporaque','I'),('2023-01-03 23:00:43.201988','2023-01-03 23:00:43.202002','040507','Huambo','I'),('2023-01-03 23:00:43.204763','2023-01-03 23:00:43.204776','040508','Huanca','I'),('2023-01-03 23:00:43.207613','2023-01-03 23:00:43.207626','040509','Ichupampa','I'),('2023-01-03 23:00:43.210066','2023-01-03 23:00:43.210085','040510','Lari','I'),('2023-01-03 23:00:43.212806','2023-01-03 23:00:43.212819','040511','Lluta','I'),('2023-01-03 23:00:43.215465','2023-01-03 23:00:43.215479','040512','Maca','I'),('2023-01-03 23:00:43.218149','2023-01-03 23:00:43.218163','040513','Madrigal','I'),('2023-01-03 23:00:43.220905','2023-01-03 23:00:43.220919','040514','San Antonio de Chuca','I'),('2023-01-03 23:00:43.223514','2023-01-03 23:00:43.223528','040515','Sibayo','I'),('2023-01-03 23:00:43.225835','2023-01-03 23:00:43.225848','040516','Tapay','I'),('2023-01-03 23:00:43.228591','2023-01-03 23:00:43.228604','040517','Tisco','I'),('2023-01-03 23:00:43.231347','2023-01-03 23:00:43.231360','040518','Tuti','I'),('2023-01-03 23:00:43.233769','2023-01-03 23:00:43.233783','040519','Yanque','I'),('2023-01-03 23:00:43.236683','2023-01-03 23:00:43.236696','040520','Majes','I'),('2022-09-09 10:22:29.277867','2022-09-09 10:22:29.277914','040600','Condesuyos','P'),('2022-09-09 10:22:29.337035','2022-09-09 10:22:29.337086','040700','Islay','P'),('2022-09-09 10:22:29.395433','2022-09-09 10:22:29.395487','040800','La Uniòn','P'),('2022-06-15 13:43:10.740294','2022-06-15 13:43:10.740343','050000','Ayacucho','D'),('2022-09-12 17:24:28.929493','2022-09-12 17:24:28.929542','050100','Huamanga','P'),('2022-09-12 17:24:31.245897','2022-09-21 11:02:51.789457','050101','Ayacucho','I'),('2022-09-12 17:24:31.326519','2022-09-21 11:02:51.857837','050102','Acocro','I'),('2022-09-12 17:24:31.379258','2022-09-21 11:02:51.916028','050103','Acos Vinchos','I'),('2022-09-12 17:24:31.437975','2022-09-21 11:02:51.974484','050104','Carmen Alto','I'),('2022-09-12 17:24:31.533751','2022-09-21 11:02:52.057891','050105','Chiara','I'),('2022-09-12 17:24:31.588005','2022-09-21 11:02:52.133584','050106','Ocros','I'),('2022-09-12 17:24:31.646326','2022-09-21 11:02:52.247176','050107','Pacaycasa','I'),('2022-09-12 17:24:31.867082','2022-09-21 11:02:52.310002','050108','Quinua','I'),('2022-09-12 17:24:32.072224','2022-09-21 11:02:52.363522','050109','San José de Ticllas','I'),('2022-09-12 17:24:32.175623','2022-09-21 11:02:52.421892','050110','San Juan Bautista','I'),('2022-09-12 17:24:32.234109','2022-09-21 11:02:52.478277','050111','Santiago de Pischa','I'),('2022-09-12 17:24:32.351118','2022-09-21 11:02:52.538331','050112','Socos','I'),('2022-09-12 17:24:32.408940','2022-09-21 11:02:52.600168','050113','Tambillo','I'),('2022-09-12 17:24:32.491271','2022-09-21 11:02:52.659122','050114','Vinchos','I'),('2022-09-12 17:24:32.550641','2022-09-21 11:02:52.716951','050115','Jesús Nazareno','I'),('2022-09-12 17:24:32.609762','2022-09-21 11:02:52.775121','050116','Andrés Avelino Cáceres Dorregaray','I'),('2022-09-12 17:24:29.044405','2022-09-12 17:24:29.044502','050200','Cangallo','P'),('2022-09-12 17:24:29.104719','2022-09-12 17:24:29.104770','050300','Huanca Sancos','P'),('2022-09-12 17:24:29.163074','2022-09-12 17:24:29.163128','050400','Huanta','P'),('2022-09-12 17:24:29.221769','2022-09-12 17:24:29.221824','050500','La Mar','P'),('2022-12-27 14:19:41.798297','2022-12-27 14:19:41.798333','050501','San Miguel','I'),('2022-12-27 14:19:41.803751','2022-12-27 14:19:41.803781','050502','Anco','I'),('2022-12-27 14:19:41.808303','2022-12-27 14:19:41.808330','050503','Ayna','I'),('2022-12-27 14:19:41.811811','2022-12-27 14:19:41.811828','050504','Chilcas','I'),('2022-12-27 14:19:41.814985','2022-12-27 14:19:41.815002','050505','Chungui','I'),('2022-12-27 14:19:41.818368','2022-12-27 14:19:41.818386','050506','Luis Carranza','I'),('2022-12-27 14:19:41.821530','2022-12-27 14:19:41.821548','050507','Santa Rosa','I'),('2022-12-27 14:19:41.824711','2022-12-27 14:19:41.824728','050508','Tambo','I'),('2022-12-27 14:19:41.827579','2022-12-27 14:19:41.827596','050509','Samugari','I'),('2022-12-27 14:19:41.830773','2022-12-27 14:19:41.830791','050510','Anchihuay','I'),('2022-12-27 14:19:41.834133','2022-12-27 14:19:41.834150','050511','Oronccoy','I'),('2022-09-12 17:24:29.280298','2022-09-12 17:24:29.280348','050600','Lucanas','P'),('2022-09-12 17:24:29.339143','2022-09-12 17:24:29.339198','050700','Parinacochas','P'),('2022-09-12 17:24:29.397529','2022-09-12 17:24:29.397583','050800','Pàucar del Sara Sara','P'),('2022-09-12 17:24:29.455467','2022-09-12 17:24:29.455559','050900','Sucre','P'),('2022-09-12 17:24:29.513868','2022-09-12 17:24:29.513921','051000','Víctor Fajardo','P'),('2022-09-12 17:24:29.580353','2022-09-12 17:24:29.580400','051100','Vilcas Huamán','P'),('2022-06-15 13:43:10.952743','2022-06-15 13:43:10.952792','060000','Cajamarca','D'),('2022-07-05 20:01:07.240444','2022-07-05 20:01:07.240497','060100','Cajamarca','P'),('2022-07-05 20:01:07.410399','2022-07-05 20:01:07.410454','060200','Cajabamba','P'),('2022-09-09 01:06:55.170556','2022-09-09 01:15:05.633298','060201','Cajabamba','I'),('2022-09-09 01:06:55.229356','2022-09-09 01:15:05.778151','060202','Cachachi','I'),('2022-09-09 01:06:55.320877','2022-09-09 01:15:05.942474','060203','Condebamba','I'),('2022-09-09 01:06:55.366066','2022-09-09 01:15:06.078900','060204','Sitacocha','I'),('2022-07-05 20:01:07.527086','2022-07-05 20:01:07.527113','060300','Celendín','P'),('2022-09-09 00:50:27.529435','2022-09-09 01:14:53.776681','060301','Celendín','I'),('2022-09-09 00:50:27.598756','2022-09-09 01:14:53.836395','060302','Chumuch','I'),('2022-09-09 00:50:27.656847','2022-09-09 01:14:53.886156','060303','Cortegana','I'),('2022-09-09 00:50:27.741293','2022-09-09 01:14:53.936652','060304','Huasmin','I'),('2022-09-09 00:50:27.895619','2022-09-09 01:14:53.986617','060305','Jorge Chávez','I'),('2022-09-09 00:50:27.957216','2022-09-09 01:14:54.036426','060306','José Gálvez','I'),('2022-09-09 00:50:28.036507','2022-09-09 01:14:54.086402','060307','Miguel Iglesias','I'),('2022-09-09 00:50:28.154251','2022-09-09 01:14:54.137470','060308','Oxamarca','I'),('2022-09-09 00:50:28.213908','2022-09-09 01:14:54.186516','060309','Sorochuco','I'),('2022-09-09 00:50:28.302657','2022-09-09 01:14:54.236806','060310','Sucre','I'),('2022-09-09 00:50:28.361334','2022-09-09 01:14:54.330323','060311','Utco','I'),('2022-09-09 00:50:28.425290','2022-09-09 01:14:54.393612','060312','La Libertad de Pallan','I'),('2022-07-05 20:01:07.662617','2022-07-05 20:01:07.662664','060400','Chota','P'),('2022-07-05 20:01:07.796092','2022-07-05 20:01:07.796140','060500','Contumazá','P'),('2022-07-05 20:01:07.930168','2022-07-05 20:01:07.930219','060600','Cutervo','P'),('2022-12-27 14:19:55.961536','2022-12-27 14:20:07.839513','060601','Cutervo','I'),('2022-12-27 14:19:55.965139','2022-12-27 14:20:07.844000','060602','Callayuc','I'),('2022-12-27 14:19:55.968180','2022-12-27 14:20:07.852940','060603','Choros','I'),('2022-12-27 14:19:55.971690','2022-12-27 14:20:07.858042','060604','Cujillo','I'),('2022-12-27 14:19:55.977108','2022-12-27 14:20:07.867519','060605','La Ramada','I'),('2022-12-27 14:19:55.980367','2022-12-27 14:20:07.876103','060606','Pimpingos','I'),('2022-12-27 14:19:55.983462','2022-12-27 14:20:07.883978','060607','Querocotillo','I'),('2022-12-27 14:19:55.986491','2022-12-27 14:20:07.890198','060608','San Andrés de Cutervo','I'),('2022-12-27 14:19:55.989816','2022-12-27 14:20:07.896681','060609','San Juan de Cutervo','I'),('2022-12-27 14:19:55.992893','2022-12-27 14:20:07.902406','060610','San Luis de Lucma','I'),('2022-12-27 14:19:55.995566','2022-12-27 14:20:07.908216','060611','Santa Cruz','I'),('2022-12-27 14:19:55.998228','2022-12-27 14:20:07.912607','060612','Santo Domingo de la Capilla','I'),('2022-12-27 14:19:56.001456','2022-12-27 14:20:07.917435','060613','Santo Tomas','I'),('2022-12-27 14:19:56.004209','2022-12-27 14:20:07.922404','060614','Socota','I'),('2022-12-27 14:19:56.007391','2022-12-27 14:20:07.927580','060615','Toribio Casanova','I'),('2022-07-05 20:01:08.063383','2022-07-05 20:01:08.063479','060700','Hualgayoc','P'),('2022-07-05 20:01:08.196990','2022-07-05 20:01:08.197043','060800','Jaén','P'),('2022-07-05 20:01:08.330643','2022-07-05 20:01:08.330694','060900','San Ignacio','P'),('2022-07-05 20:01:08.463880','2022-07-05 20:01:08.463930','061000','San Marcos','P'),('2022-07-05 20:01:08.579232','2022-07-05 20:01:08.579433','061100','San Miguel','P'),('2022-07-05 20:01:08.721718','2022-07-05 20:01:08.721770','061200','San Pablo','P'),('2022-07-05 20:01:08.796294','2022-07-05 20:01:08.796342','061300','Santa Cruz','P'),('2022-06-15 13:43:11.081800','2022-06-15 13:43:11.081847','070000','Callao','D'),('2022-10-10 11:59:30.558450','2022-10-10 11:59:30.558500','070100','Prov. Const. del Callao','P'),('2022-10-10 18:30:20.967366','2022-12-27 14:19:37.018459','070101','Callao','I'),('2022-10-10 18:30:21.175347','2022-12-27 14:19:37.024379','070102','Bellavista','I'),('2022-10-10 18:30:21.400523','2022-12-27 14:19:37.028872','070103','Carmen de la Legua Reynoso','I'),('2022-10-10 18:30:21.665877','2022-12-27 14:19:37.032742','070104','La Perla','I'),('2022-10-10 18:30:21.740669','2022-12-27 14:19:37.036521','070105','La Punta','I'),('2022-10-10 18:30:21.992031','2022-12-27 14:19:37.040136','070106','Ventanilla','I'),('2022-10-10 18:30:22.142419','2022-12-27 14:19:37.044161','070107','Mi Perú','I'),('2022-06-15 13:43:11.190239','2022-06-15 13:43:11.190288','080000','Cusco','D'),('2022-06-15 13:43:18.986200','2022-06-15 13:43:18.986250','080100','Cusco','P'),('2022-06-15 13:43:21.518622','2023-01-03 17:12:33.446648','080101','Cusco','I'),('2022-06-15 13:43:21.613531','2023-01-03 17:12:33.455446','080102','Ccorca','I'),('2022-06-15 13:43:21.721729','2023-01-03 17:12:33.461448','080103','Poroy','I'),('2022-06-15 13:43:21.830263','2023-01-03 17:12:33.465725','080104','San Jerónimo','I'),('2022-06-15 13:43:21.940131','2023-01-03 17:12:33.469741','080105','San Sebastian','I'),('2022-06-15 13:43:22.047578','2023-01-03 17:12:33.473287','080106','Santiago','I'),('2022-06-15 13:43:22.205804','2023-01-03 17:12:33.477379','080107','Saylla','I'),('2022-06-15 13:43:22.373109','2023-01-03 17:12:33.481038','080108','Wanchaq','I'),('2022-06-15 13:43:19.093855','2022-06-15 13:43:19.093905','080200','Acomayo','P'),('2022-09-21 12:22:44.277446','2022-10-11 11:11:11.477718','080201','Acomayo','I'),('2022-09-21 12:22:44.347905','2022-10-11 11:11:11.563455','080202','Acopia','I'),('2022-09-21 12:22:44.406095','2022-10-11 11:11:11.618073','080203','Acos','I'),('2022-09-21 12:22:44.464980','2022-10-11 11:11:11.746977','080204','Mosoc Llacta','I'),('2022-09-21 12:22:44.523253','2022-10-11 11:11:12.052626','080205','Pomacanchi','I'),('2022-09-21 12:22:44.581511','2022-10-11 11:11:12.446949','080206','Rondocan','I'),('2022-09-21 12:22:44.640167','2022-10-11 11:11:12.696762','080207','Sangarara','I'),('2022-06-15 13:43:19.224702','2022-06-15 13:43:19.224749','080300','Anta','P'),('2022-06-15 16:22:22.135188','2022-10-10 11:28:32.980245','080301','Anta','I'),('2022-06-15 16:22:22.440975','2022-10-10 11:28:33.049703','080302','Ancahuasi','I'),('2022-06-15 16:22:22.633538','2022-10-10 11:28:33.108574','080303','Cachimayo','I'),('2022-06-15 16:22:22.847674','2022-10-10 11:28:33.175916','080304','Chinchaypujio','I'),('2022-06-15 16:22:23.106839','2022-10-10 11:28:33.234396','080305','Huarocondo','I'),('2022-06-15 16:22:23.306380','2022-10-10 11:28:33.291283','080306','Limatambo','I'),('2022-06-15 16:22:23.514663','2022-10-10 11:28:33.358134','080307','Mollepata','I'),('2022-06-15 16:22:23.715109','2022-10-10 11:28:33.418261','080308','Pucyura','I'),('2022-06-15 16:22:24.057639','2022-10-10 11:28:33.483926','080309','Zurite','I'),('2022-06-15 13:43:19.368866','2022-06-15 13:43:19.368917','080400','Calca','P'),('2022-09-05 21:31:23.820732','2023-01-03 17:11:33.908818','080401','Calca','I'),('2022-09-05 21:31:23.894491','2023-01-03 17:11:33.914462','080402','Coya','I'),('2022-09-05 21:31:23.970167','2023-01-03 17:11:33.918784','080403','Lamay','I'),('2022-09-05 21:31:24.044815','2023-01-03 17:11:33.922711','080404','Lares','I'),('2022-09-05 21:31:24.119814','2023-01-03 17:11:33.925991','080405','Pisac','I'),('2022-09-05 21:31:24.194917','2023-01-03 17:11:33.929823','080406','San Salvador','I'),('2022-09-05 21:31:24.270667','2023-01-03 17:11:33.933429','080407','Taray','I'),('2022-09-05 21:31:24.345224','2023-01-03 17:11:33.936802','080408','Yanatile','I'),('2022-06-15 13:43:19.459271','2022-06-15 13:43:19.459311','080500','Canas','P'),('2022-12-27 23:18:33.558809','2022-12-27 23:18:40.661546','080501','Yanaoca','I'),('2022-12-27 23:18:33.564280','2022-12-27 23:18:40.674644','080502','Checca','I'),('2022-12-27 23:18:33.569030','2022-12-27 23:18:40.681493','080503','Kunturkanki','I'),('2022-12-27 23:18:33.572044','2022-12-27 23:18:40.687653','080504','Langui','I'),('2022-12-27 23:18:33.574924','2022-12-27 23:18:40.693771','080505','Layo','I'),('2022-12-27 23:18:33.577952','2022-12-27 23:18:40.699211','080506','Pampamarca','I'),('2022-12-27 23:18:33.580826','2022-12-27 23:18:40.704025','080507','Quehue','I'),('2022-12-27 23:18:33.583384','2022-12-27 23:18:40.708349','080508','Tupac Amaru','I'),('2022-06-15 13:43:19.543311','2022-06-15 13:43:19.543357','080600','Canchis','P'),('2022-09-05 21:31:28.682528','2022-12-31 17:33:51.928184','080601','Sicuani','I'),('2022-09-05 21:31:28.830912','2022-12-31 17:33:51.934427','080602','Checacupe','I'),('2022-09-05 21:31:28.930629','2022-12-31 17:33:51.938644','080603','Combapata','I'),('2022-09-05 21:31:29.006430','2022-12-31 17:33:51.942420','080604','Marangani','I'),('2022-09-05 21:31:29.081232','2022-12-31 17:33:51.946123','080605','Pitumarca','I'),('2022-09-05 21:31:29.222490','2022-12-31 17:33:51.949501','080606','San Pablo','I'),('2022-09-05 21:31:29.298180','2022-12-31 17:33:51.953097','080607','San Pedro','I'),('2022-09-05 21:31:29.373200','2022-12-31 17:33:51.956517','080608','Tinta','I'),('2022-06-15 13:43:19.634978','2022-06-15 13:43:19.635024','080700','Chumbivilcas','P'),('2022-09-12 12:37:48.350450','2022-09-12 12:37:48.350650','080701','Santo Tomas','I'),('2022-09-12 12:37:48.412336','2022-09-12 12:37:48.412378','080702','Capacmarca','I'),('2022-09-12 12:37:48.464068','2022-09-12 12:37:48.464136','080703','Chamaca','I'),('2022-09-12 12:37:48.511374','2022-09-12 12:37:48.511408','080704','Colquemarca','I'),('2022-09-12 12:37:48.554068','2022-09-12 12:37:48.554114','080705','Livitaca','I'),('2022-09-12 12:37:48.604663','2022-09-12 12:37:48.604714','080706','Llusco','I'),('2022-09-12 12:37:48.664158','2022-09-12 12:37:48.664209','080707','Quiñota','I'),('2022-09-12 12:37:48.714209','2022-09-12 12:37:48.714262','080708','Velille','I'),('2022-06-15 13:43:19.726917','2022-06-15 13:43:19.726962','080800','Espinar','P'),('2022-12-27 08:33:06.336213','2023-01-03 16:41:41.490757','080801','Espinar','I'),('2022-12-27 08:33:06.340111','2023-01-03 16:41:41.495475','080802','Condoroma','I'),('2022-12-27 08:33:06.344173','2023-01-03 16:41:41.499744','080803','Coporaque','I'),('2022-12-27 08:33:06.347060','2023-01-03 16:41:41.503714','080804','Ocoruro','I'),('2022-12-27 08:33:06.349684','2023-01-03 16:41:41.507316','080805','Pallpata','I'),('2022-12-27 08:33:06.352810','2023-01-03 16:41:41.510693','080806','Pichigua','I'),('2022-12-27 08:33:06.355639','2023-01-03 16:41:41.514551','080807','Suyckutambo','I'),('2022-12-27 08:33:06.358566','2023-01-03 16:41:41.517984','080808','Alto Pichigua','I'),('2022-06-15 13:43:19.818597','2022-06-15 13:43:19.818642','080900','La Convención','P'),('2022-09-08 15:09:24.033145','2023-01-03 23:06:31.828084','080901','Santa Ana','I'),('2022-09-08 15:09:24.088956','2023-01-03 23:06:31.832611','080902','Echarate','I'),('2022-09-08 15:09:24.138194','2023-01-03 23:06:31.836506','080903','Huayopata','I'),('2022-09-08 15:09:24.238143','2023-01-03 23:06:31.841253','080904','Maranura','I'),('2022-09-08 15:09:24.290491','2023-01-03 23:06:31.847025','080905','Ocobamba','I'),('2022-09-08 15:09:24.350427','2023-01-03 23:06:31.850535','080906','Quellouno','I'),('2022-09-08 15:09:24.457199','2023-01-03 23:06:31.862321','080907','Kimbiri','I'),('2022-09-08 15:09:24.516375','2023-01-03 23:06:31.866782','080908','Santa Teresa','I'),('2022-09-08 15:09:24.575510','2023-01-03 23:06:31.874540','080909','Vilcabamba','I'),('2022-09-08 15:09:24.633619','2023-01-03 23:06:31.880572','080910','Pichari','I'),('2022-09-08 15:09:24.691657','2023-01-03 23:06:31.885350','080911','Inkawasi','I'),('2022-09-08 15:09:24.753998','2023-01-03 23:06:31.889156','080912','Villa Virgen','I'),('2022-09-08 15:09:24.864725','2023-01-03 23:06:31.893454','080913','Villa Kintiarina','I'),('2022-09-08 15:09:24.917003','2023-01-03 23:06:31.897525','080914','Megantoni','I'),('2022-06-15 13:43:19.985342','2022-06-15 13:43:19.985388','081000','Paruro','P'),('2022-09-12 18:36:48.780192','2022-12-28 07:28:37.993213','081001','Paruro','I'),('2022-09-12 18:36:48.841810','2022-12-28 07:28:37.997744','081002','Accha','I'),('2022-09-12 18:36:48.922787','2022-12-28 07:28:38.001841','081003','Ccapi','I'),('2022-09-12 18:36:48.968053','2022-12-28 07:28:38.005437','081004','Colcha','I'),('2022-09-12 18:36:49.016399','2022-12-28 07:28:38.008723','081005','Huanoquite','I'),('2022-09-12 18:36:49.066710','2022-12-28 07:28:38.011575','081006','Omacha','I'),('2022-09-12 18:36:49.117344','2022-12-28 07:28:38.015034','081007','Paccaritambo','I'),('2022-09-12 18:36:49.168359','2022-12-28 07:28:38.018212','081008','Pillpinto','I'),('2022-09-12 18:36:49.218904','2022-12-28 07:28:38.021584','081009','Yaurisque','I'),('2022-06-15 13:43:20.076926','2022-06-15 13:43:20.076972','081100','Paucartambo','P'),('2022-12-28 07:27:22.423557','2022-12-28 07:29:06.089699','081101','Paucartambo','I'),('2022-12-28 07:27:22.428450','2022-12-28 07:29:06.093668','081102','Caicay','I'),('2022-12-28 07:27:22.432491','2022-12-28 07:29:06.097354','081103','Challabamba','I'),('2022-12-28 07:27:22.435501','2022-12-28 07:29:06.100564','081104','Colquepata','I'),('2022-12-28 07:27:22.438436','2022-12-28 07:29:06.103327','081105','Huancarani','I'),('2022-12-28 07:27:22.441546','2022-12-28 07:29:06.106464','081106','Kosñipata','I'),('2022-06-15 13:43:20.169731','2022-06-15 13:43:20.169783','081200','Quispicanchi','P'),('2022-06-15 13:43:20.294170','2022-06-15 13:43:20.294219','081300','Urubamba','P'),('2022-09-08 15:09:13.810314','2022-10-11 09:30:33.085562','081301','Urubamba','I'),('2022-09-08 15:09:13.872311','2022-10-11 09:30:33.150741','081302','Chinchero','I'),('2022-09-08 15:09:13.928986','2022-10-11 09:30:33.200939','081303','Huayllabamba','I'),('2022-09-08 15:09:14.021495','2022-10-11 09:30:33.267286','081304','Machupicchu','I'),('2022-09-08 15:09:14.079660','2022-10-11 09:30:33.325991','081305','Maras','I'),('2022-09-08 15:09:14.137925','2022-10-11 09:30:33.375947','081306','Ollantaytambo','I'),('2022-09-08 15:09:14.199594','2022-10-11 09:30:33.574488','081307','Yucay','I'),('2022-06-15 13:43:11.290551','2022-06-15 13:43:11.290602','090000','Huancavelica','D'),('2022-09-09 10:22:32.382232','2022-09-09 10:22:32.382259','090100','Huancavelica','P'),('2022-09-09 10:22:32.449739','2022-09-09 10:22:32.449785','090200','Acobamba','P'),('2022-09-12 15:46:42.658669','2022-09-20 19:05:47.679075','090201','Acobamba','I'),('2022-09-12 15:46:42.702550','2022-09-20 19:05:47.726783','090202','Andabamba','I'),('2022-09-12 15:46:42.747589','2022-09-20 19:05:47.825658','090203','Anta','I'),('2022-09-12 15:46:42.805491','2022-09-20 19:05:47.974728','090204','Caja','I'),('2022-09-12 15:46:42.855864','2022-09-20 19:05:48.085937','090205','Marcas','I'),('2022-09-12 15:46:42.905775','2022-09-20 19:05:48.218379','090206','Paucara','I'),('2022-09-12 15:46:42.957015','2022-09-20 19:05:48.428143','090207','Pomacocha','I'),('2022-09-12 15:46:43.006480','2022-09-20 19:05:48.538019','090208','Rosario','I'),('2022-09-09 10:22:32.666770','2022-09-09 10:22:32.666824','090300','Angaraes','P'),('2022-09-09 10:22:34.253333','2022-12-26 08:33:31.473837','090301','Lircay','I'),('2022-09-09 10:22:34.342751','2022-12-26 08:33:31.477833','090302','Anchonga','I'),('2022-09-09 10:22:34.393427','2022-12-26 08:33:31.480921','090303','Callanmarca','I'),('2022-09-09 10:22:34.443442','2022-12-26 08:33:31.484405','090304','Ccochaccasa','I'),('2022-09-09 10:22:34.492675','2022-12-26 08:33:31.487721','090305','Chincho','I'),('2022-09-09 10:22:34.543652','2022-12-26 08:33:31.490918','090306','Congalla','I'),('2022-09-09 10:22:34.593436','2022-12-26 08:33:31.494162','090307','Huanca-Huanca','I'),('2022-09-09 10:22:34.641968','2022-12-26 08:33:31.497377','090308','Huayllay Grande','I'),('2022-09-09 10:22:34.693619','2022-12-26 08:33:31.500118','090309','Julcamarca','I'),('2022-09-09 10:22:34.740697','2022-12-26 08:33:31.503277','090310','San Antonio de Antaparco','I'),('2022-09-09 10:22:34.810732','2022-12-26 08:33:31.506460','090311','Santo Tomas de Pata','I'),('2022-09-09 10:22:34.919362','2022-12-26 08:33:31.509781','090312','Secclla','I'),('2022-09-09 10:22:32.716773','2022-09-09 10:22:32.716826','090400','Castrovirreyna','P'),('2022-09-09 10:22:32.764738','2022-09-09 10:22:32.764790','090500','Churcampa','P'),('2022-09-09 10:22:32.814488','2022-09-09 10:22:32.814535','090600','Huaytará','P'),('2022-09-09 10:22:32.856898','2022-09-09 10:22:32.856949','090700','Tayacaja','P'),('2022-06-15 13:43:11.398561','2022-06-15 13:43:11.398610','100000','Huánuco','D'),('2022-09-09 00:50:16.968272','2022-09-09 00:50:16.968311','100100','Huánuco','P'),('2022-09-09 00:50:17.025088','2022-09-09 00:50:17.025133','100200','Ambo','P'),('2022-09-09 00:50:18.820871','2022-09-20 18:32:59.647869','100201','Ambo','I'),('2022-09-09 00:50:18.885817','2022-09-20 18:32:59.717334','100202','Cayna','I'),('2022-09-09 00:50:18.936063','2022-09-20 18:32:59.774522','100203','Colpas','I'),('2022-09-09 00:50:18.986482','2022-09-20 18:32:59.833843','100204','Conchamarca','I'),('2022-09-09 00:50:19.037006','2022-09-20 18:32:59.891882','100205','Huacar','I'),('2022-09-09 00:50:19.106572','2022-09-20 18:32:59.950000','100206','San Francisco','I'),('2022-09-09 00:50:19.159819','2022-09-20 18:33:00.107074','100207','San Rafael','I'),('2022-09-09 00:50:19.210181','2022-09-20 18:33:00.193323','100208','Tomay Kichwa','I'),('2022-09-09 00:50:17.097217','2022-09-09 00:50:17.097242','100300','Dos de Mayo','P'),('2022-09-12 11:42:53.507168','2022-09-20 19:31:04.130672','100301','La Unión','I'),('2022-09-12 11:42:53.564230','2022-09-20 19:31:04.240109','100307','Chuquis','I'),('2022-09-12 11:42:53.622695','2022-09-20 19:31:04.440943','100311','Marías','I'),('2022-09-12 11:42:53.680848','2022-09-20 19:31:04.565948','100313','Pachas','I'),('2022-09-12 11:42:53.739536','2022-09-20 19:31:04.712361','100316','Quivilla','I'),('2022-09-12 11:42:53.789132','2022-09-20 19:31:04.865795','100317','Ripan','I'),('2022-09-12 11:42:53.847842','2022-09-20 19:31:05.065523','100321','Shunqui','I'),('2022-09-12 11:42:53.897713','2022-09-20 19:31:05.191582','100322','Sillapata','I'),('2022-09-12 11:42:53.966399','2022-09-20 19:31:05.315492','100323','Yanas','I'),('2022-09-09 00:50:17.188358','2022-09-09 00:50:17.188379','100400','Huacaybamba','P'),('2022-09-09 00:50:17.230004','2022-09-09 00:50:17.230026','100500','Huamalíes','P'),('2022-12-27 22:49:39.827309','2022-12-27 22:49:39.827363','100501','Llata','I'),('2022-12-27 22:49:39.832004','2022-12-27 22:49:39.832028','100502','Arancay','I'),('2022-12-27 22:49:39.836077','2022-12-27 22:49:39.836100','100503','Chavín de Pariarca','I'),('2022-12-27 22:49:39.839698','2022-12-27 22:49:39.839712','100504','Jacas Grande','I'),('2022-12-27 22:49:39.842527','2022-12-27 22:49:39.842668','100505','Jircan','I'),('2022-12-27 22:49:39.845648','2022-12-27 22:49:39.845663','100506','Miraflores','I'),('2022-12-27 22:49:39.848499','2022-12-27 22:49:39.848513','100507','Monzón','I'),('2022-12-27 22:49:39.851038','2022-12-27 22:49:39.851053','100508','Punchao','I'),('2022-12-27 22:49:39.853900','2022-12-27 22:49:39.853914','100509','Puños','I'),('2022-12-27 22:49:39.856858','2022-12-27 22:49:39.856873','100510','Singa','I'),('2022-12-27 22:49:39.859362','2022-12-27 22:49:39.859377','100511','Tantamayo','I'),('2022-09-09 00:50:17.330195','2022-09-09 00:50:17.330215','100600','Leoncio Prado','P'),('2022-09-09 00:50:17.399307','2022-09-09 00:50:17.399350','100700','Marañón','P'),('2022-09-09 00:50:17.470134','2022-09-09 00:50:17.470178','100800','Pachitea','P'),('2022-09-09 00:50:17.613053','2022-09-09 00:50:17.613102','100900','Puerto Inca','P'),('2022-09-09 00:50:17.709139','2022-09-09 00:50:17.709191','101000','Lauricocha','P'),('2022-09-09 00:50:17.758392','2022-09-09 00:50:17.758949','101100','Yarowilca','P'),('2022-06-15 13:43:11.540399','2022-06-15 13:43:11.540447','110000','Ica','D'),('2022-09-09 01:06:42.832626','2022-09-09 01:06:42.832678','110100','Ica','P'),('2022-09-13 08:54:59.142063','2022-12-27 22:50:04.711547','110101','Ica','I'),('2022-09-13 08:54:59.202265','2022-12-27 22:50:04.716482','110102','La Tinguiña','I'),('2022-09-13 08:54:59.259830','2022-12-27 22:50:04.723757','110103','Los Aquijes','I'),('2022-09-13 08:54:59.318520','2022-12-27 22:50:04.732286','110104','Ocucaje','I'),('2022-09-13 08:54:59.376210','2022-12-27 22:50:04.736295','110105','Pachacutec','I'),('2022-09-13 08:54:59.435700','2022-12-27 22:50:04.740039','110106','Parcona','I'),('2022-09-13 08:54:59.509919','2022-12-27 22:50:04.743478','110107','Pueblo Nuevo','I'),('2022-09-13 08:54:59.576904','2022-12-27 22:50:04.746971','110108','Salas','I'),('2022-09-13 08:54:59.635737','2022-12-27 22:50:04.750463','110109','San José de Los Molinos','I'),('2022-09-13 08:54:59.694380','2022-12-27 22:50:04.753847','110110','San Juan Bautista','I'),('2022-09-13 08:54:59.751955','2022-12-27 22:50:04.757255','110111','Santiago','I'),('2022-09-13 08:54:59.807094','2022-12-27 22:50:04.760297','110112','Subtanjalla','I'),('2022-09-13 08:54:59.857006','2022-12-27 22:50:04.763776','110113','Tate','I'),('2022-09-13 08:54:59.909693','2022-12-27 22:50:04.766815','110114','Yauca del Rosario','I'),('2022-09-09 01:06:42.890905','2022-09-09 01:06:42.890960','110200','Chincha','P'),('2022-09-09 01:14:58.047039','2022-09-09 01:14:58.047088','110201','Chincha Alta','I'),('2022-09-09 01:14:58.135605','2022-09-09 01:14:58.135655','110202','Alto Laran','I'),('2022-09-09 01:14:58.196988','2022-09-09 01:14:58.197109','110203','Chavin','I'),('2022-09-09 01:14:58.263973','2022-09-09 01:14:58.264026','110204','Chincha Baja','I'),('2022-09-09 01:14:58.322401','2022-09-09 01:14:58.322450','110205','El Carmen','I'),('2022-09-09 01:14:58.381732','2022-09-09 01:14:58.381781','110206','Grocio Prado','I'),('2022-09-09 01:14:58.439914','2022-09-09 01:14:58.439965','110207','Pueblo Nuevo','I'),('2022-09-09 01:14:58.531197','2022-09-09 01:14:58.531249','110208','San Juan de Yanac','I'),('2022-09-09 01:14:58.589694','2022-09-09 01:14:58.589741','110209','San Pedro de Huacarpana','I'),('2022-09-09 01:14:58.653094','2022-09-09 01:14:58.653128','110210','Sunampe','I'),('2022-09-09 01:14:58.706587','2022-09-09 01:14:58.706641','110211','Tambo de Mora','I'),('2022-09-09 01:06:42.940182','2022-09-09 01:06:42.940228','110300','Nasca','P'),('2022-09-09 01:06:44.226808','2022-12-26 08:33:54.289939','110301','Nasca','I'),('2022-09-09 01:06:44.275196','2022-12-26 08:33:54.296921','110302','Changuillo','I'),('2022-09-09 01:06:44.329835','2022-12-26 08:33:54.305050','110303','El Ingenio','I'),('2022-09-09 01:06:44.375768','2022-12-26 08:33:54.313962','110304','Marcona','I'),('2022-09-09 01:06:44.425951','2022-12-26 08:33:54.320440','110305','Vista Alegre','I'),('2022-09-09 01:06:42.990313','2022-09-09 01:06:42.990360','110400','Palpa','P'),('2022-09-09 01:06:43.041310','2022-09-09 01:06:43.041363','110500','Pisco','P'),('2022-06-15 13:43:11.640186','2022-06-15 13:43:11.640233','120000','Junín','D'),('2022-09-09 11:35:00.825739','2022-09-09 11:35:00.825780','120100','Huancayo','P'),('2022-09-09 11:35:21.631016','2022-09-20 18:18:29.043491','120101','Huancayo','I'),('2022-09-09 11:35:21.756005','2022-09-20 18:18:29.108952','120104','Carhuacallanga','I'),('2022-09-09 11:35:21.932429','2022-09-20 18:18:29.151944','120105','Chacapampa','I'),('2022-09-09 11:35:22.057560','2022-09-20 18:18:29.202478','120106','Chicche','I'),('2022-09-09 11:35:22.138297','2022-09-20 18:18:29.267072','120107','Chilca','I'),('2022-09-09 11:35:22.191134','2022-09-20 18:18:29.311711','120108','Chongos Alto','I'),('2022-09-09 11:35:22.241352','2022-09-20 18:18:29.369443','120111','Chupuro','I'),('2022-09-09 11:35:22.307081','2022-09-20 18:18:29.430231','120112','Colca','I'),('2022-09-09 11:35:22.394229','2022-09-20 18:18:29.486389','120113','Cullhuas','I'),('2022-09-09 11:35:22.544890','2022-09-20 18:18:29.545102','120114','El Tambo','I'),('2022-09-09 11:35:22.691401','2022-09-20 18:18:29.595356','120116','Huacrapuquio','I'),('2022-09-09 11:35:22.740778','2022-09-20 18:18:29.653711','120117','Hualhuas','I'),('2022-09-09 11:35:22.790987','2022-09-20 18:18:29.712002','120119','Huancan','I'),('2022-09-09 11:35:22.841061','2022-09-20 18:18:29.769961','120120','Huasicancha','I'),('2022-09-09 11:35:22.890754','2022-09-20 18:18:29.831573','120121','Huayucachi','I'),('2022-09-09 11:35:22.941205','2022-09-20 18:18:29.878560','120122','Ingenio','I'),('2022-09-09 11:35:22.994110','2022-09-20 18:18:29.937631','120124','Pariahuanca','I'),('2022-09-09 11:35:23.098625','2022-09-20 18:18:29.995346','120125','Pilcomayo','I'),('2022-09-09 11:35:23.175463','2022-09-20 18:18:30.054082','120126','Pucara','I'),('2022-09-09 11:35:23.224154','2022-09-20 18:18:30.112082','120127','Quichuay','I'),('2022-09-09 11:35:23.291094','2022-09-20 18:18:30.171073','120128','Quilcas','I'),('2022-09-09 11:35:23.346823','2022-09-20 18:18:30.228922','120129','San Agustín','I'),('2022-09-09 11:35:23.414812','2022-09-20 18:18:30.293937','120130','San Jerónimo de Tunan','I'),('2022-09-09 11:35:23.464633','2022-09-20 18:18:30.337498','120132','Saño','I'),('2022-09-09 11:35:23.538694','2022-09-20 18:18:30.433310','120133','Sapallanga','I'),('2022-09-09 11:35:23.590414','2022-09-20 18:18:30.492614','120134','Sicaya','I'),('2022-09-09 11:35:23.648271','2022-09-20 18:18:30.559135','120135','Santo Domingo de Acobamba','I'),('2022-09-09 11:35:23.766354','2022-09-20 18:18:30.617428','120136','Viques','I'),('2022-09-09 11:35:00.887940','2022-09-09 11:35:00.887987','120200','Concepción','P'),('2022-09-09 11:41:38.865266','2022-10-11 11:42:02.506527','120201','Concepción','I'),('2022-09-09 11:41:38.923437','2022-10-11 11:42:02.766580','120202','Aco','I'),('2022-09-09 11:41:38.971913','2022-10-11 11:42:03.027712','120203','Andamarca','I'),('2022-09-09 11:41:39.054789','2022-10-11 11:42:03.361694','120204','Chambara','I'),('2022-09-09 11:41:39.105885','2022-10-11 11:42:03.490136','120205','Cochas','I'),('2022-09-09 11:41:39.162670','2022-10-11 11:42:03.619327','120206','Comas','I'),('2022-09-09 11:41:39.211643','2022-10-11 11:42:03.930063','120207','Heroínas Toledo','I'),('2022-09-09 11:41:39.270397','2022-10-11 11:42:04.153637','120208','Manzanares','I'),('2022-09-09 11:41:39.329613','2022-10-11 11:42:04.380247','120209','Mariscal Castilla','I'),('2022-09-09 11:41:39.387939','2022-10-11 11:42:04.620275','120210','Matahuasi','I'),('2022-09-09 11:41:39.438061','2022-10-11 11:42:04.729914','120211','Mito','I'),('2022-09-09 11:41:39.487455','2022-10-11 11:42:04.903663','120212','Nueve de Julio','I'),('2022-09-09 11:41:39.537686','2022-10-11 11:42:05.062730','120213','Orcotuna','I'),('2022-09-09 11:41:39.585102','2022-10-11 11:42:05.255009','120214','San José de Quero','I'),('2022-09-09 11:41:39.629208','2022-10-11 11:42:05.487734','120215','Santa Rosa de Ocopa','I'),('2022-09-09 11:35:00.938728','2022-09-09 11:35:00.938782','120300','Chanchamayo','P'),('2022-09-20 16:46:38.253317','2022-09-20 16:46:38.253357','120301','Chanchamayo','I'),('2022-09-20 16:46:38.312854','2022-09-20 16:46:38.312903','120302','Perene','I'),('2022-09-20 16:46:38.361988','2022-09-20 16:46:38.362425','120303','Pichanaqui','I'),('2022-09-20 16:46:38.433049','2022-09-20 16:46:38.433099','120304','San Luis de Shuaro','I'),('2022-09-20 16:46:38.513185','2022-09-20 16:46:38.513232','120305','San Ramón','I'),('2022-09-20 16:46:38.562969','2022-09-20 16:46:38.563017','120306','Vitoc','I'),('2022-09-09 11:35:00.987920','2022-09-09 11:35:00.987969','120400','Jauja','P'),('2022-09-20 19:31:39.533095','2022-09-20 19:31:39.533145','120401','Jauja','I'),('2022-09-20 19:31:39.590999','2022-09-20 19:31:39.591022','120402','Acolla','I'),('2022-09-20 19:31:39.650975','2022-09-20 19:31:39.651004','120403','Apata','I'),('2022-09-20 19:31:39.695095','2022-09-20 19:31:39.695138','120404','Ataura','I'),('2022-09-20 19:31:39.747447','2022-09-20 19:31:39.747494','120405','Canchayllo','I'),('2022-09-20 19:31:39.794459','2022-09-20 19:31:39.794500','120406','Curicaca','I'),('2022-09-20 19:31:39.844738','2022-09-20 19:31:39.844779','120407','El Mantaro','I'),('2022-09-20 19:31:39.902435','2022-09-20 19:31:39.902481','120408','Huamali','I'),('2022-09-20 19:31:39.966869','2022-09-20 19:31:39.967553','120409','Huaripampa','I'),('2022-09-20 19:31:40.028787','2022-09-20 19:31:40.028834','120410','Huertas','I'),('2022-09-20 19:31:40.087471','2022-09-20 19:31:40.087522','120411','Janjaillo','I'),('2022-09-20 19:31:40.146062','2022-09-20 19:31:40.146115','120412','Julcán','I'),('2022-09-20 19:31:40.200481','2022-09-20 19:31:40.200505','120413','Leonor Ordóñez','I'),('2022-09-20 19:31:40.299893','2022-09-20 19:31:40.299913','120414','Llocllapampa','I'),('2022-09-20 19:31:40.352960','2022-09-20 19:31:40.353001','120415','Marco','I'),('2022-09-20 19:31:40.410979','2022-09-20 19:31:40.411021','120416','Masma','I'),('2022-09-20 19:31:40.466581','2022-09-20 19:31:40.466631','120417','Masma Chicche','I'),('2022-09-20 19:31:40.537236','2022-09-20 19:31:40.537282','120418','Molinos','I'),('2022-09-20 19:31:40.597023','2022-09-20 19:31:40.597074','120419','Monobamba','I'),('2022-09-20 19:31:40.653828','2022-09-20 19:31:40.653879','120420','Muqui','I'),('2022-09-20 19:31:40.747569','2022-09-20 19:31:40.747622','120421','Muquiyauyo','I'),('2022-09-20 19:31:40.803873','2022-09-20 19:31:40.803922','120422','Paca','I'),('2022-09-20 19:31:40.863062','2022-09-20 19:31:40.863111','120423','Paccha','I'),('2022-09-20 19:31:40.912500','2022-09-20 19:31:40.912548','120424','Pancan','I'),('2022-09-20 19:31:40.967993','2022-09-20 19:31:40.968046','120425','Parco','I'),('2022-09-20 19:31:41.038482','2022-09-20 19:31:41.038534','120426','Pomacancha','I'),('2022-09-20 19:31:41.087726','2022-09-20 19:31:41.087777','120427','Ricran','I'),('2022-09-20 19:31:41.137923','2022-09-20 19:31:41.137971','120428','San Lorenzo','I'),('2022-09-20 19:31:41.188550','2022-09-20 19:31:41.188602','120429','San Pedro de Chunan','I'),('2022-09-20 19:31:41.242972','2022-09-20 19:31:41.243033','120430','Sausa','I'),('2022-09-20 19:31:41.287632','2022-09-20 19:31:41.287682','120431','Sincos','I'),('2022-09-20 19:31:41.337691','2022-09-20 19:31:41.337735','120432','Tunan Marca','I'),('2022-09-20 19:31:41.388044','2022-09-20 19:31:41.388093','120433','Yauli','I'),('2022-09-20 19:31:41.437979','2022-09-20 19:31:41.438029','120434','Yauyos','I'),('2022-09-09 11:35:01.038033','2022-09-09 11:35:01.038083','120500','Junín','P'),('2022-09-09 11:35:01.088275','2022-09-09 11:35:01.088326','120600','Satipo','P'),('2022-09-09 11:35:01.145240','2022-09-09 11:35:01.145279','120700','Tarma','P'),('2022-09-09 11:35:01.195113','2022-09-09 11:35:01.195137','120800','Yauli','P'),('2022-09-09 11:35:01.237501','2022-09-09 11:35:01.237534','120900','Chupaca','P'),('2022-06-15 13:43:11.823726','2022-06-15 13:43:11.823775','130000','La Libertad','D'),('2022-09-12 15:47:03.775916','2022-09-12 15:47:03.775961','130100','Trujillo','P'),('2022-09-12 15:47:03.849026','2022-09-12 15:47:03.849056','130200','Ascope','P'),('2022-09-12 15:47:03.975770','2022-09-12 15:47:03.975821','130300','Bolívar','P'),('2022-09-12 17:39:52.536796','2022-09-12 17:39:52.536820','130301','Bolívar','I'),('2022-09-12 17:39:52.589146','2022-09-12 17:39:52.589190','130302','Bambamarca','I'),('2022-09-12 17:39:52.648095','2022-09-12 17:39:52.648143','130303','Condormarca','I'),('2022-09-12 17:39:52.711917','2022-09-12 17:39:52.711969','130304','Longotea','I'),('2022-09-12 17:39:52.764866','2022-09-12 17:39:52.764915','130305','Uchumarca','I'),('2022-09-12 17:39:52.828811','2022-09-12 17:39:52.828864','130306','Ucuncha','I'),('2022-09-12 15:47:04.117763','2022-09-12 15:47:04.117816','130400','Chepén','P'),('2022-09-12 17:39:40.913717','2022-09-27 11:14:28.117096','130401','Chepen','I'),('2022-09-12 17:39:40.977762','2022-09-27 11:14:28.189598','130402','Pacanga','I'),('2022-09-12 17:39:41.026983','2022-09-27 11:14:28.247962','130403','Pueblo Nuevo','I'),('2022-09-12 15:47:04.296892','2022-09-12 15:47:04.296944','130500','Julcán','P'),('2022-09-12 15:47:06.953067','2022-09-20 18:33:25.508250','130501','Julcan','I'),('2022-09-12 15:47:07.190213','2022-09-20 18:33:25.567883','130502','Calamarca','I'),('2022-09-12 15:47:07.558345','2022-09-20 18:33:25.619231','130503','Carabamba','I'),('2022-09-12 15:47:07.678841','2022-09-20 18:33:25.668943','130504','Huaso','I'),('2022-09-12 15:47:04.412022','2022-09-12 15:47:04.412058','130600','Otuzco','P'),('2022-09-12 15:47:04.555540','2022-09-12 15:47:04.555592','130700','Pacasmayo','P'),('2022-09-12 15:49:09.449456','2022-09-12 15:55:10.136503','130701','San Pedro de Lloc','I'),('2022-09-12 15:49:09.586456','2022-09-12 15:55:10.232005','130702','Guadalupe','I'),('2022-09-12 15:49:09.712111','2022-09-12 15:55:10.293290','130703','Jequetepeque','I'),('2022-09-12 15:49:09.873386','2022-09-12 15:55:10.338315','130704','Pacasmayo','I'),('2022-09-12 15:49:09.930842','2022-09-12 15:55:10.388596','130705','San José','I'),('2022-09-12 15:47:04.689288','2022-09-12 15:47:04.689342','130800','Pataz','P'),('2022-09-12 15:47:04.780404','2022-09-12 15:47:04.780499','130900','Sánchez Carrión','P'),('2022-09-12 15:47:05.114575','2022-09-12 15:47:05.114626','131000','Santiago de Chuco','P'),('2022-09-12 15:47:05.398414','2022-09-12 15:47:05.398468','131100','Gran Chimú','P'),('2022-09-12 15:47:05.514923','2022-09-12 15:47:05.514992','131200','Virú','P'),('2022-06-15 13:43:11.923817','2022-06-15 13:43:11.923865','140000','Lambayeque','D'),('2022-09-09 11:34:47.897877','2022-09-09 11:34:47.897929','140100','Chiclayo','P'),('2022-09-09 11:34:50.120945','2022-09-29 11:02:49.919631','140101','Chiclayo','I'),('2022-09-09 11:34:50.174483','2022-09-29 11:02:49.988191','140102','Chongoyape','I'),('2022-09-09 11:34:50.257417','2022-09-29 11:02:50.045179','140103','Eten','I'),('2022-09-09 11:34:50.316597','2022-09-29 11:02:50.103510','140104','Eten Puerto','I'),('2022-09-09 11:34:50.374835','2022-09-29 11:02:50.162080','140105','José Leonardo Ortiz','I'),('2022-09-09 11:34:50.431070','2022-09-29 11:02:50.221226','140106','La Victoria','I'),('2022-09-09 11:34:50.489919','2022-09-29 11:02:50.279237','140107','Lagunas','I'),('2022-09-09 11:34:50.549080','2022-09-29 11:02:50.337462','140108','Monsefu','I'),('2022-09-09 11:34:50.608287','2022-09-29 11:02:50.407574','140109','Nueva Arica','I'),('2022-09-09 11:34:50.666799','2022-09-29 11:02:50.462078','140110','Oyotun','I'),('2022-09-09 11:34:50.725253','2022-09-29 11:02:50.520498','140111','Picsi','I'),('2022-09-09 11:34:50.780790','2022-09-29 11:02:50.576752','140112','Pimentel','I'),('2022-09-09 11:34:50.833783','2022-09-29 11:02:50.638050','140113','Reque','I'),('2022-09-09 11:34:50.891714','2022-09-29 11:02:50.695710','140114','Santa Rosa','I'),('2022-09-09 11:34:50.950480','2022-09-29 11:02:50.754703','140115','Saña','I'),('2022-09-09 11:34:51.009188','2022-09-29 11:02:50.812814','140116','Cayalti','I'),('2022-09-09 11:34:51.066660','2022-09-29 11:02:50.874361','140117','Patapo','I'),('2022-09-09 11:34:51.125928','2022-09-29 11:02:50.933319','140118','Pomalca','I'),('2022-09-09 11:34:51.184392','2022-09-29 11:02:50.991614','140119','Pucala','I'),('2022-09-09 11:34:51.242395','2022-09-29 11:02:51.051620','140120','Tuman','I'),('2022-09-09 11:34:47.950311','2022-09-09 11:34:47.950360','140200','Ferreñafe','P'),('2022-09-12 12:27:31.939912','2022-09-20 18:18:44.425336','140201','Ferreñafe','I'),('2022-09-12 12:27:31.993861','2022-09-20 18:18:44.471477','140202','Cañaris','I'),('2022-09-12 12:27:32.044190','2022-09-20 18:18:44.522985','140203','Incahuasi','I'),('2022-09-12 12:27:32.094300','2022-09-20 18:18:44.573685','140204','Manuel Antonio Mesones Muro','I'),('2022-09-12 12:27:32.145339','2022-09-20 18:18:44.624632','140205','Pitipo','I'),('2022-09-12 12:27:32.194241','2022-09-20 18:18:44.670662','140206','Pueblo Nuevo','I'),('2022-09-09 11:34:47.999772','2022-09-09 11:34:47.999818','140300','Lambayeque','P'),('2022-06-15 13:43:12.040962','2022-06-15 13:43:12.041011','150000','Lima','D'),('2022-09-09 11:34:39.507450','2022-09-09 11:34:39.507480','150100','Lima','P'),('2022-09-09 11:34:40.736736','2023-01-03 17:39:33.275642','150101','Lima','I'),('2022-09-09 11:34:40.817932','2023-01-03 17:39:33.281843','150102','Ancón','I'),('2022-09-09 11:34:40.865741','2023-01-03 17:39:33.285837','150103','Ate','I'),('2022-09-09 11:34:40.916567','2023-01-03 17:39:33.289763','150104','Barranco','I'),('2022-09-09 11:34:40.965374','2023-01-03 17:39:33.293415','150105','Breña','I'),('2022-09-09 11:34:41.031314','2023-01-03 17:39:33.296880','150106','Carabayllo','I'),('2022-09-09 11:34:41.075651','2023-01-03 17:39:33.300190','150107','Chaclacayo','I'),('2022-09-09 11:34:41.122852','2023-01-03 17:39:33.303533','150108','Chorrillos','I'),('2022-09-09 11:34:41.191616','2023-01-03 17:39:33.306474','150109','Cieneguilla','I'),('2022-09-09 11:34:41.241145','2023-01-03 17:39:33.309511','150110','Comas','I'),('2022-09-09 11:34:41.333769','2023-01-03 17:39:33.313038','150111','El Agustino','I'),('2022-09-09 11:34:41.383710','2023-01-03 17:39:33.316242','150112','Independencia','I'),('2022-09-09 11:34:41.442799','2023-01-03 17:39:33.319465','150113','Jesús María','I'),('2022-09-09 11:34:41.499230','2023-01-03 17:39:33.322305','150114','La Molina','I'),('2022-09-09 11:34:41.558347','2023-01-03 17:39:33.325742','150115','La Victoria','I'),('2022-09-09 11:34:41.641483','2023-01-03 17:39:33.328897','150116','Lince','I'),('2022-09-09 11:34:41.699358','2023-01-03 17:39:33.332017','150117','Los Olivos','I'),('2022-09-09 11:34:41.771729','2023-01-03 17:39:33.335114','150118','Lurigancho','I'),('2022-09-09 11:34:41.817680','2023-01-03 17:39:33.337901','150119','Lurin','I'),('2022-09-09 11:34:41.899131','2023-01-03 17:39:33.341084','150120','Magdalena del Mar','I'),('2022-09-09 11:34:41.957974','2023-01-03 17:39:33.344206','150121','Pueblo Libre','I'),('2022-09-09 11:34:42.012880','2023-01-03 17:39:33.347288','150122','Miraflores','I'),('2022-09-09 11:34:42.064652','2023-01-03 17:39:33.350164','150123','Pachacamac','I'),('2022-09-09 11:34:42.193753','2023-01-03 17:39:33.353313','150124','Pucusana','I'),('2022-09-09 11:34:42.248945','2023-01-03 17:39:33.356073','150125','Puente Piedra','I'),('2022-09-09 11:34:42.299321','2023-01-03 17:39:33.359200','150126','Punta Hermosa','I'),('2022-09-09 11:34:42.352687','2023-01-03 17:39:33.361891','150127','Punta Negra','I'),('2022-09-09 11:34:42.430665','2023-01-03 17:39:33.364975','150128','Rímac','I'),('2022-09-09 11:34:42.475648','2023-01-03 17:39:33.367960','150129','San Bartolo','I'),('2022-09-09 11:34:42.517195','2023-01-03 17:39:33.375012','150130','San Borja','I'),('2022-09-09 11:34:42.637180','2023-01-03 17:39:33.383791','150131','San Isidro','I'),('2022-09-09 11:34:42.686084','2023-01-03 17:39:33.387839','150132','San Juan de Lurigancho','I'),('2022-09-09 11:34:42.766159','2023-01-03 17:39:33.391756','150133','San Juan de Miraflores','I'),('2022-09-09 11:34:42.819867','2023-01-03 17:39:33.394446','150134','San Luis','I'),('2022-09-09 11:34:42.927726','2023-01-03 17:39:33.397319','150135','San Martín de Porres','I'),('2022-09-09 11:34:42.977521','2023-01-03 17:39:33.399908','150136','San Miguel','I'),('2022-09-09 11:34:43.028860','2023-01-03 17:39:33.402752','150137','Santa Anita','I'),('2022-09-09 11:34:43.078583','2023-01-03 17:39:33.405369','150138','Santa María del Mar','I'),('2022-09-09 11:34:43.130621','2023-01-03 17:39:33.408629','150139','Santa Rosa','I'),('2022-09-09 11:34:43.178987','2023-01-03 17:39:33.411592','150140','Santiago de Surco','I'),('2022-09-09 11:34:43.225590','2023-01-03 17:39:33.414218','150141','Surquillo','I'),('2022-09-09 11:34:43.299707','2023-01-03 17:39:33.417399','150142','Villa El Salvador','I'),('2022-09-09 11:34:43.353133','2023-01-03 17:39:33.420614','150143','Villa María del Triunfo','I'),('2022-09-09 11:34:39.562868','2022-09-09 11:34:39.562911','150200','Barranca','P'),('2022-09-09 11:34:39.604446','2022-09-09 11:34:39.604531','150300','Cajatambo','P'),('2022-09-12 16:19:58.337257','2022-09-12 16:19:58.337289','150301','Cajatambo','I'),('2022-09-12 16:19:58.392778','2022-09-12 16:19:58.392828','150302','Copa','I'),('2022-09-12 16:19:58.448373','2022-09-12 16:19:58.448424','150303','Gorgor','I'),('2022-09-12 16:19:58.507025','2022-09-12 16:19:58.507076','150304','Huancapon','I'),('2022-09-12 16:19:58.564484','2022-09-12 16:19:58.564531','150305','Manas','I'),('2022-09-09 11:34:39.646542','2022-09-09 11:34:39.646589','150400','Canta','P'),('2022-09-21 10:59:14.458788','2022-09-21 10:59:14.458822','150401','Canta','I'),('2022-09-21 10:59:14.560462','2022-09-21 10:59:14.560495','150402','Arahuay','I'),('2022-09-21 10:59:14.722060','2022-09-21 10:59:14.722080','150403','Huamantanga','I'),('2022-09-21 10:59:14.846495','2022-09-21 10:59:14.846541','150404','Huaros','I'),('2022-09-21 10:59:14.907930','2022-09-21 10:59:14.907980','150405','Lachaqui','I'),('2022-09-21 10:59:15.017040','2022-09-21 10:59:15.017089','150406','San Buenaventura','I'),('2022-09-21 10:59:15.099362','2022-09-21 10:59:15.099411','150407','Santa Rosa de Quives','I'),('2022-09-09 11:34:39.689394','2022-09-09 11:34:39.689443','150500','Cañete','P'),('2022-09-21 10:59:04.263254','2022-09-21 10:59:04.263296','150501','San Vicente de Cañete','I'),('2022-09-21 10:59:04.591953','2022-09-21 10:59:04.592003','150502','Asia','I'),('2022-09-21 10:59:04.734129','2022-09-21 10:59:04.734181','150503','Calango','I'),('2022-09-21 10:59:04.866311','2022-09-21 10:59:04.866362','150504','Cerro Azul','I'),('2022-09-21 10:59:05.041429','2022-09-21 10:59:05.041486','150505','Chilca','I'),('2022-09-21 10:59:05.174145','2022-09-21 10:59:05.174198','150506','Coayllo','I'),('2022-09-21 10:59:05.341376','2022-09-21 10:59:05.341430','150507','Imperial','I'),('2022-09-21 10:59:05.475052','2022-09-21 10:59:05.475105','150508','Lunahuana','I'),('2022-09-21 10:59:05.671655','2022-09-21 10:59:05.671705','150509','Mala','I'),('2022-09-21 10:59:05.855034','2022-09-21 10:59:05.855087','150510','Nuevo Imperial','I'),('2022-09-21 10:59:06.274603','2022-09-21 10:59:06.274654','150511','Pacaran','I'),('2022-09-21 10:59:06.441472','2022-09-21 10:59:06.441520','150512','Quilmana','I'),('2022-09-21 10:59:06.542837','2022-09-21 10:59:06.542888','150513','San Antonio','I'),('2022-09-21 10:59:06.675642','2022-09-21 10:59:06.675692','150514','San Luis','I'),('2022-09-21 10:59:06.809293','2022-09-21 10:59:06.809343','150515','Santa Cruz de Flores','I'),('2022-09-21 10:59:06.992406','2022-09-21 10:59:06.992457','150516','Zúñiga','I'),('2022-09-09 11:34:39.772378','2022-09-09 11:34:39.772432','150600','Huaral','P'),('2022-09-09 11:34:39.822207','2022-09-09 11:34:39.822270','150700','Huarochirí','P'),('2022-09-09 11:34:39.872419','2022-09-09 11:34:39.872949','150800','Huaura','P'),('2022-09-20 19:31:09.624160','2022-09-20 19:31:09.624208','150801','Huacho','I'),('2022-09-20 19:31:09.868193','2022-09-20 19:31:09.868245','150802','Ambar','I'),('2022-09-20 19:31:10.051464','2022-09-20 19:31:10.051514','150803','Caleta de Carquin','I'),('2022-09-20 19:31:10.169624','2022-09-20 19:31:10.169676','150804','Checras','I'),('2022-09-20 19:31:10.303520','2022-09-20 19:31:10.303577','150805','Hualmay','I'),('2022-09-20 19:31:10.493414','2022-09-20 19:31:10.493458','150806','Huaura','I'),('2022-09-20 19:31:10.653136','2022-09-20 19:31:10.653187','150807','Leoncio Prado','I'),('2022-09-20 19:31:10.843419','2022-09-20 19:31:10.843472','150808','Paccho','I'),('2022-09-20 19:31:10.988311','2022-09-20 19:31:10.988363','150809','Santa Leonor','I'),('2022-09-20 19:31:11.160211','2022-09-20 19:31:11.160263','150810','Santa María','I'),('2022-09-20 19:31:11.294048','2022-09-20 19:31:11.294099','150811','Sayan','I'),('2022-09-20 19:31:11.483721','2022-09-20 19:31:11.483752','150812','Vegueta','I'),('2022-09-09 11:34:39.920182','2022-09-09 11:34:39.920209','150900','Oyón','P'),('2022-09-09 11:34:39.963877','2022-09-09 11:34:39.963922','151000','Yauyos','P'),('2022-06-15 13:43:12.224473','2022-06-15 13:43:12.224524','160000','Loreto','D'),('2022-09-27 11:14:39.566068','2022-09-27 11:14:39.566112','160100','Maynas','P'),('2022-09-27 11:14:39.620079','2022-09-27 11:14:39.620125','160200','Alto Amazonas','P'),('2022-09-27 11:14:39.678501','2022-09-27 11:14:39.678547','160300','Loreto','P'),('2022-09-27 11:14:40.943805','2022-09-27 11:14:40.943842','160301','Nauta','I'),('2022-09-27 11:14:41.013859','2022-09-27 11:14:41.013902','160302','Parinari','I'),('2022-09-27 11:14:41.072019','2022-09-27 11:14:41.072062','160303','Tigre','I'),('2022-09-27 11:14:41.130486','2022-09-27 11:14:41.130531','160304','Trompeteros','I'),('2022-09-27 11:14:41.190011','2022-09-27 11:14:41.190060','160305','Urarinas','I'),('2022-09-27 11:14:39.736876','2022-09-27 11:14:39.736925','160400','Mariscal Ramón Castilla','P'),('2022-09-27 11:14:39.794877','2022-09-27 11:14:39.794923','160500','Requena','P'),('2022-09-27 11:14:39.845126','2022-09-27 11:14:39.845171','160600','Ucayali','P'),('2022-09-27 11:14:39.895328','2022-09-27 11:14:39.895375','160700','Datem del Marañón','P'),('2022-09-27 11:14:39.953820','2022-09-27 11:14:39.953867','160800','Putumayo','P'),('2022-06-15 13:43:12.415210','2022-06-15 13:43:12.415262','170000','Madre de Dios','D'),('2022-09-12 17:39:42.965504','2022-09-12 17:39:42.965558','170100','Tambopata','P'),('2022-09-12 17:39:44.020495','2022-09-28 08:51:02.397696','170101','Tambopata','I'),('2022-09-12 17:39:44.079627','2022-09-28 08:51:02.513387','170102','Inambari','I'),('2022-09-12 17:39:44.128912','2022-09-28 08:51:02.654655','170103','Las Piedras','I'),('2022-09-12 17:39:44.181355','2022-09-28 08:51:02.784544','170104','Laberinto','I'),('2022-09-12 17:39:43.027388','2022-09-12 17:39:43.027441','170200','Manu','P'),('2023-01-03 11:06:07.003361','2023-01-03 11:06:26.785858','170201','Manu','I'),('2023-01-03 11:06:07.008812','2023-01-03 11:06:26.815471','170202','Fitzcarrald','I'),('2023-01-03 11:06:07.014297','2023-01-03 11:06:26.836046','170203','Madre de Dios','I'),('2023-01-03 11:06:07.017897','2023-01-03 11:06:26.866511','170204','Huepetuhe','I'),('2022-09-12 17:39:43.077955','2022-09-12 17:39:43.078012','170300','Tahuamanu','P'),('2022-06-15 13:43:12.598454','2022-06-15 13:43:12.598505','180000','Moquegua','D'),('2022-09-28 08:49:24.136346','2022-09-28 08:49:24.136380','180100','Mariscal Nieto','P'),('2022-09-28 08:49:25.742828','2022-09-28 08:49:25.742864','180101','Moquegua','I'),('2022-09-28 08:49:25.839862','2022-09-28 08:49:25.839911','180102','Carumas','I'),('2022-09-28 08:49:25.888802','2022-09-28 08:49:25.888848','180103','Cuchumbaya','I'),('2022-09-28 08:49:25.948925','2022-09-28 08:49:25.948973','180104','Samegua','I'),('2022-09-28 08:49:25.999806','2022-09-28 08:49:25.999854','180105','San Cristóbal','I'),('2022-09-28 08:49:26.049890','2022-09-28 08:49:26.049940','180106','Torata','I'),('2022-09-28 08:49:24.195131','2022-09-28 08:49:24.195181','180200','General Sánchez Cerro','P'),('2022-09-28 08:49:24.245314','2022-09-28 08:49:24.245363','180300','Ilo','P'),('2022-06-15 13:43:12.748474','2022-06-15 13:43:12.748524','190000','Pasco','D'),('2022-06-15 13:43:12.857140','2022-06-15 13:43:12.857189','200000','Piura','D'),('2022-06-15 13:43:12.965318','2022-06-15 13:43:12.965367','210000','Puno','D'),('2022-09-09 09:23:38.530330','2022-09-09 09:23:38.530349','210100','Puno','P'),('2022-10-11 08:26:35.025754','2022-12-27 15:08:06.119970','210101','Puno','I'),('2022-10-11 08:26:35.094051','2022-12-27 15:08:06.124156','210102','Acora','I'),('2022-10-11 08:26:35.152427','2022-12-27 15:08:06.127944','210103','Amantani','I'),('2022-10-11 08:26:35.210658','2022-12-27 15:08:06.131387','210104','Atuncolla','I'),('2022-10-11 08:26:35.270236','2022-12-27 15:08:06.134580','210105','Capachica','I'),('2022-10-11 08:26:35.326638','2022-12-27 15:08:06.137804','210106','Chucuito','I'),('2022-10-11 08:26:35.385278','2022-12-27 15:08:06.140863','210107','Coata','I'),('2022-10-11 08:26:35.444084','2022-12-27 15:08:06.143845','210108','Huata','I'),('2022-10-11 08:26:35.502596','2022-12-27 15:08:06.147041','210109','Mañazo','I'),('2022-10-11 08:26:35.561938','2022-12-27 15:08:06.150118','210110','Paucarcolla','I'),('2022-10-11 08:26:35.630953','2022-12-27 15:08:06.153145','210111','Pichacani','I'),('2022-10-11 08:26:35.688620','2022-12-27 15:08:06.156484','210112','Plateria','I'),('2022-10-11 08:26:35.748223','2022-12-27 15:08:06.159275','210113','San Antonio','I'),('2022-10-11 08:26:35.806087','2022-12-27 15:08:06.162370','210114','Tiquillaca','I'),('2022-10-11 08:26:35.864055','2022-12-27 15:08:06.165363','210115','Vilque','I'),('2022-09-09 09:23:38.590973','2022-09-09 09:23:38.590989','210200','Azángaro','P'),('2022-09-13 08:54:36.417120','2022-09-13 08:54:36.417163','210201','Azángaro','I'),('2022-09-13 08:54:36.467991','2022-09-13 08:54:36.468035','210202','Achaya','I'),('2022-09-13 08:54:36.776684','2022-09-13 08:54:36.776731','210203','Arapa','I'),('2022-09-13 08:54:36.835042','2022-09-13 08:54:36.835095','210204','Asillo','I'),('2022-09-13 08:54:36.893387','2022-09-13 08:54:36.893437','210205','Caminaca','I'),('2022-09-13 08:54:36.952386','2022-09-13 08:54:36.952436','210206','Chupa','I'),('2022-09-13 08:54:37.016563','2022-09-13 08:54:37.016598','210207','José Domingo Choquehuanca','I'),('2022-09-13 08:54:37.068165','2022-09-13 08:54:37.068213','210208','Muñani','I'),('2022-09-13 08:54:37.126398','2022-09-13 08:54:37.126444','210209','Potoni','I'),('2022-09-13 08:54:37.184708','2022-09-13 08:54:37.184753','210210','Saman','I'),('2022-09-13 08:54:37.243698','2022-09-13 08:54:37.243745','210211','San Anton','I'),('2022-09-13 08:54:37.301795','2022-09-13 08:54:37.301841','210212','San José','I'),('2022-09-13 08:54:37.360380','2022-09-13 08:54:37.360427','210213','San Juan de Salinas','I'),('2022-09-13 08:54:37.409972','2022-09-13 08:54:37.410021','210214','Santiago de Pupuja','I'),('2022-09-13 08:54:37.476684','2022-09-13 08:54:37.476732','210215','Tirapata','I'),('2022-09-09 09:23:38.638005','2022-09-09 09:23:38.638049','210300','Carabaya','P'),('2022-09-09 09:23:38.679657','2022-09-09 09:23:38.679700','210400','Chucuito','P'),('2022-09-09 09:23:38.722152','2022-09-09 09:23:38.722196','210500','El Collao','P'),('2022-09-09 09:23:38.780029','2022-09-09 09:23:38.780076','210600','Huancané','P'),('2023-01-03 12:05:41.855467','2023-01-03 12:05:41.855494','210601','Huancane','I'),('2023-01-03 12:05:41.858914','2023-01-03 12:05:41.858933','210602','Cojata','I'),('2023-01-03 12:05:41.861859','2023-01-03 12:05:41.861876','210603','Huatasani','I'),('2023-01-03 12:05:41.864804','2023-01-03 12:05:41.864821','210604','Inchupalla','I'),('2023-01-03 12:05:41.867842','2023-01-03 12:05:41.867859','210605','Pusi','I'),('2023-01-03 12:05:41.870576','2023-01-03 12:05:41.870592','210606','Rosaspata','I'),('2023-01-03 12:05:41.872998','2023-01-03 12:05:41.873014','210607','Taraco','I'),('2023-01-03 12:05:41.875649','2023-01-03 12:05:41.875664','210608','Vilque Chico','I'),('2022-09-09 09:23:38.830250','2022-09-09 09:23:38.830298','210700','Lampa','P'),('2022-09-09 09:23:38.880546','2022-09-09 09:23:38.880596','210800','Melgar','P'),('2022-09-09 09:23:44.139888','2022-12-27 15:06:55.256550','210801','Ayaviri','I'),('2022-09-09 09:23:44.207238','2022-12-27 15:06:55.260588','210802','Antauta','I'),('2022-09-09 09:23:44.257079','2022-12-27 15:06:55.264015','210803','Cupi','I'),('2022-09-09 09:23:44.306884','2022-12-27 15:06:55.267542','210804','Llalli','I'),('2022-09-09 09:23:44.357043','2022-12-27 15:06:55.270634','210805','Macari','I'),('2022-09-09 09:23:44.407113','2022-12-27 15:06:55.273604','210806','Nuñoa','I'),('2022-09-09 09:23:44.457405','2022-12-27 15:06:55.276564','210807','Orurillo','I'),('2022-09-09 09:23:44.531018','2022-12-27 15:06:55.279414','210808','Santa Rosa','I'),('2022-09-09 09:23:44.639211','2022-12-27 15:06:55.282537','210809','Umachiri','I'),('2022-09-09 09:23:38.944857','2022-09-09 09:23:38.944881','210900','Moho','P'),('2022-09-09 09:23:39.027848','2022-09-09 09:23:39.027868','211000','San Antonio de Putina','P'),('2022-09-09 09:23:39.071381','2022-09-09 09:23:39.071423','211100','San Román','P'),('2023-01-03 12:05:30.312949','2023-01-03 12:11:34.523372','211101','Juliaca','I'),('2023-01-03 12:05:30.318967','2023-01-03 12:11:34.540138','211102','Cabana','I'),('2023-01-03 12:05:30.322615','2023-01-03 12:11:34.561060','211103','Cabanillas','I'),('2023-01-03 12:05:30.326019','2023-01-03 12:11:34.575594','211104','Caracoto','I'),('2023-01-03 12:05:30.329326','2023-01-03 12:11:34.596945','211105','San Miguel','I'),('2022-09-09 09:23:39.113104','2022-09-09 09:23:39.113146','211200','Sandia','P'),('2022-09-09 09:23:39.163790','2022-09-09 09:23:39.163838','211300','Yunguyo','P'),('2022-06-15 13:43:13.124767','2022-06-15 13:43:13.124819','220000','San Martín','D'),('2022-06-15 13:43:13.232199','2022-06-15 13:43:13.232247','230000','Tacna','D'),('2022-09-08 15:36:09.176756','2022-09-08 15:36:09.176800','230100','Tacna','P'),('2022-09-08 15:36:10.935546','2022-12-26 08:23:26.529111','230101','Tacna','I'),('2022-09-08 15:36:11.022634','2022-12-26 08:23:26.533928','230102','Alto de la Alianza','I'),('2022-09-08 15:36:11.109175','2022-12-26 08:23:26.537959','230103','Calana','I'),('2022-09-08 15:36:11.239821','2022-12-26 08:23:26.541659','230104','Ciudad Nueva','I'),('2022-09-08 15:36:11.345673','2022-12-26 08:23:26.544761','230105','Inclan','I'),('2022-09-08 15:36:11.397628','2022-12-26 08:23:26.548237','230106','Pachia','I'),('2022-09-08 15:36:11.453226','2022-12-26 08:23:26.551687','230107','Palca','I'),('2022-09-08 15:36:11.523325','2022-12-26 08:23:26.555012','230108','Pocollay','I'),('2022-09-08 15:36:11.579089','2022-12-26 08:23:26.558403','230109','Sama','I'),('2022-09-08 15:36:11.632428','2022-12-26 08:23:26.561674','230110','Coronel Gregorio Albarracín Lanchipa','I'),('2022-09-08 15:36:11.690025','2022-12-26 08:23:26.564590','230111','La Yarada los Palos','I'),('2022-09-08 15:36:09.244762','2022-09-08 15:36:09.244803','230200','Candarave','P'),('2022-09-08 15:36:09.301674','2022-09-08 15:36:09.301696','230300','Jorge Basadre','P'),('2022-09-08 15:36:09.353669','2022-09-08 15:36:09.353714','230400','Tarata','P'),('2022-06-15 13:43:13.357758','2022-06-15 13:43:13.357823','240000','Tumbes','D'),('2022-06-15 13:43:13.466048','2022-06-15 13:43:13.466096','250000','Ucayali','D');
/*!40000 ALTER TABLE `app_ubigeo` ENABLE KEYS */;
UNLOCK TABLES;

--
-- Table structure for table `auth_group`
--

DROP TABLE IF EXISTS `auth_group`;
/*!40101 SET @saved_cs_client     = @@character_set_client */;
/*!40101 SET character_set_client = utf8 */;
CREATE TABLE `auth_group` (
  `id` int(11) NOT NULL AUTO_INCREMENT,
  `name` varchar(150) NOT NULL,
  PRIMARY KEY (`id`),
  UNIQUE KEY `name` (`name`)
) ENGINE=InnoDB DEFAULT CHARSET=latin1;
/*!40101 SET character_set_client = @saved_cs_client */;

--
-- Dumping data for table `auth_group`
--

LOCK TABLES `auth_group` WRITE;
/*!40000 ALTER TABLE `auth_group` DISABLE KEYS */;
/*!40000 ALTER TABLE `auth_group` ENABLE KEYS */;
UNLOCK TABLES;

--
-- Table structure for table `auth_group_permissions`
--

DROP TABLE IF EXISTS `auth_group_permissions`;
/*!40101 SET @saved_cs_client     = @@character_set_client */;
/*!40101 SET character_set_client = utf8 */;
CREATE TABLE `auth_group_permissions` (
  `id` bigint(20) NOT NULL AUTO_INCREMENT,
  `group_id` int(11) NOT NULL,
  `permission_id` int(11) NOT NULL,
  PRIMARY KEY (`id`),
  UNIQUE KEY `auth_group_permissions_group_id_permission_id_0cd325b0_uniq` (`group_id`,`permission_id`),
  KEY `auth_group_permissio_permission_id_84c5c92e_fk_auth_perm` (`permission_id`),
  CONSTRAINT `auth_group_permissio_permission_id_84c5c92e_fk_auth_perm` FOREIGN KEY (`permission_id`) REFERENCES `auth_permission` (`id`),
  CONSTRAINT `auth_group_permissions_group_id_b120cbf9_fk_auth_group_id` FOREIGN KEY (`group_id`) REFERENCES `auth_group` (`id`)
) ENGINE=InnoDB DEFAULT CHARSET=latin1;
/*!40101 SET character_set_client = @saved_cs_client */;

--
-- Dumping data for table `auth_group_permissions`
--

LOCK TABLES `auth_group_permissions` WRITE;
/*!40000 ALTER TABLE `auth_group_permissions` DISABLE KEYS */;
/*!40000 ALTER TABLE `auth_group_permissions` ENABLE KEYS */;
UNLOCK TABLES;

--
-- Table structure for table `auth_permission`
--

DROP TABLE IF EXISTS `auth_permission`;
/*!40101 SET @saved_cs_client     = @@character_set_client */;
/*!40101 SET character_set_client = utf8 */;
CREATE TABLE `auth_permission` (
  `id` int(11) NOT NULL AUTO_INCREMENT,
  `name` varchar(255) NOT NULL,
  `content_type_id` int(11) NOT NULL,
  `codename` varchar(100) NOT NULL,
  PRIMARY KEY (`id`),
  UNIQUE KEY `auth_permission_content_type_id_codename_01ab375a_uniq` (`content_type_id`,`codename`),
  CONSTRAINT `auth_permission_content_type_id_2f476e4b_fk_django_co` FOREIGN KEY (`content_type_id`) REFERENCES `django_content_type` (`id`)
) ENGINE=InnoDB AUTO_INCREMENT=205 DEFAULT CHARSET=latin1;
/*!40101 SET character_set_client = @saved_cs_client */;

--
-- Dumping data for table `auth_permission`
--

LOCK TABLES `auth_permission` WRITE;
/*!40000 ALTER TABLE `auth_permission` DISABLE KEYS */;
INSERT INTO `auth_permission` VALUES (1,'Can add log entry',1,'add_logentry'),(2,'Can change log entry',1,'change_logentry'),(3,'Can delete log entry',1,'delete_logentry'),(4,'Can view log entry',1,'view_logentry'),(5,'Can add permission',2,'add_permission'),(6,'Can change permission',2,'change_permission'),(7,'Can delete permission',2,'delete_permission'),(8,'Can view permission',2,'view_permission'),(9,'Can add group',3,'add_group'),(10,'Can change group',3,'change_group'),(11,'Can delete group',3,'delete_group'),(12,'Can view group',3,'view_group'),(13,'Can add content type',4,'add_contenttype'),(14,'Can change content type',4,'change_contenttype'),(15,'Can delete content type',4,'delete_contenttype'),(16,'Can view content type',4,'view_contenttype'),(17,'Can add session',5,'add_session'),(18,'Can change session',5,'change_session'),(19,'Can delete session',5,'delete_session'),(20,'Can view session',5,'view_session'),(21,'Can add user',6,'add_customuser'),(22,'Can change user',6,'change_customuser'),(23,'Can delete user',6,'delete_customuser'),(24,'Can view user',6,'view_customuser'),(25,'Can add Administrador',7,'add_administrador'),(26,'Can change Administrador',7,'change_administrador'),(27,'Can delete Administrador',7,'delete_administrador'),(28,'Can view Administrador',7,'view_administrador'),(29,'Can add Aula',8,'add_aula'),(30,'Can change Aula',8,'change_aula'),(31,'Can delete Aula',8,'delete_aula'),(32,'Can view Aula',8,'view_aula'),(33,'Can add Preguntas de balotario',9,'add_balota_preguntas_curso'),(34,'Can change Preguntas de balotario',9,'change_balota_preguntas_curso'),(35,'Can delete Preguntas de balotario',9,'delete_balota_preguntas_curso'),(36,'Can view Preguntas de balotario',9,'view_balota_preguntas_curso'),(37,'Can add Ciclo',10,'add_ciclo'),(38,'Can change Ciclo',10,'change_ciclo'),(39,'Can delete Ciclo',10,'delete_ciclo'),(40,'Can view Ciclo',10,'view_ciclo'),(41,'Can add colegio',11,'add_colegio'),(42,'Can change colegio',11,'change_colegio'),(43,'Can delete colegio',11,'delete_colegio'),(44,'Can view colegio',11,'view_colegio'),(45,'Can add Compromiso de Pago',12,'add_compromiso_pago'),(46,'Can change Compromiso de Pago',12,'change_compromiso_pago'),(47,'Can delete Compromiso de Pago',12,'delete_compromiso_pago'),(48,'Can view Compromiso de Pago',12,'view_compromiso_pago'),(49,'Can add Detalle Compromiso Pago',13,'add_detalle_compromiso_de_pago'),(50,'Can change Detalle Compromiso Pago',13,'change_detalle_compromiso_de_pago'),(51,'Can delete Detalle Compromiso Pago',13,'delete_detalle_compromiso_de_pago'),(52,'Can view Detalle Compromiso Pago',13,'view_detalle_compromiso_de_pago'),(53,'Can add Docente',14,'add_docente'),(54,'Can change Docente',14,'change_docente'),(55,'Can delete Docente',14,'delete_docente'),(56,'Can view Docente',14,'view_docente'),(57,'Can add documentos_inscripcion',15,'add_documentos_inscripcion'),(58,'Can change documentos_inscripcion',15,'change_documentos_inscripcion'),(59,'Can delete documentos_inscripcion',15,'delete_documentos_inscripcion'),(60,'Can view documentos_inscripcion',15,'view_documentos_inscripcion'),(61,'Can add Escuela Profesional',16,'add_escuela_profesional'),(62,'Can change Escuela Profesional',16,'change_escuela_profesional'),(63,'Can delete Escuela Profesional',16,'delete_escuela_profesional'),(64,'Can view Escuela Profesional',16,'view_escuela_profesional'),(65,'Can add Estudiante',17,'add_estudiante'),(66,'Can change Estudiante',17,'change_estudiante'),(67,'Can delete Estudiante',17,'delete_estudiante'),(68,'Can view Estudiante',17,'view_estudiante'),(69,'Can add Examen',18,'add_examen'),(70,'Can change Examen',18,'change_examen'),(71,'Can delete Examen',18,'delete_examen'),(72,'Can view Examen',18,'view_examen'),(73,'Can add Notas Estudiante',19,'add_examen_estudiante'),(74,'Can change Notas Estudiante',19,'change_examen_estudiante'),(75,'Can delete Notas Estudiante',19,'delete_examen_estudiante'),(76,'Can view Notas Estudiante',19,'view_examen_estudiante'),(77,'Can add Examen por grupo',20,'add_examen_grupo'),(78,'Can change Examen por grupo',20,'change_examen_grupo'),(79,'Can delete Examen por grupo',20,'delete_examen_grupo'),(80,'Can view Examen por grupo',20,'view_examen_grupo'),(81,'Can add Grupo Academico',21,'add_grupo_academico'),(82,'Can change Grupo Academico',21,'change_grupo_academico'),(83,'Can delete Grupo Academico',21,'delete_grupo_academico'),(84,'Can view Grupo Academico',21,'view_grupo_academico'),(85,'Can add Horario',22,'add_horario'),(86,'Can change Horario',22,'change_horario'),(87,'Can delete Horario',22,'delete_horario'),(88,'Can view Horario',22,'view_horario'),(89,'Can add Padron de Cursos',23,'add_padron_curso'),(90,'Can change Padron de Cursos',23,'change_padron_curso'),(91,'Can delete Padron de Cursos',23,'delete_padron_curso'),(92,'Can view Padron de Cursos',23,'view_padron_curso'),(93,'Can add Padron de Requisito Inscripcion',24,'add_padron_documento_requisito'),(94,'Can change Padron de Requisito Inscripcion',24,'change_padron_documento_requisito'),(95,'Can delete Padron de Requisito Inscripcion',24,'delete_padron_documento_requisito'),(96,'Can view Padron de Requisito Inscripcion',24,'view_padron_documento_requisito'),(97,'Can add Pago',25,'add_pago'),(98,'Can change Pago',25,'change_pago'),(99,'Can delete Pago',25,'delete_pago'),(100,'Can view Pago',25,'view_pago'),(101,'Can add Persona',26,'add_persona'),(102,'Can change Persona',26,'change_persona'),(103,'Can delete Persona',26,'delete_persona'),(104,'Can view Persona',26,'view_persona'),(105,'Can add Pregunta examen',27,'add_preguntas_examen_grupo'),(106,'Can change Pregunta examen',27,'change_preguntas_examen_grupo'),(107,'Can delete Pregunta examen',27,'delete_preguntas_examen_grupo'),(108,'Can view Pregunta examen',27,'view_preguntas_examen_grupo'),(109,'Can add Configuracion',28,'add_tabla_configuraciones'),(110,'Can change Configuracion',28,'change_tabla_configuraciones'),(111,'Can delete Configuracion',28,'delete_tabla_configuraciones'),(112,'Can view Configuracion',28,'view_tabla_configuraciones'),(113,'Can add ubigeo',29,'add_ubigeo'),(114,'Can change ubigeo',29,'change_ubigeo'),(115,'Can delete ubigeo',29,'delete_ubigeo'),(116,'Can view ubigeo',29,'view_ubigeo'),(117,'Can add Sede',30,'add_sede'),(118,'Can change Sede',30,'change_sede'),(119,'Can delete Sede',30,'delete_sede'),(120,'Can view Sede',30,'view_sede'),(121,'Can add Resultado examen estudiante',31,'add_resultados_examen_estudiante'),(122,'Can change Resultado examen estudiante',31,'change_resultados_examen_estudiante'),(123,'Can delete Resultado examen estudiante',31,'delete_resultados_examen_estudiante'),(124,'Can view Resultado examen estudiante',31,'view_resultados_examen_estudiante'),(125,'Can add registro_tesoreria',32,'add_registro_tesoreria'),(126,'Can change registro_tesoreria',32,'change_registro_tesoreria'),(127,'Can delete registro_tesoreria',32,'delete_registro_tesoreria'),(128,'Can view registro_tesoreria',32,'view_registro_tesoreria'),(129,'Can add Preinscripcion',33,'add_preinscripcion'),(130,'Can change Preinscripcion',33,'change_preinscripcion'),(131,'Can delete Preinscripcion',33,'delete_preinscripcion'),(132,'Can view Preinscripcion',33,'view_preinscripcion'),(133,'Can add Padron cursos por grupo',34,'add_padron_cursos_grupo'),(134,'Can change Padron cursos por grupo',34,'change_padron_cursos_grupo'),(135,'Can delete Padron cursos por grupo',34,'delete_padron_cursos_grupo'),(136,'Can view Padron cursos por grupo',34,'view_padron_cursos_grupo'),(137,'Can add Pabellon',35,'add_pabellon'),(138,'Can change Pabellon',35,'change_pabellon'),(139,'Can delete Pabellon',35,'delete_pabellon'),(140,'Can view Pabellon',35,'view_pabellon'),(141,'Can add Material de clase',36,'add_material_curso'),(142,'Can change Material de clase',36,'change_material_curso'),(143,'Can delete Material de clase',36,'delete_material_curso'),(144,'Can view Material de clase',36,'view_material_curso'),(145,'Can add Inscripcion',37,'add_inscripcion'),(146,'Can change Inscripcion',37,'change_inscripcion'),(147,'Can delete Inscripcion',37,'delete_inscripcion'),(148,'Can view Inscripcion',37,'view_inscripcion'),(149,'Can add Detalle Horario Curso',38,'add_horario_curso'),(150,'Can change Detalle Horario Curso',38,'change_horario_curso'),(151,'Can delete Detalle Horario Curso',38,'delete_horario_curso'),(152,'Can view Detalle Horario Curso',38,'view_horario_curso'),(153,'Can add Examen ciclo',39,'add_examenciclo'),(154,'Can change Examen ciclo',39,'change_examenciclo'),(155,'Can delete Examen ciclo',39,'delete_examenciclo'),(156,'Can view Examen ciclo',39,'view_examenciclo'),(157,'Can add Notas Estudiante Por Curso',40,'add_estudiante_notas_por_curso'),(158,'Can change Notas Estudiante Por Curso',40,'change_estudiante_notas_por_curso'),(159,'Can delete Notas Estudiante Por Curso',40,'delete_estudiante_notas_por_curso'),(160,'Can view Notas Estudiante Por Curso',40,'view_estudiante_notas_por_curso'),(161,'Can add Horario de estudiante',41,'add_estudiante_horario'),(162,'Can change Horario de estudiante',41,'change_estudiante_horario'),(163,'Can delete Horario de estudiante',41,'delete_estudiante_horario'),(164,'Can view Horario de estudiante',41,'view_estudiante_horario'),(165,'Can add Documento de Inscripcion - Revision',42,'add_documentos_inscripcion_revision'),(166,'Can change Documento de Inscripcion - Revision',42,'change_documentos_inscripcion_revision'),(167,'Can delete Documento de Inscripcion - Revision',42,'delete_documentos_inscripcion_revision'),(168,'Can view Documento de Inscripcion - Revision',42,'view_documentos_inscripcion_revision'),(169,'Can add Documento de Publicacion',43,'add_documento_publicacion'),(170,'Can change Documento de Publicacion',43,'change_documento_publicacion'),(171,'Can delete Documento de Publicacion',43,'delete_documento_publicacion'),(172,'Can view Documento de Publicacion',43,'view_documento_publicacion'),(173,'Can add Detalle Pago',44,'add_detalle_pago'),(174,'Can change Detalle Pago',44,'change_detalle_pago'),(175,'Can delete Detalle Pago',44,'delete_detalle_pago'),(176,'Can view Detalle Pago',44,'view_detalle_pago'),(177,'Can add Comentario de clase',45,'add_comentarios_clase'),(178,'Can change Comentario de clase',45,'change_comentarios_clase'),(179,'Can delete Comentario de clase',45,'delete_comentarios_clase'),(180,'Can view Comentario de clase',45,'view_comentarios_clase'),(181,'Can add Asistencia Estudiante',46,'add_asistencia_estudiante'),(182,'Can change Asistencia Estudiante',46,'change_asistencia_estudiante'),(183,'Can delete Asistencia Estudiante',46,'delete_asistencia_estudiante'),(184,'Can view Asistencia Estudiante',46,'view_asistencia_estudiante'),(185,'Can add Asistencia Docente',47,'add_asistencia_docente'),(186,'Can change Asistencia Docente',47,'change_asistencia_docente'),(187,'Can delete Asistencia Docente',47,'delete_asistencia_docente'),(188,'Can view Asistencia Docente',47,'view_asistencia_docente'),(189,'Can add Alternativas',48,'add_alternativas_balotario'),(190,'Can change Alternativas',48,'change_alternativas_balotario'),(191,'Can delete Alternativas',48,'delete_alternativas_balotario'),(192,'Can view Alternativas',48,'view_alternativas_balotario'),(193,'Can add Documento Solicitado Inscripcion',49,'add_documento_solicitado_ciclo'),(194,'Can change Documento Solicitado Inscripcion',49,'change_documento_solicitado_ciclo'),(195,'Can delete Documento Solicitado Inscripcion',49,'delete_documento_solicitado_ciclo'),(196,'Can view Documento Solicitado Inscripcion',49,'view_documento_solicitado_ciclo'),(197,'Can add Examen grupo de estudiantes',50,'add_examen_grupo_estudiante'),(198,'Can change Examen grupo de estudiantes',50,'change_examen_grupo_estudiante'),(199,'Can delete Examen grupo de estudiantes',50,'delete_examen_grupo_estudiante'),(200,'Can view Examen grupo de estudiantes',50,'view_examen_grupo_estudiante'),(201,'Can add Docente Curso',51,'add_docente_curso'),(202,'Can change Docente Curso',51,'change_docente_curso'),(203,'Can delete Docente Curso',51,'delete_docente_curso'),(204,'Can view Docente Curso',51,'view_docente_curso');
/*!40000 ALTER TABLE `auth_permission` ENABLE KEYS */;
UNLOCK TABLES;

--
-- Table structure for table `django_admin_log`
--

DROP TABLE IF EXISTS `django_admin_log`;
/*!40101 SET @saved_cs_client     = @@character_set_client */;
/*!40101 SET character_set_client = utf8 */;
CREATE TABLE `django_admin_log` (
  `id` int(11) NOT NULL AUTO_INCREMENT,
  `action_time` datetime(6) NOT NULL,
  `object_id` longtext,
  `object_repr` varchar(200) NOT NULL,
  `action_flag` smallint(5) unsigned NOT NULL,
  `change_message` longtext NOT NULL,
  `content_type_id` int(11) DEFAULT NULL,
  `user_id` bigint(20) NOT NULL,
  PRIMARY KEY (`id`),
  KEY `django_admin_log_content_type_id_c4bce8eb_fk_django_co` (`content_type_id`),
  KEY `django_admin_log_user_id_c564eba6_fk_app_customuser_id` (`user_id`),
  CONSTRAINT `django_admin_log_content_type_id_c4bce8eb_fk_django_co` FOREIGN KEY (`content_type_id`) REFERENCES `django_content_type` (`id`),
  CONSTRAINT `django_admin_log_user_id_c564eba6_fk_app_customuser_id` FOREIGN KEY (`user_id`) REFERENCES `app_customuser` (`id`)
) ENGINE=InnoDB DEFAULT CHARSET=latin1;
/*!40101 SET character_set_client = @saved_cs_client */;

--
-- Dumping data for table `django_admin_log`
--

LOCK TABLES `django_admin_log` WRITE;
/*!40000 ALTER TABLE `django_admin_log` DISABLE KEYS */;
/*!40000 ALTER TABLE `django_admin_log` ENABLE KEYS */;
UNLOCK TABLES;

--
-- Table structure for table `django_content_type`
--

DROP TABLE IF EXISTS `django_content_type`;
/*!40101 SET @saved_cs_client     = @@character_set_client */;
/*!40101 SET character_set_client = utf8 */;
CREATE TABLE `django_content_type` (
  `id` int(11) NOT NULL AUTO_INCREMENT,
  `app_label` varchar(100) NOT NULL,
  `model` varchar(100) NOT NULL,
  PRIMARY KEY (`id`),
  UNIQUE KEY `django_content_type_app_label_model_76bd3d3b_uniq` (`app_label`,`model`)
) ENGINE=InnoDB AUTO_INCREMENT=52 DEFAULT CHARSET=latin1;
/*!40101 SET character_set_client = @saved_cs_client */;

--
-- Dumping data for table `django_content_type`
--

LOCK TABLES `django_content_type` WRITE;
/*!40000 ALTER TABLE `django_content_type` DISABLE KEYS */;
INSERT INTO `django_content_type` VALUES (1,'admin','logentry'),(7,'app','administrador'),(48,'app','alternativas_balotario'),(47,'app','asistencia_docente'),(46,'app','asistencia_estudiante'),(8,'app','aula'),(9,'app','balota_preguntas_curso'),(10,'app','ciclo'),(11,'app','colegio'),(45,'app','comentarios_clase'),(12,'app','compromiso_pago'),(6,'app','customuser'),(13,'app','detalle_compromiso_de_pago'),(44,'app','detalle_pago'),(14,'app','docente'),(51,'app','docente_curso'),(15,'app','documentos_inscripcion'),(42,'app','documentos_inscripcion_revision'),(43,'app','documento_publicacion'),(49,'app','documento_solicitado_ciclo'),(16,'app','escuela_profesional'),(17,'app','estudiante'),(41,'app','estudiante_horario'),(40,'app','estudiante_notas_por_curso'),(18,'app','examen'),(39,'app','examenciclo'),(19,'app','examen_estudiante'),(20,'app','examen_grupo'),(50,'app','examen_grupo_estudiante'),(21,'app','grupo_academico'),(22,'app','horario'),(38,'app','horario_curso'),(37,'app','inscripcion'),(36,'app','material_curso'),(35,'app','pabellon'),(23,'app','padron_curso'),(34,'app','padron_cursos_grupo'),(24,'app','padron_documento_requisito'),(25,'app','pago'),(26,'app','persona'),(27,'app','preguntas_examen_grupo'),(33,'app','preinscripcion'),(32,'app','registro_tesoreria'),(31,'app','resultados_examen_estudiante'),(30,'app','sede'),(28,'app','tabla_configuraciones'),(29,'app','ubigeo'),(3,'auth','group'),(2,'auth','permission'),(4,'contenttypes','contenttype'),(5,'sessions','session');
/*!40000 ALTER TABLE `django_content_type` ENABLE KEYS */;
UNLOCK TABLES;

--
-- Table structure for table `django_migrations`
--

DROP TABLE IF EXISTS `django_migrations`;
/*!40101 SET @saved_cs_client     = @@character_set_client */;
/*!40101 SET character_set_client = utf8 */;
CREATE TABLE `django_migrations` (
  `id` bigint(20) NOT NULL AUTO_INCREMENT,
  `app` varchar(255) NOT NULL,
  `name` varchar(255) NOT NULL,
  `applied` datetime(6) NOT NULL,
  PRIMARY KEY (`id`)
) ENGINE=InnoDB AUTO_INCREMENT=36 DEFAULT CHARSET=latin1;
/*!40101 SET character_set_client = @saved_cs_client */;

--
-- Dumping data for table `django_migrations`
--

LOCK TABLES `django_migrations` WRITE;
/*!40000 ALTER TABLE `django_migrations` DISABLE KEYS */;
INSERT INTO `django_migrations` VALUES (1,'contenttypes','0001_initial','2022-06-14 10:43:28.075218'),(2,'contenttypes','0002_remove_content_type_name','2022-06-14 10:43:30.372047'),(3,'auth','0001_initial','2022-06-14 10:43:40.352012'),(4,'auth','0002_alter_permission_name_max_length','2022-06-14 10:43:40.690252'),(5,'auth','0003_alter_user_email_max_length','2022-06-14 10:43:40.838655'),(6,'auth','0004_alter_user_username_opts','2022-06-14 10:43:40.962545'),(7,'auth','0005_alter_user_last_login_null','2022-06-14 10:43:41.065280'),(8,'auth','0006_require_contenttypes_0002','2022-06-14 10:43:41.135392'),(9,'auth','0007_alter_validators_add_error_messages','2022-06-14 10:43:41.210425'),(10,'auth','0008_alter_user_username_max_length','2022-06-14 10:43:41.286390'),(11,'auth','0009_alter_user_last_name_max_length','2022-06-14 10:43:41.362292'),(12,'auth','0010_alter_group_name_max_length','2022-06-14 10:43:41.677617'),(13,'auth','0011_update_proxy_permissions','2022-06-14 10:43:41.770168'),(14,'auth','0012_alter_user_first_name_max_length','2022-06-14 10:43:41.846574'),(15,'app','0001_initial','2022-06-14 10:49:43.077785'),(16,'admin','0001_initial','2022-06-14 10:49:52.265728'),(17,'admin','0002_logentry_remove_auto_add','2022-06-14 10:49:52.395660'),(18,'admin','0003_logentry_add_action_flag_choices','2022-06-14 10:49:52.538904'),(19,'app','0002_alter_asistencia_docente_fecha_sesion','2022-06-14 10:49:52.744398'),(20,'app','0003_alter_asistencia_docente_id_horario','2022-06-14 10:49:53.075188'),(21,'app','0004_auto_20220124_0939','2022-06-14 10:49:55.469100'),(22,'app','0005_auto_20220311_2003','2022-06-14 10:50:08.622382'),(23,'app','0006_examen_examen_rendido','2022-06-14 10:50:11.873562'),(24,'app','0007_auto_20220314_1828','2022-06-14 10:50:47.273551'),(25,'app','0008_alter_examen_estudiante_nota_promedio','2022-06-14 10:51:01.401404'),(26,'app','0009_resultados_examen_estudiante_nro_pregunta','2022-06-14 10:51:06.655066'),(27,'app','0010_alter_examen_estudiante_unique_together','2022-06-14 10:51:12.796960'),(28,'app','0011_auto_20220401_1857','2022-06-14 10:51:26.832049'),(29,'app','0012_alter_balota_preguntas_curso_img_pregunta','2022-06-14 10:51:27.224304'),(30,'sessions','0001_initial','2022-06-14 10:51:32.902839'),(31,'app','0013_alter_examen_estudiante_nota_promedio','2022-07-11 22:08:58.753196'),(32,'app','0014_auto_20220902_1326','2022-09-02 15:31:45.437109'),(33,'app','0015_tabla_configuraciones_estado','2022-09-02 16:26:47.452820'),(34,'app','0016_auto_20220919_1927','2022-09-19 20:53:43.365985'),(35,'app','0017_auto_20221007_1457','2022-10-07 15:42:46.959294');
/*!40000 ALTER TABLE `django_migrations` ENABLE KEYS */;
UNLOCK TABLES;

--
-- Table structure for table `django_session`
--

DROP TABLE IF EXISTS `django_session`;
/*!40101 SET @saved_cs_client     = @@character_set_client */;
/*!40101 SET character_set_client = utf8 */;
CREATE TABLE `django_session` (
  `session_key` varchar(40) NOT NULL,
  `session_data` longtext NOT NULL,
  `expire_date` datetime(6) NOT NULL,
  PRIMARY KEY (`session_key`),
  KEY `django_session_expire_date_a5c62663` (`expire_date`)
) ENGINE=InnoDB DEFAULT CHARSET=latin1;
/*!40101 SET character_set_client = @saved_cs_client */;

--
-- Dumping data for table `django_session`
--

LOCK TABLES `django_session` WRITE;
/*!40000 ALTER TABLE `django_session` DISABLE KEYS */;
INSERT INTO `django_session` VALUES ('242510lkxqv8l80f9smuujvqtjfbx87e','.eJxVjEEOwiAQRe_C2hDqQAGX7nsGMsMMUjVtUtqV8e7apAvd_vfef6mE21rT1mRJI6uLsur0uxHmh0w74DtOt1nneVqXkfSu6IM2Pcwsz-vh_h1UbPVbe8Ig2Qj1dC6RrUiIPhPZzkMBg5G7ngnAGm8M5Qgcijiw2DM4h169PwpqOGM:1oYIEn:MmWe5EaEKDb8e3vwmM2fssDvLbRq6E-iFY2jWEZgYzQ','2022-09-27 21:34:53.115847'),('2qk5atgv7dwjl7ym1ceny6t5aycagsqq','.eJxVjDsOwjAQBe_iGln2epN4Kek5g7X-LA6gRIqTCnF3iJQC2jcz76UCb2sNWytLGLM6K6tOv1vk9CjTDvKdp9us0zytyxj1ruiDNn2dc3leDvfvoHKr3xoImb0DgizSSTEQmV1vs-mM9TY57wVhICJvHIoQCRYcvM0Igj2o9wfPCzb5:1o1W8S:Dw2d9jPiU8JR6CkxRINX29qbCZYauiSRxSStMJ0V8qc','2022-06-29 11:44:52.793738'),('8vk5wge0lgmo73bhfo3bzulgiz1jbign','.eJxVjEEOwiAQRe_C2hDqQAGX7nsGMsMMUjVtUtqV8e7apAvd_vfef6mE21rT1mRJI6uLsur0uxHmh0w74DtOt1nneVqXkfSu6IM2Pcwsz-vh_h1UbPVbe8Ig2Qj1dC6RrUiIPhPZzkMBg5G7ngnAGm8M5Qgcijiw2DM4h169PwpqOGM:1o73QQ:7s0SY9gDuHYrskh0M26VUheVyxC6rf0libCBBkJl5Ks','2022-07-14 18:18:18.971367'),('kie09xn2aztl8e9ffcz8k9zuc4ols8em','.eJxVjEEOwiAQRe_C2hDqQAGX7nsGMsMMUjVtUtqV8e7apAvd_vfef6mE21rT1mRJI6uLsur0uxHmh0w74DtOt1nneVqXkfSu6IM2Pcwsz-vh_h1UbPVbe8Ig2Qj1dC6RrUiIPhPZzkMBg5G7ngnAGm8M5Qgcijiw2DM4h169PwpqOGM:1oaUxq:-iuzIsLn19M6Mj34SfVfAn58BzO_ctgQ7eP011n32z8','2022-10-03 23:34:30.562778'),('km1k863ymv2m0hnip8pkg5rsywszpzh3','.eJxVjEEOwiAQRe_C2hDqQAGX7nsGMsMMUjVtUtqV8e7apAvd_vfef6mE21rT1mRJI6uLsur0uxHmh0w74DtOt1nneVqXkfSu6IM2Pcwsz-vh_h1UbPVbe8Ig2Qj1dC6RrUiIPhPZzkMBg5G7ngnAGm8M5Qgcijiw2DM4h169PwpqOGM:1oSmY8:cdPGJ31aDvkXyD8AQRI4I4OH5Zi05BR3qTo7Kjp02mI','2022-09-12 16:44:04.216141'),('odxn02e8lm3xppudxb8ti8x8kmadorwz','.eJxVjEEOwiAQRe_C2hDqQAGX7nsGMsMMUjVtUtqV8e7apAvd_vfef6mE21rT1mRJI6uLsur0uxHmh0w74DtOt1nneVqXkfSu6IM2Pcwsz-vh_h1UbPVbe8Ig2Qj1dC6RrUiIPhPZzkMBg5G7ngnAGm8M5Qgcijiw2DM4h169PwpqOGM:1oguFS:RUFwbv7oG5YPD16TIvosZUlgNCSxhjkqKKdXmGgqL0Y','2022-10-21 15:47:10.658694'),('puk6l8ykewnok22svhk0q7mzq5kxicwz','.eJxVjEEOwiAQRe_C2hDqQAGX7nsGMsMMUjVtUtqV8e7apAvd_vfef6mE21rT1mRJI6uLsur0uxHmh0w74DtOt1nneVqXkfSu6IM2Pcwsz-vh_h1UbPVbe8Ig2Qj1dC6RrUiIPhPZzkMBg5G7ngnAGm8M5Qgcijiw2DM4h169PwpqOGM:1oUBIW:hAKKTA4Qdp49I6A8BneoyVFLQ7y6QgPatOxz-mGdfq8','2022-09-16 13:21:44.480541');
/*!40000 ALTER TABLE `django_session` ENABLE KEYS */;
UNLOCK TABLES;
/*!40103 SET TIME_ZONE=@OLD_TIME_ZONE */;

/*!40101 SET SQL_MODE=@OLD_SQL_MODE */;
/*!40014 SET FOREIGN_KEY_CHECKS=@OLD_FOREIGN_KEY_CHECKS */;
/*!40014 SET UNIQUE_CHECKS=@OLD_UNIQUE_CHECKS */;
/*!40101 SET CHARACTER_SET_CLIENT=@OLD_CHARACTER_SET_CLIENT */;
/*!40101 SET CHARACTER_SET_RESULTS=@OLD_CHARACTER_SET_RESULTS */;
/*!40101 SET COLLATION_CONNECTION=@OLD_COLLATION_CONNECTION */;
/*!40111 SET SQL_NOTES=@OLD_SQL_NOTES */;

-- Dump completed on 2023-01-04 13:00:02
